[08:34:40] [main/INFO]: ModLauncher running: args [--username, ben10, --version, congtrinh, --gameDir, D:\Tlauncher\versions\congtrinh, --assetsDir, D:\Tlauncher\assets, --assetIndex, 5, --uuid, 36b99d9d04c44022870d4fcd4a8f418c, --accessToken, ????????, --clientId, null, --xuid, null, --userType, mojang, --versionType, modified, --width, 925, --height, 530, --launchTarget, forgeclient, --fml.forgeVersion, 47.4.10, --fml.mcVersion, 1.20.1, --fml.forgeGroup, net.minecraftforge, --fml.mcpVersion, 20230612.114412]
[08:34:40] [main/INFO]: ModLauncher 10.0.9+10.0.9+main.dcd20f30 starting: java version 17.0.15 by Microsoft; OS Windows 10 arch amd64 version 10.0
[08:34:44] [main/INFO]: Loading ImmediateWindowProvider fmlearlywindow
[08:34:45] [main/INFO]: Trying GL version 4.6
[08:34:45] [main/INFO]: Requested GL version 4.6 got version 4.6
[08:34:45] [main/INFO]: Mixin Transmogrifier is definitely up to no good...
[08:34:45] [main/INFO]: crimes against java were committed
[08:34:45] [main/INFO]: Original mixin transformation service successfully crobbed by mixin-transmogrifier!
[08:34:45] [main/INFO]: SpongePowered MIXIN Subsystem Version=0.8.5 Source=union:/D:/Tlauncher/versions/congtrinh/mods/Connector-1.0.0-beta.48+1.20.1.jar%23219%23222!/ Service=ModLauncher Env=CLIENT
[08:34:45] [pool-2-thread-1/INFO]: GL info: AMD Radeon(TM) Graphics GL version 4.6.0 Core Profile Context 24.10.38.15.241209, ATI Technologies Inc.
[08:34:45] [main/INFO]: Found mod file Connector-1.0.0-beta.48+1.20.1-mod.jar of type MOD with provider org.sinytra.connector.locator.ConnectorEarlyLocator@6daf2337
[08:34:46] [main/INFO]: Found mod file architectury-9.2.14-forge.jar of type MOD with provider {mods folder locator at D:\Tlauncher\versions\congtrinh\mods}
[08:34:46] [main/INFO]: Found mod file ba_bt-1.20.1-3.0.0-beta3.2.1.jar of type MOD with provider {mods folder locator at D:\Tlauncher\versions\congtrinh\mods}
[08:34:46] [main/INFO]: Found mod file better_structure_block-forge1.20.1-2.1.0-all.jar of type MOD with provider {mods folder locator at D:\Tlauncher\versions\congtrinh\mods}
[08:34:46] [main/INFO]: Found mod file Bookshelf-Forge-1.20.1-20.2.15.jar of type MOD with provider {mods folder locator at D:\Tlauncher\versions\congtrinh\mods}
[08:34:46] [main/INFO]: Found mod file buildinggadgets2-1.0.8.jar of type MOD with provider {mods folder locator at D:\Tlauncher\versions\congtrinh\mods}
[08:34:46] [main/INFO]: Found mod file chefsdelight-1.0.4-forge-1.20.1.jar of type MOD with provider {mods folder locator at D:\Tlauncher\versions\congtrinh\mods}
[08:34:46] [main/INFO]: Found mod file church_of_sin_Forge_v1.0.jar of type MOD with provider {mods folder locator at D:\Tlauncher\versions\congtrinh\mods}
[08:34:46] [main/INFO]: Found mod file citadel-2.6.3-1.20.1.jar of type MOD with provider {mods folder locator at D:\Tlauncher\versions\congtrinh\mods}
[08:34:46] [main/INFO]: Found mod file CNPC-EpicFight-Addon-1.20.1-20.10.1.jar of type MOD with provider {mods folder locator at D:\Tlauncher\versions\congtrinh\mods}
[08:34:46] [main/INFO]: Found mod file collective-1.20.1-8.20.jar of type MOD with provider {mods folder locator at D:\Tlauncher\versions\congtrinh\mods}
[08:34:46] [main/INFO]: Found mod file CombatEvolution-2.1.6.jar of type MOD with provider {mods folder locator at D:\Tlauncher\versions\congtrinh\mods}
[08:34:46] [main/INFO]: Found mod file curios-forge-5.14.1+1.20.1 (1).jar of type MOD with provider {mods folder locator at D:\Tlauncher\versions\congtrinh\mods}
[08:34:46] [main/INFO]: Found mod file curios-forge-5.14.1+1.20.1.jar of type MOD with provider {mods folder locator at D:\Tlauncher\versions\congtrinh\mods}
[08:34:46] [main/INFO]: Found mod file CustomNPCs-1.20.1-GBPort-Unofficial-1.20.1.20260227.jar of type MOD with provider {mods folder locator at D:\Tlauncher\versions\congtrinh\mods}
[08:34:46] [main/INFO]: Found mod file entityjs-0.6.7-1.20.1.jar of type MOD with provider {mods folder locator at D:\Tlauncher\versions\congtrinh\mods}
[08:34:46] [main/INFO]: Found mod file epic-fight-20.14.17-mc1.20.1-forge.jar of type MOD with provider {mods folder locator at D:\Tlauncher\versions\congtrinh\mods}
[08:34:46] [main/INFO]: Found mod file epic-fight-invincible-lib-20.14.8.2-mc1.20.1-forge.jar of type MOD with provider {mods folder locator at D:\Tlauncher\versions\congtrinh\mods}
[08:34:46] [main/INFO]: Found mod file epic_fight_avalon-20.12.6.4.jar of type MOD with provider {mods folder locator at D:\Tlauncher\versions\congtrinh\mods}
[08:34:46] [main/INFO]: Found mod file EpicFight Nightfall-3.3.1.jar of type MOD with provider {mods folder locator at D:\Tlauncher\versions\congtrinh\mods}
[08:34:46] [main/INFO]: Found mod file epicfight-extra-1.2-mc1.20.1-forge-all.jar of type MOD with provider {mods folder locator at D:\Tlauncher\versions\congtrinh\mods}
[08:34:46] [main/INFO]: Found mod file ExplorersCompass-1.20.1-1.4.0-forge.jar of type MOD with provider {mods folder locator at D:\Tlauncher\versions\congtrinh\mods}
[08:34:46] [main/INFO]: Found mod file fabric-api-0.92.6+1.11.14+1.20.1 (1).jar of type MOD with provider {mods folder locator at D:\Tlauncher\versions\congtrinh\mods}
[08:34:46] [main/INFO]: Found mod file fantasy_armor-forge-1.2.4-1.20.1.jar of type MOD with provider {mods folder locator at D:\Tlauncher\versions\congtrinh\mods}
[08:34:46] [main/INFO]: Found mod file FarmersDelight-1.20.1-1.2.11.jar of type MOD with provider {mods folder locator at D:\Tlauncher\versions\congtrinh\mods}
[08:34:46] [main/INFO]: Found mod file ftb-library-forge-2001.2.12.jar of type MOD with provider {mods folder locator at D:\Tlauncher\versions\congtrinh\mods}
[08:34:46] [main/INFO]: Found mod file GameStages-Forge-1.20.1-15.0.2.jar of type MOD with provider {mods folder locator at D:\Tlauncher\versions\congtrinh\mods}
[08:34:46] [main/INFO]: Found mod file geckolib-forge-1.20.1-4.8.3.jar of type MOD with provider {mods folder locator at D:\Tlauncher\versions\congtrinh\mods}
[08:34:46] [main/INFO]: Found mod file GlobalGameRules-1.20.1-8.1.0.12.jar of type MOD with provider {mods folder locator at D:\Tlauncher\versions\congtrinh\mods}
[08:34:46] [main/INFO]: Found mod file iceandfire-2.1.13-1.20.1-beta-5.jar of type MOD with provider {mods folder locator at D:\Tlauncher\versions\congtrinh\mods}
[08:34:46] [main/INFO]: Found mod file incontrol-1.20-9.4.6.jar of type MOD with provider {mods folder locator at D:\Tlauncher\versions\congtrinh\mods}
[08:34:46] [main/INFO]: Found mod file indestructible-20.13.0.jar of type MOD with provider {mods folder locator at D:\Tlauncher\versions\congtrinh\mods}
[08:34:46] [main/INFO]: Found mod file irons_lib-1.20.1-1.0.2.jar of type MOD with provider {mods folder locator at D:\Tlauncher\versions\congtrinh\mods}
[08:34:46] [main/INFO]: Found mod file irons_spellbooks-1.20.1-3.15.6.jar of type MOD with provider {mods folder locator at D:\Tlauncher\versions\congtrinh\mods}
[08:34:46] [main/INFO]: Found mod file jei-1.20.1-forge-15.20.0.129.jar of type MOD with provider {mods folder locator at D:\Tlauncher\versions\congtrinh\mods}
[08:34:46] [main/INFO]: Found mod file journeymap-1.20.1-5.10.3-forge.jar of type MOD with provider {mods folder locator at D:\Tlauncher\versions\congtrinh\mods}
[08:34:46] [main/INFO]: Found mod file kube-utils-20.1.1.jar of type MOD with provider {mods folder locator at D:\Tlauncher\versions\congtrinh\mods}
[08:34:46] [main/INFO]: Found mod file kubejs-forge-2001.6.5-build.16.jar of type MOD with provider {mods folder locator at D:\Tlauncher\versions\congtrinh\mods}
[08:34:46] [main/INFO]: Found mod file L_Enders_Cataclysm-3.27-curios-fix.jar of type MOD with provider {mods folder locator at D:\Tlauncher\versions\congtrinh\mods}
[08:34:46] [main/INFO]: Found mod file lionfishapi-2.7.jar of type MOD with provider {mods folder locator at D:\Tlauncher\versions\congtrinh\mods}
[08:34:46] [main/INFO]: Found mod file lithostitched-forge-1.20.1-1.4.11.jar of type MOD with provider {mods folder locator at D:\Tlauncher\versions\congtrinh\mods}
[08:34:46] [main/INFO]: Found mod file moogs_structure_lib-1.1.0-1.20-1.20.4-forge.jar of type MOD with provider {mods folder locator at D:\Tlauncher\versions\congtrinh\mods}
[08:34:46] [main/INFO]: Found mod file MoogsVoyagerStructures-1.20-5.0.4.jar of type MOD with provider {mods folder locator at D:\Tlauncher\versions\congtrinh\mods}
[08:34:46] [main/INFO]: Found mod file morejs-forge-1.20.1-0.10.1.jar of type MOD with provider {mods folder locator at D:\Tlauncher\versions\congtrinh\mods}
[08:34:46] [main/INFO]: Found mod file p1nero_ec-20.14.0.8.jar of type MOD with provider {mods folder locator at D:\Tlauncher\versions\congtrinh\mods}
[08:34:46] [main/INFO]: Found mod file p1neros-dialogue-lib-2.3.0-mc1.20.1-forge.jar of type MOD with provider {mods folder locator at D:\Tlauncher\versions\congtrinh\mods}
[08:34:46] [main/INFO]: Found mod file player-animation-lib-forge-1.0.2-rc1+1.20.jar of type MOD with provider {mods folder locator at D:\Tlauncher\versions\congtrinh\mods}
[08:34:46] [main/INFO]: Found mod file rhino-forge-2001.2.3-build.10.jar of type MOD with provider {mods folder locator at D:\Tlauncher\versions\congtrinh\mods}
[08:34:46] [main/INFO]: Found mod file sdm_ui_lib-forge-1.20.1-1.8.3.jar of type MOD with provider {mods folder locator at D:\Tlauncher\versions\congtrinh\mods}
[08:34:46] [main/INFO]: Found mod file sdmcore-forge-2001.4.0.jar of type MOD with provider {mods folder locator at D:\Tlauncher\versions\congtrinh\mods}
[08:34:46] [main/INFO]: Found mod file SDMEconomy-1.20.1-forge-2.2.0.jar of type MOD with provider {mods folder locator at D:\Tlauncher\versions\congtrinh\mods}
[08:34:46] [main/INFO]: Found mod file SDMShop-forge-1.20.1-7.2.2.jar of type MOD with provider {mods folder locator at D:\Tlauncher\versions\congtrinh\mods}
[08:34:46] [main/INFO]: Found mod file structure_void_toggle-forge-4.2.6+1.20.1.jar of type MOD with provider {mods folder locator at D:\Tlauncher\versions\congtrinh\mods}
[08:34:46] [main/INFO]: Found mod file superflat-dimensions-1.4.2 (1).jar of type MOD with provider {mods folder locator at D:\Tlauncher\versions\congtrinh\mods}
[08:34:46] [main/INFO]: Found mod file tl_skin_cape_forge_1.20_1.20.1-1.32.jar of type MOD with provider {mods folder locator at D:\Tlauncher\versions\congtrinh\mods}
[08:34:46] [main/INFO]: Found mod file tudigong-forge-1.20.1-1.3.5.jar of type MOD with provider {mods folder locator at D:\Tlauncher\versions\congtrinh\mods}
[08:34:46] [main/INFO]: Found mod file voidreapermod-1.0.0.jar of type MOD with provider {mods folder locator at D:\Tlauncher\versions\congtrinh\mods}
[08:34:46] [main/INFO]: Found mod file WeaponsOfMiracles-2.0.15-mc1.20.1-forge.jar of type MOD with provider {mods folder locator at D:\Tlauncher\versions\congtrinh\mods}
[08:34:46] [main/INFO]: Found mod file worldedit-mod-7.2.15.jar of type MOD with provider {mods folder locator at D:\Tlauncher\versions\congtrinh\mods}
[08:34:46] [main/WARN]: Mod file D:\Tlauncher\libraries\net\minecraftforge\fmlcore\1.20.1-47.4.10\fmlcore-1.20.1-47.4.10.jar is missing mods.toml file
[08:34:46] [main/WARN]: Mod file D:\Tlauncher\libraries\net\minecraftforge\javafmllanguage\1.20.1-47.4.10\javafmllanguage-1.20.1-47.4.10.jar is missing mods.toml file
[08:34:46] [main/WARN]: Mod file D:\Tlauncher\libraries\net\minecraftforge\lowcodelanguage\1.20.1-47.4.10\lowcodelanguage-1.20.1-47.4.10.jar is missing mods.toml file
[08:34:46] [main/WARN]: Mod file D:\Tlauncher\libraries\net\minecraftforge\mclanguage\1.20.1-47.4.10\mclanguage-1.20.1-47.4.10.jar is missing mods.toml file
[08:34:46] [main/INFO]: Found mod file fmlcore-1.20.1-47.4.10.jar of type LIBRARY with provider net.minecraftforge.fml.loading.moddiscovery.MinecraftLocator@40368a46
[08:34:46] [main/INFO]: Found mod file javafmllanguage-1.20.1-47.4.10.jar of type LANGPROVIDER with provider net.minecraftforge.fml.loading.moddiscovery.MinecraftLocator@40368a46
[08:34:46] [main/INFO]: Found mod file lowcodelanguage-1.20.1-47.4.10.jar of type LANGPROVIDER with provider net.minecraftforge.fml.loading.moddiscovery.MinecraftLocator@40368a46
[08:34:46] [main/INFO]: Found mod file mclanguage-1.20.1-47.4.10.jar of type LANGPROVIDER with provider net.minecraftforge.fml.loading.moddiscovery.MinecraftLocator@40368a46
[08:34:46] [main/INFO]: Found mod file client-1.20.1-20230612.114412-srg.jar of type MOD with provider net.minecraftforge.fml.loading.moddiscovery.MinecraftLocator@40368a46
[08:34:46] [main/INFO]: Found mod file forge-1.20.1-47.4.10-universal.jar of type MOD with provider net.minecraftforge.fml.loading.moddiscovery.MinecraftLocator@40368a46
[08:34:46] [main/WARN]: Attempted to select a dependency jar for JarJar which was passed in as source: invincible. Using Mod File: D:\Tlauncher\versions\congtrinh\mods\epic-fight-invincible-lib-20.14.8.2-mc1.20.1-forge.jar
[08:34:46] [main/WARN]: Attempted to select a dependency jar for JarJar which was passed in as source: geckolib. Using Mod File: D:\Tlauncher\versions\congtrinh\mods\geckolib-forge-1.20.1-4.8.3.jar
[08:34:46] [main/INFO]: Found 51 dependencies adding them to mods collection
[08:34:46] [main/INFO]: Found mod file fabric-dimensions-v1-2.1.55+8005d10d77.jar of type MOD with provider net.minecraftforge.fml.loading.moddiscovery.JarInJarDependencyLocator@8851ce1
[08:34:46] [main/INFO]: Found mod file fabric-transfer-api-v1-3.3.6+631c9cd677.jar of type MOD with provider net.minecraftforge.fml.loading.moddiscovery.JarInJarDependencyLocator@8851ce1
[08:34:46] [main/INFO]: Found mod file Connector-1.0.0-beta.48+1.20.1-fabricloader.jar of type LIBRARY with provider net.minecraftforge.fml.loading.moddiscovery.JarInJarDependencyLocator@8851ce1
[08:34:46] [main/INFO]: Found mod file fabric-renderer-api-v1-3.2.2+cf68abbe77.jar of type MOD with provider net.minecraftforge.fml.loading.moddiscovery.JarInJarDependencyLocator@8851ce1
[08:34:46] [main/INFO]: Found mod file fabric-item-api-v1-2.1.29+4d0bbcfa77.jar of type MOD with provider net.minecraftforge.fml.loading.moddiscovery.JarInJarDependencyLocator@8851ce1
[08:34:46] [main/INFO]: Found mod file fabric-model-loading-api-v1-1.0.4+6274ab9d77.jar of type MOD with provider net.minecraftforge.fml.loading.moddiscovery.JarInJarDependencyLocator@8851ce1
[08:34:46] [main/INFO]: Found mod file fabric-rendering-fluids-v1-3.0.29+4ac5e37a77.jar of type MOD with provider net.minecraftforge.fml.loading.moddiscovery.JarInJarDependencyLocator@8851ce1
[08:34:46] [main/INFO]: Found mod file fabric-screen-handler-api-v1-1.3.33+561530ec77.jar of type MOD with provider net.minecraftforge.fml.loading.moddiscovery.JarInJarDependencyLocator@8851ce1
[08:34:46] [main/INFO]: Found mod file mixinextras-forge-0.5.3.jar of type GAMELIBRARY with provider net.minecraftforge.fml.loading.moddiscovery.JarInJarDependencyLocator@8851ce1
[08:34:46] [main/INFO]: Found mod file fabric-models-v0-0.4.3+7c3892a477.jar of type MOD with provider net.minecraftforge.fml.loading.moddiscovery.JarInJarDependencyLocator@8851ce1
[08:34:46] [main/INFO]: Found mod file fabric-resource-loader-v0-0.11.12+4b4151c077.jar of type MOD with provider net.minecraftforge.fml.loading.moddiscovery.JarInJarDependencyLocator@8851ce1
[08:34:46] [main/INFO]: Found mod file mclib-20.jar of type GAMELIBRARY with provider net.minecraftforge.fml.loading.moddiscovery.JarInJarDependencyLocator@8851ce1
[08:34:46] [main/INFO]: Found mod file fabric-rendering-v1-3.0.9+66e9a48f77.jar of type MOD with provider net.minecraftforge.fml.loading.moddiscovery.JarInJarDependencyLocator@8851ce1
[08:34:46] [main/INFO]: Found mod file fabric-renderer-indigo-1.5.3+b5b2da4177.jar of type MOD with provider net.minecraftforge.fml.loading.moddiscovery.JarInJarDependencyLocator@8851ce1
[08:34:46] [main/INFO]: Found mod file fabric-convention-tags-v1-1.5.6+fa3d1c0177.jar of type MOD with provider net.minecraftforge.fml.loading.moddiscovery.JarInJarDependencyLocator@8851ce1
[08:34:46] [main/INFO]: Found mod file fabric-mining-level-api-v1-2.1.52+561530ec77.jar of type MOD with provider net.minecraftforge.fml.loading.moddiscovery.JarInJarDependencyLocator@8851ce1
[08:34:46] [main/INFO]: Found mod file fabric-command-api-v1-1.2.35+f71b366f77.jar of type MOD with provider net.minecraftforge.fml.loading.moddiscovery.JarInJarDependencyLocator@8851ce1
[08:34:46] [main/INFO]: Found mod file fabric-block-view-api-v2-1.0.3+53347ba977.jar of type MOD with provider net.minecraftforge.fml.loading.moddiscovery.JarInJarDependencyLocator@8851ce1
[08:34:46] [main/INFO]: Found mod file fabric-command-api-v2-2.2.14+561530ec77.jar of type MOD with provider net.minecraftforge.fml.loading.moddiscovery.JarInJarDependencyLocator@8851ce1
[08:34:46] [main/INFO]: Found mod file fabric-data-attachment-api-v1-1.0.2+30ef839e77.jar of type MOD with provider net.minecraftforge.fml.loading.moddiscovery.JarInJarDependencyLocator@8851ce1
[08:34:46] [main/INFO]: Found mod file MixinExtras-0.5.3.jar of type GAMELIBRARY with provider net.minecraftforge.fml.loading.moddiscovery.JarInJarDependencyLocator@8851ce1
[08:34:46] [main/INFO]: Found mod file guhaos-vix-1531111-8031583.jar of type MOD with provider net.minecraftforge.fml.loading.moddiscovery.JarInJarDependencyLocator@8851ce1
[08:34:46] [main/INFO]: Found mod file fabric-screen-api-v1-2.0.9+45a670a577.jar of type MOD with provider net.minecraftforge.fml.loading.moddiscovery.JarInJarDependencyLocator@8851ce1
[08:34:46] [main/INFO]: Found mod file fabric-particles-v1-1.1.3+78e1ecb877.jar of type MOD with provider net.minecraftforge.fml.loading.moddiscovery.JarInJarDependencyLocator@8851ce1
[08:34:46] [main/INFO]: Found mod file fabric-content-registries-v0-4.0.13+a670df1e77.jar of type MOD with provider net.minecraftforge.fml.loading.moddiscovery.JarInJarDependencyLocator@8851ce1
[08:34:46] [main/INFO]: Found mod file fabric-transitive-access-wideners-v1-4.3.2+1880499877.jar of type MOD with provider net.minecraftforge.fml.loading.moddiscovery.JarInJarDependencyLocator@8851ce1
[08:34:46] [main/INFO]: Found mod file fabric-game-rule-api-v1-1.0.41+683d4da877.jar of type MOD with provider net.minecraftforge.fml.loading.moddiscovery.JarInJarDependencyLocator@8851ce1
[08:34:46] [main/INFO]: Found mod file fabric-api-base-0.4.32+ef105b4977.jar of type MOD with provider net.minecraftforge.fml.loading.moddiscovery.JarInJarDependencyLocator@8851ce1
[08:34:46] [main/INFO]: Found mod file runtime-1.0.0+1.20.1.jar of type GAMELIBRARY with provider net.minecraftforge.fml.loading.moddiscovery.JarInJarDependencyLocator@8851ce1
[08:34:46] [main/INFO]: Found mod file fabric-api-lookup-api-v1-1.6.37+67f9824077.jar of type MOD with provider net.minecraftforge.fml.loading.moddiscovery.JarInJarDependencyLocator@8851ce1
[08:34:46] [main/INFO]: Found mod file fabric-blockrenderlayer-v1-1.1.42+1d0da21e77.jar of type MOD with provider net.minecraftforge.fml.loading.moddiscovery.JarInJarDependencyLocator@8851ce1
[08:34:46] [main/INFO]: Found mod file mixinsquared-forge-0.2.0-beta.6.jar of type GAMELIBRARY with provider net.minecraftforge.fml.loading.moddiscovery.JarInJarDependencyLocator@8851ce1
[08:34:46] [main/INFO]: Found mod file fabric-block-api-v1-1.0.12+0e6cb7f777.jar of type MOD with provider net.minecraftforge.fml.loading.moddiscovery.JarInJarDependencyLocator@8851ce1
[08:34:46] [main/INFO]: Found mod file fabric-resource-conditions-api-v1-2.3.9+996d00b277.jar of type MOD with provider net.minecraftforge.fml.loading.moddiscovery.JarInJarDependencyLocator@8851ce1
[08:34:46] [main/INFO]: Found mod file MixinSquared-0.2.0-beta.6.jar of type GAMELIBRARY with provider net.minecraftforge.fml.loading.moddiscovery.JarInJarDependencyLocator@8851ce1
[08:34:46] [main/INFO]: Found mod file fabric-item-group-api-v1-4.0.14+c9161c2d77.jar of type MOD with provider net.minecraftforge.fml.loading.moddiscovery.JarInJarDependencyLocator@8851ce1
[08:34:46] [main/INFO]: Found mod file fabric-biome-api-v1-13.0.14+dc36698e77.jar of type MOD with provider net.minecraftforge.fml.loading.moddiscovery.JarInJarDependencyLocator@8851ce1
[08:34:46] [main/INFO]: Found mod file fabric-entity-events-v1-1.6.1+4ca7515277.jar of type MOD with provider net.minecraftforge.fml.loading.moddiscovery.JarInJarDependencyLocator@8851ce1
[08:34:46] [main/INFO]: Found mod file fabric-registry-sync-v0-2.3.6+1c0ea72177.jar of type MOD with provider net.minecraftforge.fml.loading.moddiscovery.JarInJarDependencyLocator@8851ce1
[08:34:46] [main/INFO]: Found mod file fabric-recipe-api-v1-1.0.24+514a076577.jar of type MOD with provider net.minecraftforge.fml.loading.moddiscovery.JarInJarDependencyLocator@8851ce1
[08:34:46] [main/INFO]: Found mod file fabric-loot-api-v2-1.2.3+eb28f93e77.jar of type MOD with provider net.minecraftforge.fml.loading.moddiscovery.JarInJarDependencyLocator@8851ce1
[08:34:46] [main/INFO]: Found mod file fabric-object-builder-api-v1-11.1.5+f8c414ce77.jar of type MOD with provider net.minecraftforge.fml.loading.moddiscovery.JarInJarDependencyLocator@8851ce1
[08:34:46] [main/INFO]: Found mod file fabric-rendering-data-attachment-v1-0.3.39+a6081afc77.jar of type MOD with provider net.minecraftforge.fml.loading.moddiscovery.JarInJarDependencyLocator@8851ce1
[08:34:46] [main/INFO]: Found mod file fabric-networking-api-v1-1.3.14+fb7c822677.jar of type MOD with provider net.minecraftforge.fml.loading.moddiscovery.JarInJarDependencyLocator@8851ce1
[08:34:46] [main/INFO]: Found mod file fabric-sound-api-v1-1.0.14+4f23bd8477.jar of type MOD with provider net.minecraftforge.fml.loading.moddiscovery.JarInJarDependencyLocator@8851ce1
[08:34:46] [main/INFO]: Found mod file fabric-message-api-v1-5.1.10+52cc178c77.jar of type MOD with provider net.minecraftforge.fml.loading.moddiscovery.JarInJarDependencyLocator@8851ce1
[08:34:46] [main/INFO]: Found mod file fabric-lifecycle-events-v1-2.2.23+afab492177.jar of type MOD with provider net.minecraftforge.fml.loading.moddiscovery.JarInJarDependencyLocator@8851ce1
[08:34:46] [main/INFO]: Found mod file fabric-data-generation-api-v1-12.3.7+369cb3a477.jar of type MOD with provider net.minecraftforge.fml.loading.moddiscovery.JarInJarDependencyLocator@8851ce1
[08:34:46] [main/INFO]: Found mod file fabric-events-interaction-v0-0.6.5+0f26153f77.jar of type MOD with provider net.minecraftforge.fml.loading.moddiscovery.JarInJarDependencyLocator@8851ce1
[08:34:46] [main/INFO]: Found mod file fabric-key-binding-api-v1-1.0.38+561530ec77.jar of type MOD with provider net.minecraftforge.fml.loading.moddiscovery.JarInJarDependencyLocator@8851ce1
[08:34:46] [main/INFO]: Found mod file fabric-client-tags-api-v1-1.1.3+5d6761b877.jar of type MOD with provider net.minecraftforge.fml.loading.moddiscovery.JarInJarDependencyLocator@8851ce1
[08:34:47] [main/INFO]: Fabric mod metadata not found in jar FastAsyncWorldEdit.Bukkit, ignoring
[08:34:49] [main/INFO]: Dependency resolution found 12 candidates to load
[08:34:52] [main/INFO]: Found mod file BBOutlineReloaded-2.6-1.20.1-fabric_mapped_srg_1.20.1.jar of type MOD with provider org.sinytra.connector.locator.ConnectorLocator@27a09971
[08:34:52] [main/INFO]: Found mod file blabber-1.6.2-mc1.20.1-standalone_mapped_srg_1.20.1.jar of type MOD with provider org.sinytra.connector.locator.ConnectorLocator@27a09971
[08:34:52] [main/INFO]: Found mod file cardinal-components-api-5.2.3_mapped_srg_1.20.1.jar of type MOD with provider org.sinytra.connector.locator.ConnectorLocator@27a09971
[08:34:52] [main/INFO]: Found mod file cardinal-components-api-5.2.3$cardinal-components-base-5.2.3_mapped_srg_1.20.1.jar of type MOD with provider org.sinytra.connector.locator.ConnectorLocator@27a09971
[08:34:52] [main/INFO]: Found mod file cardinal-components-api-5.2.3$cardinal-components-block-5.2.3_mapped_srg_1.20.1.jar of type MOD with provider org.sinytra.connector.locator.ConnectorLocator@27a09971
[08:34:52] [main/INFO]: Found mod file cardinal-components-api-5.2.3$cardinal-components-chunk-5.2.3_mapped_srg_1.20.1.jar of type MOD with provider org.sinytra.connector.locator.ConnectorLocator@27a09971
[08:34:52] [main/INFO]: Found mod file cardinal-components-api-5.2.3$cardinal-components-entity-5.2.3_mapped_srg_1.20.1.jar of type MOD with provider org.sinytra.connector.locator.ConnectorLocator@27a09971
[08:34:52] [main/INFO]: Found mod file cardinal-components-api-5.2.3$cardinal-components-item-5.2.3_mapped_srg_1.20.1.jar of type MOD with provider org.sinytra.connector.locator.ConnectorLocator@27a09971
[08:34:52] [main/INFO]: Found mod file cardinal-components-api-5.2.3$cardinal-components-level-5.2.3_mapped_srg_1.20.1.jar of type MOD with provider org.sinytra.connector.locator.ConnectorLocator@27a09971
[08:34:52] [main/INFO]: Found mod file cardinal-components-api-5.2.3$cardinal-components-scoreboard-5.2.3_mapped_srg_1.20.1.jar of type MOD with provider org.sinytra.connector.locator.ConnectorLocator@27a09971
[08:34:52] [main/INFO]: Found mod file cardinal-components-api-5.2.3$cardinal-components-world-5.2.3_mapped_srg_1.20.1.jar of type MOD with provider org.sinytra.connector.locator.ConnectorLocator@27a09971
[08:34:52] [main/INFO]: Found mod file blabber-1.6.2-mc1.20.1-standalone$fabric-permissions-api-0.2-SNAPSHOT_mapped_srg_1.20.1.jar of type MOD with provider org.sinytra.connector.locator.ConnectorLocator@27a09971
[08:34:53] [main/INFO]: Successfully made module authlib transformable
[08:34:55] [main/INFO]: Compatibility level set to JAVA_17
[08:34:56] [main/INFO]: Successfully loaded Mixin Connector [org.tlauncher.MixinConnector]
[08:34:56] [main/INFO]: Launching target 'forgeclient' with arguments [--version, congtrinh, --gameDir, D:\Tlauncher\versions\congtrinh, --assetsDir, D:\Tlauncher\assets, --uuid, 36b99d9d04c44022870d4fcd4a8f418c, --username, ben10, --assetIndex, 5, --accessToken, ????????, --clientId, null, --xuid, null, --userType, mojang, --versionType, modified, --width, 925, --height, 530]
[08:34:56] [main/WARN]: Reference map 'combat_evolution.refmap.json' for combat_evolution.mixins.json could not be read. If this is a development environment you can ignore this message
[08:34:56] [main/WARN]: Reference map 'SDMEconomy-1.20.1-common-common-refmap.json' for sdmeconomy.mixins.json could not be read. If this is a development environment you can ignore this message
[08:34:56] [main/WARN]: Reference map 'tudigong.refmap.json' for tudigong.mixins.json could not be read. If this is a development environment you can ignore this message
[08:34:57] [main/WARN]: Reference map 'sdmcore-common-common-refmap.json' for sdmcore.mixins.json could not be read. If this is a development environment you can ignore this message
[08:34:57] [main/WARN]: Reference map 'epicfight_animation.refmap.json' for epicfightx.mixins.json could not be read. If this is a development environment you can ignore this message
[08:34:57] [main/WARN]: Reference map '' for adapter.init.mixins.json could not be read. If this is a development environment you can ignore this message
[08:34:58] [main/WARN]: Error loading class: dev/emi/emi/screen/EmiScreenManager (java.lang.ClassNotFoundException: dev.emi.emi.screen.EmiScreenManager)
[08:34:58] [main/WARN]: @Mixin target dev.emi.emi.screen.EmiScreenManager was not found blabber.client.mixins.json:compat.emi.EmiScreenManagerMixin from mod blabber
[08:35:00] [main/WARN]: Error loading class: mezz/modnametooltip/TooltipEventHandler (java.lang.ClassNotFoundException: mezz.modnametooltip.TooltipEventHandler)
[08:35:00] [main/WARN]: Error loading class: me/shedaniel/rei/impl/client/ClientHelperImpl (java.lang.ClassNotFoundException: me.shedaniel.rei.impl.client.ClientHelperImpl)
[08:35:00] [main/WARN]: Error loading class: dev/tr7zw/skinlayers/versionless/render/CustomModelPart (java.lang.ClassNotFoundException: dev.tr7zw.skinlayers.versionless.render.CustomModelPart)
[08:35:00] [main/WARN]: @Mixin target dev.tr7zw.skinlayers.versionless.render.CustomModelPart was not found mixins.epicfight.json:skinlayers.MixinCustomModelPart from mod epicfight
[08:35:00] [main/WARN]: Error loading class: dev/tr7zw/skinlayers/versionless/render/CustomizableCube (java.lang.ClassNotFoundException: dev.tr7zw.skinlayers.versionless.render.CustomizableCube)
[08:35:00] [main/WARN]: @Mixin target dev.tr7zw.skinlayers.versionless.render.CustomizableCube was not found mixins.epicfight.json:skinlayers.MixinCustomizableCubeWrapper$SkinLayer3DMixinCustomModelCube from mod epicfight
[08:35:00] [main/WARN]: Error loading class: de/teamlapen/vampirism/client/renderer/entity/layers/VampirePlayerHeadLayer (java.lang.ClassNotFoundException: de.teamlapen.vampirism.client.renderer.entity.layers.VampirePlayerHeadLayer)
[08:35:00] [main/WARN]: @Mixin target de.teamlapen.vampirism.client.renderer.entity.layers.VampirePlayerHeadLayer was not found mixins.epicfight.json:teamlapen.MixinVampirePlayerHeadLayer from mod epicfight
[08:35:00] [main/WARN]: Error loading class: de/teamlapen/werewolves/client/render/layer/HumanWerewolfLayer (java.lang.ClassNotFoundException: de.teamlapen.werewolves.client.render.layer.HumanWerewolfLayer)
[08:35:00] [main/WARN]: @Mixin target de.teamlapen.werewolves.client.render.layer.HumanWerewolfLayer was not found mixins.epicfight.json:teamlapen.MixinHumanWerewolfLayer from mod epicfight
[08:35:01] [main/INFO]: Initializing MixinExtras via com.llamalad7.mixinextras.service.MixinExtrasServiceImpl(version=0.5.3).
[08:35:09] [pool-4-thread-1/WARN]: @Final field f_31427_:[I in mixins.epicfight.json:common.MixinWitherBoss from mod epicfight should be final
[08:35:09] [pool-4-thread-1/WARN]: @Final field f_31428_:[I in mixins.epicfight.json:common.MixinWitherBoss from mod epicfight should be final
[08:35:12] [Datafixer Bootstrap/INFO]: 188 Datafixer optimizations took 286 milliseconds
[08:35:13] [pool-4-thread-1/WARN]: defineId called for: class net.minecraft.world.entity.LivingEntity from class yesman.epicfight.world.capabilities.entitypatch.LivingEntityPatch
[08:35:13] [pool-4-thread-1/WARN]: defineId called for: class net.minecraft.world.entity.LivingEntity from class yesman.epicfight.world.capabilities.entitypatch.LivingEntityPatch
[08:35:13] [pool-4-thread-1/WARN]: defineId called for: class net.minecraft.world.entity.LivingEntity from class yesman.epicfight.world.capabilities.entitypatch.LivingEntityPatch
[08:35:13] [pool-4-thread-1/WARN]: defineId called for: class net.minecraft.world.entity.LivingEntity from class yesman.epicfight.world.capabilities.entitypatch.LivingEntityPatch
[08:35:13] [pool-4-thread-1/WARN]: defineId called for: class net.minecraft.world.entity.LivingEntity from class yesman.epicfight.world.capabilities.entitypatch.LivingEntityPatch
[08:35:13] [pool-4-thread-1/WARN]: defineId called for: class net.minecraft.world.entity.LivingEntity from class yesman.epicfight.world.capabilities.entitypatch.LivingEntityPatch
[08:35:13] [pool-4-thread-1/WARN]: defineId called for: class net.minecraft.world.entity.LivingEntity from class yesman.epicfight.world.capabilities.entitypatch.LivingEntityPatch
[08:35:13] [pool-4-thread-1/WARN]: defineId called for: class net.minecraft.world.entity.LivingEntity from class yesman.epicfight.world.capabilities.entitypatch.LivingEntityPatch
[08:35:13] [pool-4-thread-1/WARN]: defineId called for: class net.minecraft.world.entity.LivingEntity from class yesman.epicfight.world.capabilities.entitypatch.LivingEntityPatch
[08:35:13] [pool-4-thread-1/WARN]: defineId called for: class net.minecraft.world.entity.LivingEntity from class yesman.epicfight.world.capabilities.entitypatch.LivingEntityPatch
[08:35:13] [pool-4-thread-1/WARN]: defineId called for: class net.minecraft.world.entity.LivingEntity from class yesman.epicfight.world.capabilities.entitypatch.LivingEntityPatch
[08:35:13] [pool-4-thread-1/WARN]: defineId called for: class net.minecraft.world.entity.LivingEntity from class yesman.epicfight.world.capabilities.entitypatch.LivingEntityPatch
[08:35:17] [Render thread/WARN]: Assets URL 'union:/D:/Tlauncher/libraries/net/minecraft/client/1.20.1-20230612.114412/client-1.20.1-20230612.114412-srg.jar%23286!/assets/.mcassetsroot' uses unexpected schema
[08:35:17] [Render thread/WARN]: Assets URL 'union:/D:/Tlauncher/libraries/net/minecraft/client/1.20.1-20230612.114412/client-1.20.1-20230612.114412-srg.jar%23286!/data/.mcassetsroot' uses unexpected schema
[08:35:17] [Render thread/INFO]: Environment: authHost='https://authserver.mojang.com', accountsHost='https://api.mojang.com', sessionHost='https://sessionserver.mojang.com', servicesHost='https://api.minecraftservices.com', name='PROD'
[08:35:18] [Render thread/ERROR]: Failed to verify authentication
com.mojang.authlib.exceptions.InvalidCredentialsException: Status: 401
	at com.mojang.authlib.exceptions.MinecraftClientHttpException.toAuthenticationException(MinecraftClientHttpException.java:56) ~[authlib-4.0.43.1.jar%23111!/:?]
	at com.mojang.authlib.yggdrasil.YggdrasilUserApiService.fetchProperties(YggdrasilUserApiService.java:147) ~[authlib-4.0.43.1.jar%23111!/:?]
	at com.mojang.authlib.yggdrasil.YggdrasilUserApiService.<init>(YggdrasilUserApiService.java:63) ~[authlib-4.0.43.1.jar%23111!/:?]
	at com.mojang.authlib.yggdrasil.YggdrasilAuthenticationService.createUserApiService(YggdrasilAuthenticationService.java:124) ~[authlib-4.0.43.1.jar%23111!/:?]
	at net.minecraft.client.Minecraft.m_193585_(Minecraft.java:649) ~[client-1.20.1-20230612.114412-srg.jar%23286!/:?]
	at net.minecraft.client.Minecraft.<init>(Minecraft.java:413) ~[client-1.20.1-20230612.114412-srg.jar%23286!/:?]
	at net.minecraft.client.main.Main.main(Main.java:182) ~[congtrinh.jar:?]
	at jdk.internal.reflect.NativeMethodAccessorImpl.invoke0(Native Method) ~[?:?]
	at jdk.internal.reflect.NativeMethodAccessorImpl.invoke(NativeMethodAccessorImpl.java:77) ~[?:?]
	at jdk.internal.reflect.DelegatingMethodAccessorImpl.invoke(DelegatingMethodAccessorImpl.java:43) ~[?:?]
	at java.lang.reflect.Method.invoke(Method.java:569) ~[?:?]
	at net.minecraftforge.fml.loading.targets.CommonLaunchHandler.runTarget(CommonLaunchHandler.java:111) ~[fmlloader-1.20.1-47.4.10.jar:?]
	at net.minecraftforge.fml.loading.targets.CommonLaunchHandler.clientService(CommonLaunchHandler.java:99) ~[fmlloader-1.20.1-47.4.10.jar:?]
	at net.minecraftforge.fml.loading.targets.CommonClientLaunchHandler.lambda$makeService$0(CommonClientLaunchHandler.java:25) ~[fmlloader-1.20.1-47.4.10.jar:?]
	at cpw.mods.modlauncher.LaunchServiceHandlerDecorator.launch(LaunchServiceHandlerDecorator.java:30) ~[modlauncher-10.0.9.jar:?]
	at cpw.mods.modlauncher.LaunchServiceHandler.launch(LaunchServiceHandler.java:53) ~[modlauncher-10.0.9.jar:?]
	at cpw.mods.modlauncher.LaunchServiceHandler.launch(LaunchServiceHandler.java:71) ~[modlauncher-10.0.9.jar:?]
	at cpw.mods.modlauncher.Launcher.run(Launcher.java:108) ~[modlauncher-10.0.9.jar:?]
	at cpw.mods.modlauncher.Launcher.main(Launcher.java:78) ~[modlauncher-10.0.9.jar:?]
	at cpw.mods.modlauncher.BootstrapLaunchConsumer.accept(BootstrapLaunchConsumer.java:26) ~[modlauncher-10.0.9.jar:?]
	at cpw.mods.modlauncher.BootstrapLaunchConsumer.accept(BootstrapLaunchConsumer.java:23) ~[modlauncher-10.0.9.jar:?]
	at cpw.mods.bootstraplauncher.BootstrapLauncher.main(BootstrapLauncher.java:141) ~[bootstraplauncher-1.1.2.jar:?]
Caused by: com.mojang.authlib.exceptions.MinecraftClientHttpException: Status: 401
	at com.mojang.authlib.minecraft.client.MinecraftClient.readInputStream(MinecraftClient.java:85) ~[authlib-4.0.43.1.jar%23111!/:?]
	at com.mojang.authlib.minecraft.client.MinecraftClient.get(MinecraftClient.java:48) ~[authlib-4.0.43.1.jar%23111!/:?]
	at com.mojang.authlib.yggdrasil.YggdrasilUserApiService.fetchProperties(YggdrasilUserApiService.java:122) ~[authlib-4.0.43.1.jar%23111!/:?]
	... 20 more
[08:35:18] [Render thread/INFO]: Setting user: ben10
[08:35:19] [Render thread/INFO]: Added resource packs: [vanilla, mod_resources, fabric]
[08:35:19] [Render thread/INFO]: Added resource packs: [vanilla, mod_resources, fabric]
[08:35:19] [Render thread/INFO]: Backend library: LWJGL version 3.3.1 build 7
[08:35:19] [Render thread/INFO]: Loaded client.properties
[08:35:20] [modloading-worker-0/INFO]: Loading Collective version 8.20.
[08:35:20] [modloading-worker-0/INFO]: Fixing MC-151457. Crafting remainder for minecraft:pufferfish_bucket is now minecraft:bucket.
[08:35:20] [modloading-worker-0/INFO]: Fixing MC-151457. Crafting remainder for minecraft:salmon_bucket is now minecraft:bucket.
[08:35:20] [modloading-worker-0/INFO]: Fixing MC-151457. Crafting remainder for minecraft:cod_bucket is now minecraft:bucket.
[08:35:20] [modloading-worker-0/INFO]: Fixing MC-151457. Crafting remainder for minecraft:tropical_fish_bucket is now minecraft:bucket.
[08:35:20] [modloading-worker-0/INFO]: Fixing MC-151457. Crafting remainder for minecraft:axolotl_bucket is now minecraft:bucket.
[08:35:20] [modloading-worker-0/INFO]: Fixing MC-151457. Crafting remainder for minecraft:powder_snow_bucket is now minecraft:bucket.
[08:35:20] [modloading-worker-0/INFO]: Fixing MC-151457. Crafting remainder for minecraft:tadpole_bucket is now minecraft:bucket.
[08:35:21] [modloading-worker-0/INFO]: Registering S2C receiver with id architectury:sync_ids
[08:35:21] [modloading-worker-0/INFO]: Registering C2S receiver with id architectury:sync_ids
[08:35:21] [modloading-worker-0/INFO]: Registering S2C receiver with id sdmeconomy:send_currencies
[08:35:21] [modloading-worker-0/INFO]: Registering S2C receiver with id ftblibrary:edit_nbt
[08:35:21] [modloading-worker-0/INFO]: Registering S2C receiver with id sdmeconomy:send_currencies_player
[08:35:21] [modloading-worker-0/INFO]: Registering C2S receiver with id ftblibrary:edit_nbt_response
[08:35:21] [modloading-worker-0/INFO]: Registering S2C receiver with id sdmeconomy:send_update_currency_player
[08:35:21] [modloading-worker-0/INFO]: Registering S2C receiver with id ftblibrary:sync_known_server_registries
[08:35:21] [modloading-worker-0/INFO]: Registering S2C receiver with id ftblibrary:edit_config
[08:35:21] [modloading-worker-0/INFO]: Registering S2C receiver with id sdmeconomy:send_update_custom_data
[08:35:21] [modloading-worker-0/INFO]: Registering C2S receiver with id sdmeconomy:send_create_currency
[08:35:21] [modloading-worker-0/INFO]: Registering C2S receiver with id sdmeconomy:send_delete_currency
[08:35:21] [modloading-worker-0/INFO]: Loaded common.properties
[08:35:21] [modloading-worker-0/INFO]: Loaded dev.properties
[08:35:21] [modloading-worker-0/INFO]: Looking for KubeJS plugins...
[08:35:21] [modloading-worker-0/INFO]: Found plugin source kubejs
[08:35:21] [modloading-worker-0/INFO]: Registered seller type [money_seller]
[08:35:21] [modloading-worker-0/INFO]: Registered seller type [item_seller]
[08:35:21] [modloading-worker-0/INFO]: [Indigo] Registering Indigo renderer!
[08:35:21] [modloading-worker-0/INFO]: Registered entry type [shopItemEntryType]
[08:35:21] [modloading-worker-0/INFO]: Registered entry type [itemTag]
[08:35:21] [modloading-worker-0/INFO]: Registered entry type [advancementType]
[08:35:21] [modloading-worker-0/INFO]: Registered entry type [commandType]
[08:35:21] [modloading-worker-0/INFO]: Registered entry type [xpType]
[08:35:21] [modloading-worker-0/INFO]: Forge mod loading, version 47.4.10, for MC 1.20.1 with MCP 20230612.114412
[08:35:21] [modloading-worker-0/INFO]: MinecraftForge v47.4.10 Initialized
[08:35:21] [modloading-worker-0/INFO]: Registered entry type [xpLevelType]
[08:35:21] [modloading-worker-0/INFO]: Registered entry type [stageType]
[08:35:21] [modloading-worker-0/INFO]: Registered condition [stageCondition]
[08:35:21] [modloading-worker-0/INFO]: Registering C2S receiver with id sdmshop:change_edit_mode
[08:35:21] [modloading-worker-0/INFO]: Registering C2S receiver with id sdmshop:shop_change_money
[08:35:21] [modloading-worker-0/INFO]: Registering C2S receiver with id sdmshop:shop_add_entry_c2s
[08:35:21] [modloading-worker-0/INFO]: Registering S2C receiver with id sdmshop:shop_add_entry_s2c
[08:35:21] [modloading-worker-0/INFO]: Registering C2S receiver with id sdmshop:shop_remove_entry_c2s
[08:35:21] [modloading-worker-0/INFO]: Registering S2C receiver with id sdmshop:shop_remove_entry_s2c
[08:35:21] [modloading-worker-0/INFO]: Registering C2S receiver with id sdmshop:shop_change_entry_c2s
[08:35:21] [modloading-worker-0/INFO]: Registering S2C receiver with id sdmshop:shop_change_entry_s2c
[08:35:21] [modloading-worker-0/INFO]: Registering C2S receiver with id sdmshop:shop_add_tab_c2s
[08:35:21] [modloading-worker-0/INFO]: Registering S2C receiver with id sdmshop:shop_add_tab_s2c
[08:35:21] [modloading-worker-0/INFO]: Registering C2S receiver with id sdmshop:shop_remove_tab_c2s
[08:35:21] [modloading-worker-0/INFO]: Registering S2C receiver with id sdmshop:shop_remove_tab_s2c
[08:35:21] [modloading-worker-0/INFO]: Registering C2S receiver with id sdmshop:shop_change_tab_c2s
[08:35:21] [modloading-worker-0/INFO]: Registering S2C receiver with id sdmshop:shop_change_tab_s2c
[08:35:21] [modloading-worker-0/INFO]: Registering C2S receiver with id sdmshop:shop_move_entry_c2s
[08:35:21] [modloading-worker-0/INFO]: Registering S2C receiver with id sdmshop:shop_move_entry_s2c
[08:35:21] [modloading-worker-0/INFO]: Registering C2S receiver with id sdmshop:shop_move_tab_c2s
[08:35:21] [modloading-worker-0/INFO]: Registering S2C receiver with id sdmshop:shop_move_tab_s2c
[08:35:21] [modloading-worker-0/INFO]: Registering C2S receiver with id sdmshop:shop_buy_entry_cs2
[08:35:21] [modloading-worker-0/INFO]: Registering S2C receiver with id sdmshop:send_limiter
[08:35:21] [modloading-worker-0/INFO]: Registering C2S receiver with id sdmshop:shop_change_params_c2s
[08:35:21] [modloading-worker-0/INFO]: Registering S2C receiver with id sdmshop:shop_change_params_s2c
[08:35:21] [modloading-worker-0/INFO]: Registering C2S receiver with id sdmshop:shop_reset_limiter_c2s
[08:35:21] [modloading-worker-0/INFO]: Found plugin source kubeutils
[08:35:21] [modloading-worker-0/INFO]: Found plugin source morejs
[08:35:21] [modloading-worker-0/INFO]: Found plugin source indestructible
[08:35:21] [modloading-worker-0/INFO]: Found plugin source sdmshop
[08:35:21] [modloading-worker-0/INFO]: Loading EntityJS-Liopyu
[08:35:21] [modloading-worker-0/INFO]: Found plugin source epicfight
[08:35:21] [modloading-worker-0/INFO]: Found plugin source entityjs
[08:35:21] [modloading-worker-0/INFO]: Registering C2S receiver with id sdmshop:async_bridge
[08:35:21] [modloading-worker-0/INFO]: Done in 670.3 ms
[08:35:21] [modloading-worker-0/INFO]: Registering C2S receiver with id sdmshop:blob_channel
[08:35:21] [modloading-worker-0/INFO]: ??????: SHAKE_WAVE -> shake_wave
[08:35:21] [modloading-worker-0/INFO]: ??????: VFX -> vfx
[08:35:21] [modloading-worker-0/INFO]: ??????: ANIMATION_TEXTURE_VFX -> animation_texture_vfx
[08:35:22] [modloading-worker-0/INFO]: Registering S2C receiver with id sdmshop:async_bridge
[08:35:22] [modloading-worker-0/INFO]: Registering S2C receiver with id sdmshop:blob_channel
[08:35:22] [modloading-worker-0/INFO]: Loaded mod compat: GeckolibCompat
[08:35:22] [modloading-worker-0/INFO]: Loaded mod compat: IceAndFireCompat
[08:35:22] [modloading-worker-0/INFO]: Loaded mod compat: CuriosCompat
[08:35:22] [modloading-worker-0/INFO]: Loaded mod compat: PlayerAnimatorCompat
[08:35:22] [modloading-worker-0/INFO]: Sending ConfigManager...
[08:35:22] [modloading-worker-0/INFO]: Sending ConfigManager took 13.60 ms
[08:35:23] [modloading-worker-0/INFO]: Loading Rhino Minecraft remapper...
[08:35:23] [modloading-worker-0/INFO]: Rhino properties loaded.
[08:35:23] [modloading-worker-0/INFO]: Loading mappings for 1.20.1
[08:35:23] [modloading-worker-0/INFO]: Done in 0,185 s
[08:35:23] [Thread-3/WARN]: [Update] Collective has an update available: 8.20 -> 8.22
[08:35:24] [modloading-worker-0/INFO]: Loaded script startup_scripts:limited.js in 0.145 s
[08:35:24] [modloading-worker-0/INFO]: Loaded 1/1 KubeJS startup scripts in 1.248 s with 0 errors and 0 warnings
[08:35:24] [modloading-worker-0/INFO]: Loaded script client_scripts:example.js in 0.001 s
[08:35:24] [modloading-worker-0/INFO]: Loaded 1/1 KubeJS client scripts in 0.094 s with 0 errors and 0 warnings
[08:35:25] [modloading-worker-0/INFO]: Registering C2S receiver with id kubejs:send_data_from_client
[08:35:25] [modloading-worker-0/INFO]: Registering S2C receiver with id kubejs:send_data_from_server
[08:35:25] [modloading-worker-0/INFO]: Registering S2C receiver with id kubejs:paint
[08:35:25] [modloading-worker-0/INFO]: Registering S2C receiver with id kubejs:add_stage
[08:35:25] [modloading-worker-0/INFO]: Registering S2C receiver with id kubejs:remove_stage
[08:35:25] [modloading-worker-0/INFO]: Registering S2C receiver with id kubejs:sync_stages
[08:35:25] [modloading-worker-0/INFO]: Registering C2S receiver with id kubejs:first_click
[08:35:25] [modloading-worker-0/INFO]: Registering S2C receiver with id kubejs:toast
[08:35:25] [modloading-worker-0/INFO]: Registering S2C receiver with id kubejs:reload_startup_scripts
[08:35:25] [modloading-worker-0/INFO]: Registering S2C receiver with id kubejs:display_server_errors
[08:35:25] [modloading-worker-0/INFO]: Registering S2C receiver with id kubejs:display_client_errors
[08:35:26] [Render thread/INFO]: Capturing existing worldgen registries
[08:35:26] [Render thread/INFO]: Found 0 injected RegistryDataLoader worldgen registries
[08:35:30] [Render thread/WARN]: defineId called for: class net.minecraft.world.entity.player.Player from class yesman.epicfight.world.capabilities.entitypatch.player.PlayerPatch
[08:35:30] [Render thread/WARN]: defineId called for: class net.minecraft.world.entity.TamableAnimal from class reascer.wom.world.entity.mob.EnderHand
[08:35:30] [Render thread/WARN]: defineId called for: class net.minecraft.world.entity.TamableAnimal from class reascer.wom.world.entity.mob.TargetingHelper
[08:35:30] [Render thread/WARN]: defineId called for: class net.minecraft.world.entity.boss.wither.WitherBoss from class yesman.epicfight.world.capabilities.entitypatch.boss.WitherPatch
[08:35:30] [Render thread/WARN]: defineId called for: class net.minecraft.world.entity.boss.wither.WitherBoss from class yesman.epicfight.world.capabilities.entitypatch.boss.WitherPatch
[08:35:30] [Render thread/WARN]: defineId called for: class net.minecraft.world.entity.boss.wither.WitherBoss from class yesman.epicfight.world.capabilities.entitypatch.boss.WitherPatch
[08:35:30] [Render thread/WARN]: defineId called for: class net.minecraft.world.entity.boss.wither.WitherBoss from class yesman.epicfight.world.capabilities.entitypatch.boss.WitherPatch
[08:35:30] [Render thread/WARN]: defineId called for: class net.minecraft.world.entity.boss.wither.WitherBoss from class yesman.epicfight.world.capabilities.entitypatch.boss.WitherPatch
[08:35:30] [Render thread/WARN]: defineId called for: class net.minecraft.world.entity.boss.wither.WitherBoss from class yesman.epicfight.world.capabilities.entitypatch.boss.WitherPatch
[08:35:30] [Render thread/WARN]: defineId called for: class net.minecraft.world.entity.boss.wither.WitherBoss from class yesman.epicfight.world.capabilities.entitypatch.boss.WitherPatch
[08:35:30] [Render thread/WARN]: defineId called for: class net.minecraft.world.entity.boss.wither.WitherBoss from class yesman.epicfight.world.capabilities.entitypatch.boss.WitherPatch
[08:35:30] [Render thread/WARN]: defineId called for: class net.minecraft.world.entity.boss.wither.WitherBoss from class yesman.epicfight.world.capabilities.entitypatch.boss.WitherPatch
[08:35:30] [Render thread/INFO]: Found non-pack entry 'D:\Tlauncher\versions\congtrinh\resourcepacks\VillagerVariety_BiomeDependent-v2.0.zip.deactivation', ignoring
[08:35:32] [Render thread/INFO]: Registering Keybinds
[08:35:32] [Render thread/INFO]: Reloading ResourceManager: vanilla, mod_resources, fabric, cnpcs, KubeJS Resource Pack [assets]
[08:35:32] [modloading-worker-0/INFO]: Epic Fight web server connection helper: Initialize
[08:35:32] [modloading-worker-0/INFO]: Epic Fight web server connection helper: supported
[08:35:32] [modloading-worker-0/INFO]: Epic Fight web server status: Failed at initializing Authentication provider: java.lang.ClassNotFoundException: yesman.epicfight.epicskins.user.AuthenticationHelperImpl
[08:35:32] [Worker-Main-9/INFO]: Found unifont_all_no_pua-15.0.06.hex, loading
[08:35:33] [Worker-Main-7/ERROR]: Invalid path in pack: efn:animmodels/animations/biped/sekiro/kusabimaru/data/Ichimonji_2.json, ignoring
[08:35:33] [Worker-Main-7/ERROR]: Invalid path in pack: efn:animmodels/animations/biped/sekiro/kusabimaru/data/Ichimonji_1.json, ignoring
[08:35:33] [Worker-Main-3/ERROR]: Couldn't parse data file epic_fight_avalon:merlin_gg from epic_fight_avalon:item_skins/merlin_gg.json
com.google.gson.JsonParseException: java.io.EOFException: End of input at line 1 column 1 path $
	at net.minecraft.util.GsonHelper.m_13780_(GsonHelper.java:526) ~[client-1.20.1-20230612.114412-srg.jar%23286!/:?]
	at net.minecraft.util.GsonHelper.m_263475_(GsonHelper.java:531) ~[client-1.20.1-20230612.114412-srg.jar%23286!/:?]
	at net.minecraft.util.GsonHelper.m_13776_(GsonHelper.java:581) ~[client-1.20.1-20230612.114412-srg.jar%23286!/:?]
	at net.minecraft.server.packs.resources.SimpleJsonResourceReloadListener.m_278771_(SimpleJsonResourceReloadListener.java:41) ~[client-1.20.1-20230612.114412-srg.jar%23286!/:?]
	at net.minecraft.server.packs.resources.SimpleJsonResourceReloadListener.m_5944_(SimpleJsonResourceReloadListener.java:29) ~[client-1.20.1-20230612.114412-srg.jar%23286!/:?]
	at net.minecraft.server.packs.resources.SimpleJsonResourceReloadListener.m_5944_(SimpleJsonResourceReloadListener.java:17) ~[client-1.20.1-20230612.114412-srg.jar%23286!/:?]
	at net.minecraft.server.packs.resources.SimplePreparableReloadListener.m_10786_(SimplePreparableReloadListener.java:11) ~[client-1.20.1-20230612.114412-srg.jar%23286!/:?]
	at java.util.concurrent.CompletableFuture$AsyncSupply.run(CompletableFuture.java:1768) ~[?:?]
	at java.util.concurrent.CompletableFuture$AsyncSupply.exec(CompletableFuture.java:1760) ~[?:?]
	at java.util.concurrent.ForkJoinTask.doExec(ForkJoinTask.java:373) ~[?:?]
	at java.util.concurrent.ForkJoinPool$WorkQueue.topLevelExec(ForkJoinPool.java:1182) ~[?:?]
	at java.util.concurrent.ForkJoinPool.scan(ForkJoinPool.java:1655) ~[?:?]
	at java.util.concurrent.ForkJoinPool.runWorker(ForkJoinPool.java:1622) ~[?:?]
	at java.util.concurrent.ForkJoinWorkerThread.run(ForkJoinWorkerThread.java:165) ~[?:?]
Caused by: java.io.EOFException: End of input at line 1 column 1 path $
	at com.google.gson.stream.JsonReader.nextNonWhitespace(JsonReader.java:1455) ~[gson-2.10.jar%23107!/:?]
	at com.google.gson.stream.JsonReader.doPeek(JsonReader.java:558) ~[gson-2.10.jar%23107!/:?]
	at com.google.gson.stream.JsonReader.peek(JsonReader.java:433) ~[gson-2.10.jar%23107!/:?]
	at com.google.gson.internal.bind.TypeAdapters$28.read(TypeAdapters.java:769) ~[gson-2.10.jar%23107!/:?]
	at com.google.gson.internal.bind.TypeAdapters$28.read(TypeAdapters.java:725) ~[gson-2.10.jar%23107!/:?]
	at com.google.gson.internal.bind.TypeAdapters$34$1.read(TypeAdapters.java:1007) ~[gson-2.10.jar%23107!/:?]
	at net.minecraft.util.GsonHelper.m_13780_(GsonHelper.java:524) ~[client-1.20.1-20230612.114412-srg.jar%23286!/:?]
	... 13 more
[08:35:33] [Worker-Main-11/INFO]: Enabling support for Game Stages
[08:35:33] [Worker-Main-11/INFO]: Enabling support for CustomNPCs
[08:35:34] [Worker-Main-11/INFO]: Found @Ljourneymap/client/api/ClientPlugin;: com.p1nero.tudigong.compat.JourneyMapWaypointHelper
[08:35:34] [Forge Version Check/INFO]: [bookshelf] Starting version check at https://updates.blamejared.com/get?n=bookshelf&gv=1.20.1
[08:35:34] [Worker-Main-7/INFO]: HELLO FROM COMMON SETUP
[08:35:34] [Worker-Main-7/WARN]: Invalid frame index on sprite ba_bt:block/core_matter_block frame 1: 1
[08:35:34] [Worker-Main-7/WARN]: Invalid frame index on sprite ba_bt:block/core_matter_block frame 2: 2
[08:35:34] [Worker-Main-7/WARN]: Invalid frame index on sprite ba_bt:block/core_matter_block frame 3: 3
[08:35:34] [Worker-Main-7/WARN]: Invalid frame index on sprite ba_bt:block/core_matter_block frame 4: 4
[08:35:34] [Worker-Main-7/WARN]: Invalid frame index on sprite ba_bt:block/core_matter_block frame 5: 5
[08:35:34] [Worker-Main-7/WARN]: Invalid frame index on sprite ba_bt:block/core_matter_block frame 6: 6
[08:35:34] [Worker-Main-7/WARN]: Invalid frame index on sprite ba_bt:block/core_matter_block frame 7: 7
[08:35:34] [Worker-Main-7/WARN]: Invalid frame index on sprite ba_bt:block/core_matter_block frame 8: 8
[08:35:34] [Worker-Main-7/WARN]: Invalid frame index on sprite ba_bt:block/core_matter_block frame 9: 9
[08:35:34] [Worker-Main-7/WARN]: Invalid frame index on sprite ba_bt:block/core_matter_block frame 10: 10
[08:35:34] [Worker-Main-7/WARN]: Invalid frame index on sprite ba_bt:block/core_matter_block frame 11: 11
[08:35:34] [Worker-Main-7/WARN]: Invalid frame index on sprite ba_bt:block/core_matter_block frame 12: 12
[08:35:34] [Worker-Main-7/WARN]: Invalid frame index on sprite ba_bt:block/core_matter_block frame 13: 13
[08:35:34] [Worker-Main-7/WARN]: Invalid frame index on sprite ba_bt:block/core_matter_block frame 14: 14
[08:35:34] [Worker-Main-7/WARN]: Invalid frame index on sprite ba_bt:block/core_matter_block frame 15: 15
[08:35:34] [Worker-Main-7/WARN]: Invalid frame index on sprite ba_bt:block/core_matter_block frame 16: 16
[08:35:34] [Worker-Main-7/WARN]: Invalid frame index on sprite ba_bt:block/core_matter_block frame 17: 17
[08:35:34] [Worker-Main-7/WARN]: Invalid frame index on sprite ba_bt:block/core_matter_block frame 18: 18
[08:35:34] [Worker-Main-7/WARN]: Invalid frame index on sprite ba_bt:block/core_matter_block frame 19: 19
[08:35:34] [Worker-Main-7/WARN]: Invalid frame index on sprite ba_bt:block/core_matter_block frame 20: 18
[08:35:34] [Worker-Main-7/WARN]: Invalid frame index on sprite ba_bt:block/core_matter_block frame 21: 17
[08:35:34] [Worker-Main-7/WARN]: Invalid frame index on sprite ba_bt:block/core_matter_block frame 22: 16
[08:35:34] [Worker-Main-7/WARN]: Invalid frame index on sprite ba_bt:block/core_matter_block frame 23: 15
[08:35:34] [Worker-Main-7/WARN]: Invalid frame index on sprite ba_bt:block/core_matter_block frame 24: 14
[08:35:34] [Worker-Main-7/WARN]: Invalid frame index on sprite ba_bt:block/core_matter_block frame 25: 13
[08:35:34] [Worker-Main-7/WARN]: Invalid frame index on sprite ba_bt:block/core_matter_block frame 26: 12
[08:35:34] [Worker-Main-7/WARN]: Invalid frame index on sprite ba_bt:block/core_matter_block frame 27: 11
[08:35:34] [Worker-Main-7/WARN]: Invalid frame index on sprite ba_bt:block/core_matter_block frame 28: 10
[08:35:34] [Worker-Main-7/WARN]: Invalid frame index on sprite ba_bt:block/core_matter_block frame 29: 9
[08:35:34] [Worker-Main-7/WARN]: Invalid frame index on sprite ba_bt:block/core_matter_block frame 30: 8
[08:35:34] [Worker-Main-7/WARN]: Invalid frame index on sprite ba_bt:block/core_matter_block frame 31: 7
[08:35:34] [Worker-Main-7/WARN]: Invalid frame index on sprite ba_bt:block/core_matter_block frame 32: 6
[08:35:34] [Worker-Main-7/WARN]: Invalid frame index on sprite ba_bt:block/core_matter_block frame 33: 5
[08:35:34] [Worker-Main-7/WARN]: Invalid frame index on sprite ba_bt:block/core_matter_block frame 34: 4
[08:35:34] [Worker-Main-7/WARN]: Invalid frame index on sprite ba_bt:block/core_matter_block frame 35: 3
[08:35:34] [Worker-Main-7/WARN]: Invalid frame index on sprite ba_bt:block/core_matter_block frame 36: 2
[08:35:34] [Worker-Main-7/WARN]: Invalid frame index on sprite ba_bt:block/core_matter_block frame 37: 1
[08:35:34] [Worker-Main-9/WARN]: Unused frames in sprite irons_spellbooks:item/upgrade_orb_ender: [1, 5, 6, 7]
[08:35:34] [Worker-Main-4/WARN]: Unused frames in sprite irons_spellbooks:item/energized_core_energy: [11]
[08:35:34] [Worker-Main-1/WARN]: Texture efn:item/deepdark_heart with size 19x19 limits mip level from 3 to 0
[08:35:34] [Render thread/INFO]: Client resource reload complete!
[08:35:34] [Forge Version Check/INFO]: [bookshelf] Found status: BETA Current: 20.2.15 Target: 20.2.15
[08:35:34] [Forge Version Check/INFO]: [gamestages] Starting version check at https://updates.blamejared.com/get?n=gamestages&gv=1.20.1
[08:35:35] [ForkJoinPool.commonPool-worker-1/ERROR]: Line 5: 'onEvent()' is no longer supported! Read more on wiki: https://kubejs.com/kjs6
[08:35:35] [ForkJoinPool.commonPool-worker-1/INFO]: Loaded 0/1 KubeJS server scripts in 0.059 s with 1 errors and 0 warnings
[08:35:35] [ForkJoinPool.commonPool-worker-1/INFO]: Scripts loaded
[08:35:35] [Forge Version Check/INFO]: [gamestages] Found status: BETA Current: 15.0.2 Target: 15.0.2
[08:35:35] [Forge Version Check/INFO]: [journeymap] Starting version check at https://forge.curseupdate.com/32274/journeymap
[08:35:35] [Forge Version Check/INFO]: [journeymap] Found status: UP_TO_DATE Current: 5.10.3 Target: null
[08:35:35] [Forge Version Check/INFO]: [mr_superflat_dimensions] Starting version check at https://api.modrinth.com/updates/M2accnCw/forge_updates.json
[08:35:35] [Forge Version Check/INFO]: [mr_superflat_dimensions] Found status: OUTDATED Current: 1.4.2 Target: 1.4.2+mod
[08:35:35] [Forge Version Check/INFO]: [forge] Starting version check at https://files.minecraftforge.net/net/minecraftforge/forge/promotions_slim.json
[08:35:36] [Worker-Main-5/INFO]: Got request to register class com.sk89q.worldedit.forge.ForgePlatform with WorldEdit [com.sk89q.worldedit.extension.platform.PlatformManager@6608b08f]
[08:35:36] [Worker-Main-7/WARN]: Exception loading blockstate definition: 'cataclysm:blockstates/obsidian_fence.json' missing model for variant: 'cataclysm:obsidian_fence#east=false,north=true,south=true,waterlogged=false,west=true'
[08:35:36] [Worker-Main-7/WARN]: Exception loading blockstate definition: 'cataclysm:blockstates/obsidian_fence.json' missing model for variant: 'cataclysm:obsidian_fence#east=true,north=false,south=true,waterlogged=false,west=false'
[08:35:36] [Worker-Main-7/WARN]: Exception loading blockstate definition: 'cataclysm:blockstates/obsidian_fence.json' missing model for variant: 'cataclysm:obsidian_fence#east=false,north=false,south=false,waterlogged=false,west=false'
[08:35:36] [Worker-Main-7/WARN]: Exception loading blockstate definition: 'cataclysm:blockstates/obsidian_fence.json' missing model for variant: 'cataclysm:obsidian_fence#east=false,north=false,south=true,waterlogged=false,west=true'
[08:35:36] [Worker-Main-7/WARN]: Exception loading blockstate definition: 'cataclysm:blockstates/obsidian_fence.json' missing model for variant: 'cataclysm:obsidian_fence#east=true,north=false,south=true,waterlogged=true,west=false'
[08:35:36] [Worker-Main-7/WARN]: Exception loading blockstate definition: 'cataclysm:blockstates/obsidian_fence.json' missing model for variant: 'cataclysm:obsidian_fence#east=false,north=false,south=true,waterlogged=false,west=false'
[08:35:36] [Worker-Main-7/WARN]: Exception loading blockstate definition: 'cataclysm:blockstates/obsidian_fence.json' missing model for variant: 'cataclysm:obsidian_fence#east=true,north=false,south=false,waterlogged=true,west=true'
[08:35:36] [Worker-Main-7/WARN]: Exception loading blockstate definition: 'cataclysm:blockstates/obsidian_fence.json' missing model for variant: 'cataclysm:obsidian_fence#east=true,north=false,south=false,waterlogged=false,west=true'
[08:35:36] [Worker-Main-7/WARN]: Exception loading blockstate definition: 'cataclysm:blockstates/obsidian_fence.json' missing model for variant: 'cataclysm:obsidian_fence#east=true,north=true,south=true,waterlogged=false,west=false'
[08:35:36] [Worker-Main-7/WARN]: Exception loading blockstate definition: 'cataclysm:blockstates/obsidian_fence.json' missing model for variant: 'cataclysm:obsidian_fence#east=true,north=false,south=true,waterlogged=false,west=true'
[08:35:36] [Worker-Main-7/WARN]: Exception loading blockstate definition: 'cataclysm:blockstates/obsidian_fence.json' missing model for variant: 'cataclysm:obsidian_fence#east=true,north=true,south=true,waterlogged=false,west=true'
[08:35:36] [Worker-Main-7/WARN]: Exception loading blockstate definition: 'cataclysm:blockstates/obsidian_fence.json' missing model for variant: 'cataclysm:obsidian_fence#east=true,north=true,south=false,waterlogged=true,west=false'
[08:35:36] [Worker-Main-7/WARN]: Exception loading blockstate definition: 'cataclysm:blockstates/obsidian_fence.json' missing model for variant: 'cataclysm:obsidian_fence#east=false,north=false,south=false,waterlogged=true,west=false'
[08:35:36] [Worker-Main-7/WARN]: Exception loading blockstate definition: 'cataclysm:blockstates/obsidian_fence.json' missing model for variant: 'cataclysm:obsidian_fence#east=true,north=false,south=true,waterlogged=true,west=true'
[08:35:36] [Worker-Main-7/WARN]: Exception loading blockstate definition: 'cataclysm:blockstates/obsidian_fence.json' missing model for variant: 'cataclysm:obsidian_fence#east=false,north=true,south=false,waterlogged=false,west=true'
[08:35:36] [Worker-Main-7/WARN]: Exception loading blockstate definition: 'cataclysm:blockstates/obsidian_fence.json' missing model for variant: 'cataclysm:obsidian_fence#east=false,north=false,south=false,waterlogged=true,west=true'
[08:35:36] [Worker-Main-7/WARN]: Exception loading blockstate definition: 'cataclysm:blockstates/obsidian_fence.json' missing model for variant: 'cataclysm:obsidian_fence#east=false,north=false,south=true,waterlogged=true,west=true'
[08:35:36] [Worker-Main-7/WARN]: Exception loading blockstate definition: 'cataclysm:blockstates/obsidian_fence.json' missing model for variant: 'cataclysm:obsidian_fence#east=false,north=true,south=false,waterlogged=true,west=true'
[08:35:36] [Worker-Main-7/WARN]: Exception loading blockstate definition: 'cataclysm:blockstates/obsidian_fence.json' missing model for variant: 'cataclysm:obsidian_fence#east=false,north=true,south=false,waterlogged=false,west=false'
[08:35:36] [Worker-Main-7/WARN]: Exception loading blockstate definition: 'cataclysm:blockstates/obsidian_fence.json' missing model for variant: 'cataclysm:obsidian_fence#east=true,north=true,south=true,waterlogged=true,west=true'
[08:35:36] [Worker-Main-7/WARN]: Exception loading blockstate definition: 'cataclysm:blockstates/obsidian_fence.json' missing model for variant: 'cataclysm:obsidian_fence#east=false,north=false,south=true,waterlogged=true,west=false'
[08:35:36] [Worker-Main-7/WARN]: Exception loading blockstate definition: 'cataclysm:blockstates/obsidian_fence.json' missing model for variant: 'cataclysm:obsidian_fence#east=true,north=true,south=true,waterlogged=true,west=false'
[08:35:36] [Worker-Main-7/WARN]: Exception loading blockstate definition: 'cataclysm:blockstates/obsidian_fence.json' missing model for variant: 'cataclysm:obsidian_fence#east=false,north=false,south=false,waterlogged=false,west=true'
[08:35:36] [Worker-Main-7/WARN]: Exception loading blockstate definition: 'cataclysm:blockstates/obsidian_fence.json' missing model for variant: 'cataclysm:obsidian_fence#east=false,north=true,south=true,waterlogged=true,west=true'
[08:35:36] [Worker-Main-7/WARN]: Exception loading blockstate definition: 'cataclysm:blockstates/obsidian_fence.json' missing model for variant: 'cataclysm:obsidian_fence#east=true,north=true,south=false,waterlogged=false,west=false'
[08:35:36] [Worker-Main-7/WARN]: Exception loading blockstate definition: 'cataclysm:blockstates/obsidian_fence.json' missing model for variant: 'cataclysm:obsidian_fence#east=false,north=true,south=true,waterlogged=false,west=false'
[08:35:36] [Worker-Main-7/WARN]: Exception loading blockstate definition: 'cataclysm:blockstates/obsidian_fence.json' missing model for variant: 'cataclysm:obsidian_fence#east=false,north=true,south=false,waterlogged=true,west=false'
[08:35:36] [Worker-Main-7/WARN]: Exception loading blockstate definition: 'cataclysm:blockstates/obsidian_fence.json' missing model for variant: 'cataclysm:obsidian_fence#east=true,north=false,south=false,waterlogged=true,west=false'
[08:35:36] [Worker-Main-7/WARN]: Exception loading blockstate definition: 'cataclysm:blockstates/obsidian_fence.json' missing model for variant: 'cataclysm:obsidian_fence#east=false,north=true,south=true,waterlogged=true,west=false'
[08:35:36] [Worker-Main-7/WARN]: Exception loading blockstate definition: 'cataclysm:blockstates/obsidian_fence.json' missing model for variant: 'cataclysm:obsidian_fence#east=true,north=true,south=false,waterlogged=false,west=true'
[08:35:36] [Worker-Main-7/WARN]: Exception loading blockstate definition: 'cataclysm:blockstates/obsidian_fence.json' missing model for variant: 'cataclysm:obsidian_fence#east=true,north=true,south=false,waterlogged=true,west=true'
[08:35:36] [Worker-Main-5/INFO]: WorldEdit for Forge (version 7.2.15+6463-5ca4dff) is loaded
[08:35:36] [Worker-Main-7/WARN]: Exception loading blockstate definition: 'cataclysm:blockstates/obsidian_fence.json' missing model for variant: 'cataclysm:obsidian_fence#east=true,north=false,south=false,waterlogged=false,west=false'
[08:35:36] [Forge Version Check/INFO]: [forge] Found status: UP_TO_DATE Current: 47.4.10 Target: null
[08:35:36] [Worker-Main-7/WARN]: Exception loading blockstate definition: 'epic_fight_avalon:blockstates/test_mesh_block.json' missing model for variant: 'epic_fight_avalon:test_mesh_block#'
[08:35:36] [Worker-Main-7/WARN]: Exception loading blockstate definition: 'epic_fight_avalon:blockstates/test_door.json' missing model for variant: 'epic_fight_avalon:test_door#facing=north,open=true'
[08:35:36] [Worker-Main-7/WARN]: Exception loading blockstate definition: 'epic_fight_avalon:blockstates/test_door.json' missing model for variant: 'epic_fight_avalon:test_door#facing=south,open=false'
[08:35:36] [Worker-Main-7/WARN]: Exception loading blockstate definition: 'epic_fight_avalon:blockstates/test_door.json' missing model for variant: 'epic_fight_avalon:test_door#facing=east,open=false'
[08:35:36] [Worker-Main-7/WARN]: Exception loading blockstate definition: 'epic_fight_avalon:blockstates/test_door.json' missing model for variant: 'epic_fight_avalon:test_door#facing=west,open=false'
[08:35:36] [Worker-Main-7/WARN]: Exception loading blockstate definition: 'epic_fight_avalon:blockstates/test_door.json' missing model for variant: 'epic_fight_avalon:test_door#facing=east,open=true'
[08:35:36] [Worker-Main-7/WARN]: Exception loading blockstate definition: 'epic_fight_avalon:blockstates/test_door.json' missing model for variant: 'epic_fight_avalon:test_door#facing=south,open=true'
[08:35:36] [Worker-Main-7/WARN]: Exception loading blockstate definition: 'epic_fight_avalon:blockstates/test_door.json' missing model for variant: 'epic_fight_avalon:test_door#facing=north,open=false'
[08:35:36] [Worker-Main-7/WARN]: Exception loading blockstate definition: 'epic_fight_avalon:blockstates/test_door.json' missing model for variant: 'epic_fight_avalon:test_door#facing=west,open=true'
[08:35:36] [Worker-Main-7/WARN]: Unable to load model: 'sdmshop:custom_icon#inventory' referenced from: sdmshop:custom_icon#inventory: java.io.FileNotFoundException: sdmshop:models/item/custom_icon.json
[08:35:36] [Worker-Main-7/WARN]: Unable to load model: 'ba_bt:air_fill#inventory' referenced from: ba_bt:air_fill#inventory: java.io.FileNotFoundException: ba_bt:models/item/air_fill.json
[08:35:36] [Worker-Main-7/WARN]: Unable to load model: 'efn:meen_spear_e#inventory' referenced from: efn:meen_spear_e#inventory: java.io.FileNotFoundException: efn:models/item/meen_spear_e.json
[08:35:36] [Worker-Main-7/WARN]: Unable to load model: 'efn:nf_shortsword_e#inventory' referenced from: efn:nf_shortsword_e#inventory: java.io.FileNotFoundException: efn:models/item/nf_shortsword_e.json
[08:35:36] [Worker-Main-7/WARN]: Unable to load model: 'efn:nf_shortsword_2_e#inventory' referenced from: efn:nf_shortsword_2_e#inventory: java.io.FileNotFoundException: efn:models/item/nf_shortsword_2_e.json
[08:35:36] [Worker-Main-7/WARN]: Unable to load model: 'efn:exsiliumgladius_e#inventory' referenced from: efn:exsiliumgladius_e#inventory: java.io.FileNotFoundException: efn:models/item/exsiliumgladius_e.json
[08:35:36] [Worker-Main-7/WARN]: Unable to load model: 'efn:fire_exsiliumgladius_e#inventory' referenced from: efn:fire_exsiliumgladius_e#inventory: java.io.FileNotFoundException: efn:models/item/fire_exsiliumgladius_e.json
[08:35:36] [Worker-Main-7/WARN]: Unable to load model: 'efn:air_tachi_e#inventory' referenced from: efn:air_tachi_e#inventory: java.io.FileNotFoundException: efn:models/item/air_tachi_e.json
[08:35:36] [Worker-Main-7/WARN]: Unable to load model: 'efn:arc_tachi#inventory' referenced from: efn:arc_tachi#inventory: java.io.FileNotFoundException: efn:models/item/arc_tachi.json
[08:35:36] [Worker-Main-7/WARN]: Unable to load model: 'efn:crimson_moon_e#inventory' referenced from: efn:crimson_moon_e#inventory: java.io.FileNotFoundException: efn:models/item/crimson_moon_e.json
[08:35:36] [Worker-Main-7/WARN]: Unable to load model: 'efn:crescent_moon_e#inventory' referenced from: efn:crescent_moon_e#inventory: java.io.FileNotFoundException: efn:models/item/crescent_moon_e.json
[08:35:36] [Worker-Main-7/WARN]: Unable to load model: 'efn:flag_bearer#inventory' referenced from: efn:flag_bearer#inventory: java.io.FileNotFoundException: efn:models/item/flag_bearer.json
[08:35:36] [Worker-Main-7/WARN]: Unable to load model: 'efn:flag_bearer_e#inventory' referenced from: efn:flag_bearer_e#inventory: java.io.FileNotFoundException: efn:models/item/flag_bearer_e.json
[08:35:36] [Worker-Main-7/WARN]: Unable to load model: 'irons_spellbooks:item/template_open_spell_book_model' referenced from: irons_spellbooks:item/template_open_spell_book_model: java.io.FileNotFoundException: irons_spellbooks:models/item/template_open_spell_book_model.json
[08:35:37] [Render thread/INFO]: EFX: Replacing Epic Fight Weapon Types...
[08:35:37] [Render thread/INFO]: Initializing Packet Registries
[08:35:37] [Render thread/WARN]: Shader moreplayermodels:position_tex_normal could not find uniform named FogStart in the specified shader program.
[08:35:37] [Render thread/WARN]: Shader moreplayermodels:position_tex_normal could not find uniform named FogEnd in the specified shader program.
[08:35:37] [Render thread/WARN]: Shader moreplayermodels:position_tex_normal could not find uniform named FogColor in the specified shader program.
[08:35:37] [Worker-Main-10/INFO]: CLIENT SETUP
[08:35:37] [Worker-Main-10/INFO]: MINECRAFT NAME >> ben10
[08:35:37] [Worker-Main-8/INFO]: Warning system initialized - AAA Particles warning enabled: true
[08:35:37] [Worker-Main-8/INFO]: Mod 'aaa_particles' installed: false
[08:35:37] [Worker-Main-8/INFO]: AAA Particles installed: false
[08:35:37] [Worker-Main-8/INFO]: Load Camera Animation: efn:camera_animation/yamato_judgementcut_end_camera.json
[08:35:37] [Worker-Main-8/INFO]: Load Camera Animation: efn:camera_animation/zandatsu.json
[08:35:37] [Worker-Main-8/INFO]: Load Camera Animation: efn:camera_animation/zandatsu_air.json
[08:35:37] [Worker-Main-8/INFO]: Load Camera Animation: efn:camera_animation/broadblade_execute.json
[08:35:38] [Worker-Main-9/ERROR]: Couldn't read tag list minecraft:load from minecraft:tags/functions/load.json in data pack KubeJS Resource Pack [data]
com.google.gson.JsonSyntaxException: com.google.gson.stream.MalformedJsonException: Use JsonReader.setLenient(true) to accept malformed JSON at line 1 column 13 path $
	at com.google.gson.JsonParser.parseReader(JsonParser.java:76) ~[gson-2.10.jar%23107!/:?]
	at net.minecraft.tags.TagLoader.m_144495_(TagLoader.java:49) ~[client-1.20.1-20230612.114412-srg.jar%23286!/:?]
	at net.minecraft.server.ServerFunctionLibrary.m_179956_(ServerFunctionLibrary.java:68) ~[client-1.20.1-20230612.114412-srg.jar%23286!/:?]
	at java.util.concurrent.CompletableFuture$AsyncSupply.run(CompletableFuture.java:1768) ~[?:?]
	at java.util.concurrent.CompletableFuture$AsyncSupply.exec(CompletableFuture.java:1760) ~[?:?]
	at java.util.concurrent.ForkJoinTask.doExec(ForkJoinTask.java:373) ~[?:?]
	at java.util.concurrent.ForkJoinPool$WorkQueue.topLevelExec(ForkJoinPool.java:1182) ~[?:?]
	at java.util.concurrent.ForkJoinPool.scan(ForkJoinPool.java:1655) ~[?:?]
	at java.util.concurrent.ForkJoinPool.runWorker(ForkJoinPool.java:1622) ~[?:?]
	at java.util.concurrent.ForkJoinWorkerThread.run(ForkJoinWorkerThread.java:165) ~[?:?]
Caused by: com.google.gson.stream.MalformedJsonException: Use JsonReader.setLenient(true) to accept malformed JSON at line 1 column 13 path $
	at com.google.gson.stream.JsonReader.syntaxError(JsonReader.java:1657) ~[gson-2.10.jar%23107!/:?]
	at com.google.gson.stream.JsonReader.checkLenient(JsonReader.java:1463) ~[gson-2.10.jar%23107!/:?]
	at com.google.gson.stream.JsonReader.doPeek(JsonReader.java:551) ~[gson-2.10.jar%23107!/:?]
	at com.google.gson.stream.JsonReader.peek(JsonReader.java:433) ~[gson-2.10.jar%23107!/:?]
	at com.google.gson.JsonParser.parseReader(JsonParser.java:71) ~[gson-2.10.jar%23107!/:?]
	... 9 more
[08:35:38] [Render thread/WARN]: [Computer Shader Acceleration] OpenGL Version: 4.6.0 Core Profile Context 24.10.38.15.241209
[08:35:38] [Render thread/WARN]: [Computer Shader Acceleration] Compute Shader: Supported
[08:35:38] [Render thread/INFO]: Journeymap Initializing
[08:35:39] [Worker-Main-7/WARN]: Missing textures in model customnpcs:npcmailbox#inventory:
    minecraft:textures/atlas/blocks.png:customnpcs:blocks/mailbox1
[08:35:39] [Worker-Main-7/WARN]: Missing textures in model customnpcs:npccarpentybench#inventory:
    minecraft:textures/atlas/blocks.png:customnpcs:block/carpentrybench
[08:35:39] [Worker-Main-7/WARN]: Missing textures in model customnpcs:npcmailbox3#inventory:
    minecraft:textures/atlas/blocks.png:customnpcs:blocks/mailbox3
[08:35:39] [Worker-Main-7/WARN]: Missing textures in model customnpcs:npcmailbox2#inventory:
    minecraft:textures/atlas/blocks.png:customnpcs:blocks/mailbox2
[08:35:39] [Worker-Main-4/ERROR]: Couldn't parse element loot_tables:irons_spellbooks:chests/citadel/citadel_tomes
com.google.gson.JsonSyntaxException: Unknown type 'minecraft:set_written_book_pages'
	at net.minecraft.world.level.storage.loot.GsonAdapterFactory$JsonAdapter.deserialize(GsonAdapterFactory.java:99) ~[client-1.20.1-20230612.114412-srg.jar%23286!/:?]
	at com.google.gson.internal.bind.TreeTypeAdapter.read(TreeTypeAdapter.java:76) ~[gson-2.10.jar%23107!/:?]
	at com.google.gson.internal.bind.TypeAdapterRuntimeTypeWrapper.read(TypeAdapterRuntimeTypeWrapper.java:40) ~[gson-2.10.jar%23107!/:?]
	at com.google.gson.internal.bind.ArrayTypeAdapter.read(ArrayTypeAdapter.java:72) ~[gson-2.10.jar%23107!/:?]
	at com.google.gson.Gson.fromJson(Gson.java:1214) ~[gson-2.10.jar%23107!/:?]
	at com.google.gson.Gson.fromJson(Gson.java:1319) ~[gson-2.10.jar%23107!/:?]
	at com.google.gson.Gson.fromJson(Gson.java:1290) ~[gson-2.10.jar%23107!/:?]
	at com.google.gson.internal.bind.TreeTypeAdapter$GsonContextImpl.deserialize(TreeTypeAdapter.java:179) ~[gson-2.10.jar%23107!/:?]
	at net.minecraft.util.GsonHelper.m_13808_(GsonHelper.java:463) ~[client-1.20.1-20230612.114412-srg.jar%23286!/:?]
	at net.minecraft.util.GsonHelper.m_13845_(GsonHelper.java:481) ~[client-1.20.1-20230612.114412-srg.jar%23286!/:?]
	at net.minecraft.world.level.storage.loot.entries.LootPoolSingletonContainer$Serializer.m_5921_(LootPoolSingletonContainer.java:149) ~[client-1.20.1-20230612.114412-srg.jar%23286!/:?]
	at net.minecraft.world.level.storage.loot.entries.LootPoolSingletonContainer$Serializer.m_5921_(LootPoolSingletonContainer.java:129) ~[client-1.20.1-20230612.114412-srg.jar%23286!/:?]
	at net.minecraft.world.level.storage.loot.entries.LootPoolEntryContainer$Serializer.m_7561_(LootPoolEntryContainer.java:86) ~[client-1.20.1-20230612.114412-srg.jar%23286!/:?]
	at net.minecraft.world.level.storage.loot.entries.LootPoolEntryContainer$Serializer.m_7561_(LootPoolEntryContainer.java:74) ~[client-1.20.1-20230612.114412-srg.jar%23286!/:?]
	at net.minecraft.world.level.storage.loot.GsonAdapterFactory$JsonAdapter.deserialize(GsonAdapterFactory.java:102) ~[client-1.20.1-20230612.114412-srg.jar%23286!/:?]
	at com.google.gson.internal.bind.TreeTypeAdapter.read(TreeTypeAdapter.java:76) ~[gson-2.10.jar%23107!/:?]
	at com.google.gson.internal.bind.TypeAdapterRuntimeTypeWrapper.read(TypeAdapterRuntimeTypeWrapper.java:40) ~[gson-2.10.jar%23107!/:?]
	at com.google.gson.internal.bind.ArrayTypeAdapter.read(ArrayTypeAdapter.java:72) ~[gson-2.10.jar%23107!/:?]
	at com.google.gson.Gson.fromJson(Gson.java:1214) ~[gson-2.10.jar%23107!/:?]
	at com.google.gson.Gson.fromJson(Gson.java:1319) ~[gson-2.10.jar%23107!/:?]
	at com.google.gson.Gson.fromJson(Gson.java:1290) ~[gson-2.10.jar%23107!/:?]
	at com.google.gson.internal.bind.TreeTypeAdapter$GsonContextImpl.deserialize(TreeTypeAdapter.java:179) ~[gson-2.10.jar%23107!/:?]
	at net.minecraft.util.GsonHelper.m_13808_(GsonHelper.java:463) ~[client-1.20.1-20230612.114412-srg.jar%23286!/:?]
	at net.minecraft.util.GsonHelper.m_13836_(GsonHelper.java:471) ~[client-1.20.1-20230612.114412-srg.jar%23286!/:?]
	at net.minecraft.world.level.storage.loot.LootPool$Serializer.deserialize(LootPool.java:192) ~[client-1.20.1-20230612.114412-srg.jar%23286!/:?]
	at net.minecraft.world.level.storage.loot.LootPool$Serializer.deserialize(LootPool.java:189) ~[client-1.20.1-20230612.114412-srg.jar%23286!/:?]
	at com.google.gson.internal.bind.TreeTypeAdapter.read(TreeTypeAdapter.java:76) ~[gson-2.10.jar%23107!/:?]
	at com.google.gson.internal.bind.TypeAdapterRuntimeTypeWrapper.read(TypeAdapterRuntimeTypeWrapper.java:40) ~[gson-2.10.jar%23107!/:?]
	at com.google.gson.internal.bind.ArrayTypeAdapter.read(ArrayTypeAdapter.java:72) ~[gson-2.10.jar%23107!/:?]
	at com.google.gson.Gson.fromJson(Gson.java:1214) ~[gson-2.10.jar%23107!/:?]
	at com.google.gson.Gson.fromJson(Gson.java:1319) ~[gson-2.10.jar%23107!/:?]
	at com.google.gson.Gson.fromJson(Gson.java:1290) ~[gson-2.10.jar%23107!/:?]
	at com.google.gson.internal.bind.TreeTypeAdapter$GsonContextImpl.deserialize(TreeTypeAdapter.java:179) ~[gson-2.10.jar%23107!/:?]
	at net.minecraft.util.GsonHelper.m_13808_(GsonHelper.java:463) ~[client-1.20.1-20230612.114412-srg.jar%23286!/:?]
	at net.minecraft.util.GsonHelper.m_13845_(GsonHelper.java:481) ~[client-1.20.1-20230612.114412-srg.jar%23286!/:?]
	at net.minecraft.world.level.storage.loot.LootTable$Serializer.deserialize(LootTable.java:294) ~[client-1.20.1-20230612.114412-srg.jar%23286!/:?]
	at net.minecraft.world.level.storage.loot.LootTable$Serializer.deserialize(LootTable.java:291) ~[client-1.20.1-20230612.114412-srg.jar%23286!/:?]
	at com.google.gson.internal.bind.TreeTypeAdapter.read(TreeTypeAdapter.java:76) ~[gson-2.10.jar%23107!/:?]
	at com.google.gson.Gson.fromJson(Gson.java:1214) ~[gson-2.10.jar%23107!/:?]
	at com.google.gson.Gson.fromJson(Gson.java:1319) ~[gson-2.10.jar%23107!/:?]
	at com.google.gson.Gson.fromJson(Gson.java:1261) ~[gson-2.10.jar%23107!/:?]
	at net.minecraftforge.common.ForgeHooks.loadLootTable(ForgeHooks.java:872) ~[forge-1.20.1-47.4.10-universal.jar%23291!/:?]
	at net.minecraftforge.common.ForgeHooks.lambda$getLootTableDeserializer$3(ForgeHooks.java:849) ~[forge-1.20.1-47.4.10-universal.jar%23291!/:?]
	at net.minecraft.world.level.storage.loot.LootDataType.deserialize(LootDataType.java:45) ~[client-1.20.1-20230612.114412-srg.jar%23286!/:?]
	at net.minecraft.world.level.storage.loot.LootDataManager.lambda$scheduleElementParse$4(LootDataManager.java:56) ~[client-1.20.1-20230612.114412-srg.jar%23286!/:?]
	at java.util.HashMap.forEach(HashMap.java:1421) ~[?:?]
	at net.minecraft.world.level.storage.loot.LootDataManager.m_278660_(LootDataManager.java:55) ~[client-1.20.1-20230612.114412-srg.jar%23286!/:?]
	at java.util.concurrent.CompletableFuture$AsyncRun.run(CompletableFuture.java:1804) ~[?:?]
	at java.util.concurrent.CompletableFuture$AsyncRun.exec(CompletableFuture.java:1796) ~[?:?]
	at java.util.concurrent.ForkJoinTask.doExec(ForkJoinTask.java:373) ~[?:?]
	at java.util.concurrent.ForkJoinPool$WorkQueue.topLevelExec(ForkJoinPool.java:1182) ~[?:?]
	at java.util.concurrent.ForkJoinPool.scan(ForkJoinPool.java:1655) ~[?:?]
	at java.util.concurrent.ForkJoinPool.runWorker(ForkJoinPool.java:1622) ~[?:?]
	at java.util.concurrent.ForkJoinWorkerThread.run(ForkJoinWorkerThread.java:165) ~[?:?]
[08:35:39] [pool-13-thread-1/WARN]: Found loot table element validation problem in {loot_tables:irons_spellbooks:chests/citadel/citadel_bookshelf}.pools[8].entries[0]: Unknown loot table called irons_spellbooks:chests/citadel/citadel_tomes
[08:35:39] [Render thread/WARN]: Could not load /assets/iceandfire/models/tabula/firedragon/firedragon_swimming.tbl: in is null
[08:35:39] [Render thread/WARN]: Could not load /assets/iceandfire/models/tabula/firedragon/firedragon_swim5.tbl: in is null
[08:35:40] [pool-13-thread-1/ERROR]: Parsing error loading recipe buildinggadgets2:my_book_recipe_shapeless
com.google.gson.JsonSyntaxException: Invalid or unsupported recipe type 'patchouli:shapeless_book_recipe'
	at net.minecraft.world.item.crafting.RecipeManager.m_220253_(RecipeManager.java:170) ~[client-1.20.1-20230612.114412-srg.jar%23286!/:?]
	at java.util.Optional.orElseThrow(Optional.java:403) ~[?:?]
	at net.minecraft.world.item.crafting.RecipeManager.fromJson(RecipeManager.java:169) ~[client-1.20.1-20230612.114412-srg.jar%23286!/:?]
	at net.minecraft.world.item.crafting.RecipeManager.m_5787_(RecipeManager.java:67) ~[client-1.20.1-20230612.114412-srg.jar%23286!/:?]
	at net.minecraft.world.item.crafting.RecipeManager.m_5787_(RecipeManager.java:34) ~[client-1.20.1-20230612.114412-srg.jar%23286!/:?]
	at net.minecraft.server.packs.resources.SimplePreparableReloadListener.m_10789_(SimplePreparableReloadListener.java:13) ~[client-1.20.1-20230612.114412-srg.jar%23286!/:?]
	at java.util.concurrent.CompletableFuture$UniAccept.tryFire(CompletableFuture.java:718) ~[?:?]
	at java.util.concurrent.CompletableFuture$Completion.run(CompletableFuture.java:482) ~[?:?]
	at net.minecraft.server.packs.resources.SimpleReloadInstance.m_143940_(SimpleReloadInstance.java:69) ~[client-1.20.1-20230612.114412-srg.jar%23286!/:?]
	at java.util.concurrent.ThreadPoolExecutor.runWorker(ThreadPoolExecutor.java:1136) ~[?:?]
	at java.util.concurrent.ThreadPoolExecutor$Worker.run(ThreadPoolExecutor.java:635) ~[?:?]
	at java.lang.Thread.run(Thread.java:840) ~[?:?]
[08:35:40] [Render thread/WARN]: Mod 'iceandfire' took 1.166 s to run a deferred task.
[08:35:40] [pool-13-thread-1/INFO]: Loaded 15 recipes
[08:35:40] [pool-13-thread-1/INFO]: Loaded 1942 advancements
[08:35:41] [Worker-Main-4/INFO]: Got IMC []
[08:35:44] [modloading-worker-0/INFO]: Data keys [invincible:up, invincible:dodge_success_timer, invincible:down, invincible:cooldown, invincible:right, invincible:left, invincible:parry_timer] for invincible:combo_demo
[08:35:44] [modloading-worker-0/INFO]: Data keys [epicfight:combo_counter, epicfight:basic_attack_active] for epicfight:basic_attack
[08:35:44] [modloading-worker-0/INFO]: Data keys [epicfight:penalty, epicfight:penalty_restore_counter] for epicfight:guard
[08:35:44] [modloading-worker-0/INFO]: Data keys [epicfight:penalty, epicfight:last_active, epicfight:penalty_restore_counter, epicfight:parry_motion_counter] for epicfight:parrying
[08:35:44] [modloading-worker-0/INFO]: Data keys [epicfight:penalty, epicfight:penalty_restore_counter] for epicfight:impact_guard
[08:35:44] [modloading-worker-0/INFO]: Data keys [epicfight:resisting_damage_type, epicfight:stacks, epicfight:tick_record] for epicfight:adaptive_skin
[08:35:44] [modloading-worker-0/INFO]: Data keys [epicfight:tick_record] for epicfight:adrenaline_fiend
[08:35:44] [modloading-worker-0/INFO]: Data keys [epicfight:stacks, epicfight:entity_id] for epicfight:bonebreaker
[08:35:44] [modloading-worker-0/INFO]: Data keys [epicfight:tick_record, epicfight:entity_id] for epicfight:vengeance
[08:35:44] [modloading-worker-0/INFO]: Data keys [epicfight:slam_protect_next_fall, epicfight:fall_distance] for epicfight:meteor_slam
[08:35:44] [modloading-worker-0/INFO]: Data keys [epicfight:stacks] for epicfight:revelation
[08:35:44] [modloading-worker-0/INFO]: Data keys [epicfight:slam_protect_next_fall] for epicfight:demolition_leap
[08:35:44] [modloading-worker-0/INFO]: Data keys [epicfight:jump_key_pressed_last_tick, epicfight:jump_count, epicfight:slam_protect_next_fall] for epicfight:phantom_ascent
[08:35:44] [modloading-worker-0/INFO]: Data keys [epicfight:last_hit_count] for epicfight:grasping_spire
[08:35:44] [modloading-worker-0/INFO]: Data keys [epicfight:sheath] for epicfight:battojutsu_passive
[08:35:44] [modloading-worker-0/INFO]: Data keys [epicfight:sheath] for epicfight:battojutsu
[08:35:44] [modloading-worker-0/INFO]: Data keys [epicfight:combo_counter] for epicfight:blade_rush
[08:35:44] [modloading-worker-0/INFO]: Data keys [epicfight:thrown_trident_entity_id] for epicfight:everlasting_allegiance
[08:35:44] [modloading-worker-0/INFO]: Data keys [wom:target_id] for wom:ender_obscuris
[08:35:44] [modloading-worker-0/INFO]: Data keys [wom:timer_refresh, wom:dodge, wom:timer] for wom:dodge_master
[08:35:44] [modloading-worker-0/INFO]: Data keys [wom:timer_refresh, wom:dodge, wom:registered_position, wom:registered_health, wom:timer, wom:cooldown, wom:active] for wom:time_travel
[08:35:44] [modloading-worker-0/INFO]: Data keys [wom:cooldown] for wom:punishment_kick
[08:35:44] [modloading-worker-0/INFO]: Data keys [epicfight:penalty, epicfight:penalty_restore_counter, wom:consumprion_value, wom:last_active, wom:parrying] for wom:counter_attack
[08:35:44] [modloading-worker-0/INFO]: Data keys [wom:timer_refresh, epicfight:penalty, wom:charge, wom:vengence_duration, epicfight:penalty_restore_counter, wom:holding_stance, wom:consumprion_value, wom:timer, wom:cooldown] for wom:vengeful_parry
[08:35:44] [modloading-worker-0/INFO]: Data keys [epicfight:penalty, wom:charge, epicfight:penalty_restore_counter, wom:cooldown, wom:parrying] for wom:perfect_bulwark
[08:35:44] [modloading-worker-0/INFO]: Data keys [wom:cycle, wom:charge] for wom:soul_protection
[08:35:44] [modloading-worker-0/INFO]: Data keys [wom:cycle, wom:charge] for wom:shulker_cloak
[08:35:44] [modloading-worker-0/INFO]: Data keys [epicfight:penalty, epicfight:penalty_restore_counter, wom:timer, wom:active] for wom:buster_parade
[08:35:44] [modloading-worker-0/INFO]: Data keys [wom:timer_refresh, wom:duree, wom:timer, wom:active] for wom:pain_anticipation
[08:35:44] [modloading-worker-0/INFO]: Data keys [wom:timer_refresh, wom:duree, wom:timer, wom:active] for wom:latent_retribution
[08:35:44] [modloading-worker-0/INFO]: Data keys [wom:rate, wom:power] for wom:critical_knowledge
[08:35:44] [modloading-worker-0/INFO]: Data keys [wom:recovery_rate, wom:cooldown, wom:max_shield] for wom:heart_shield
[08:35:44] [modloading-worker-0/INFO]: Data keys [wom:step, wom:melody_index, wom:saved_elapsed_time] for wom:dancing_blade
[08:35:44] [modloading-worker-0/INFO]: Data keys [wom:timer_refresh, wom:stage, wom:duree, wom:cycle, wom:timer, wom:active] for wom:meditation
[08:35:44] [modloading-worker-0/INFO]: Data keys [wom:cooldown] for wom:dopamine
[08:35:44] [modloading-worker-0/INFO]: Data keys [wom:last_active] for wom:manipulator
[08:35:44] [modloading-worker-0/INFO]: Data keys [wom:rate, wom:timer, wom:power, wom:stack] for wom:lethal_focus
[08:35:44] [modloading-worker-0/INFO]: Data keys [wom:timer_refresh, wom:wall_running, wom:timer, wom:angle, wom:wall_glide, wom:jump_key_up] for wom:spider_techniques
[08:35:44] [modloading-worker-0/INFO]: Data keys [wom:diving, wom:consumprion_value, wom:mermaid_movement, wom:cooldown, wom:water_dashing, wom:crawling, wom:jump_key_up] for wom:aqua_maneuvre
[08:35:44] [modloading-worker-0/INFO]: Data keys [wom:stage, wom:wall_running, wom:verso, wom:consumprion_value, wom:timer, wom:active, wom:buffing, wom:wall_glide] for wom:natural_sprinter
[08:35:44] [modloading-worker-0/INFO]: Data keys [wom:timer] for wom:lunatic_vivacity
[08:35:44] [modloading-worker-0/INFO]: Data keys [wom:consumprion_value, wom:registered_health, wom:timer] for wom:voodoo_magic
[08:35:44] [modloading-worker-0/INFO]: Data keys [wom:target_id, wom:target_distance] for wom:back_and_forth
[08:35:44] [modloading-worker-0/INFO]: Data keys [wom:combo, wom:cooldown] for wom:shooting_style
[08:35:44] [modloading-worker-0/INFO]: Data keys [wom:timer, wom:active] for wom:proximity_exploiter
[08:35:44] [modloading-worker-0/INFO]: Data keys [wom:timer, wom:stack] for wom:all_eyes_on_you
[08:35:44] [modloading-worker-0/INFO]: Data keys [wom:timer, wom:stack] for wom:all_eyes_on_me
[08:35:44] [modloading-worker-0/INFO]: Data keys [wom:timer, wom:cooldown] for wom:avatar_of_might
[08:35:44] [modloading-worker-0/INFO]: Data keys [wom:attacks, wom:active, wom:stack] for wom:agony_plunge
[08:35:44] [modloading-worker-0/INFO]: Data keys [wom:timer_refresh, wom:charging_time, wom:charging, wom:saved_charge, wom:charged_attack, wom:timer, wom:active, wom:movespeed, wom:charged] for wom:torment_passive
[08:35:44] [modloading-worker-0/INFO]: Data keys [wom:timer_refresh, wom:timer, wom:active] for wom:true_berserk
[08:35:44] [modloading-worker-0/INFO]: Data keys [wom:stack] for wom:herrscher_passive
[08:35:44] [modloading-worker-0/INFO]: Data keys [wom:timer_refresh, wom:buffed, wom:redemptioon, wom:verso, wom:strenght, wom:timer, wom:buffing, wom:expiation] for wom:plunder_perdition
[08:35:44] [modloading-worker-0/INFO]: Data keys [wom:sheath] for wom:satsujin_passive
[08:35:44] [modloading-worker-0/INFO]: Data keys [wom:damage, wom:active, wom:frequency, wom:timer_refresh, wom:attacks, wom:charge, wom:timedslash, wom:charging, wom:holding_stance, wom:saved_charge, wom:timer, wom:cooldown, wom:second_draw, wom:stack] for wom:sakura_state
[08:35:44] [modloading-worker-0/INFO]: Data keys [wom:nofalldamage, wom:shoot, wom:combo, wom:zoom, wom:using_item, wom:cooldown, wom:reload_cooldown] for wom:ender_blast
[08:35:44] [modloading-worker-0/INFO]: Data keys [wom:nofalldamage, wom:shoot, wom:combo, wom:zoom, wom:using_item, wom:cooldown, wom:side, wom:reload_cooldown] for wom:ender_fusion
[08:35:44] [modloading-worker-0/INFO]: Data keys [wom:gesetz_sprengkopf, wom:charging_time, wom:guard_point, wom:guard_point_result, wom:combo, wom:holding_stance, wom:cooldown, wom:parrying, wom:charged] for wom:regierung
[08:35:44] [modloading-worker-0/INFO]: Data keys [wom:timer_refresh, wom:crescent, wom:echo, wom:lunar_eclipse_stack, wom:timer] for wom:lunar_eclipse
[08:35:44] [modloading-worker-0/INFO]: Data keys [wom:verso, wom:idle] for wom:lunar_echo_passive
[08:35:44] [modloading-worker-0/INFO]: Data keys [wom:ascending, wom:serius_focus_cooldown, wom:darkness_target, wom:shoot, wom:blackhole_timer, wom:zoom_cooldown, wom:zoom, wom:darkness_target_hited, wom:darkness_portal_timer, wom:active, wom:shoot_cooldown, wom:darkness_portal_angle, wom:blackhole_vec, wom:timer_refresh, wom:serius_focus, wom:witherccatharsis, wom:darkness_target_reaped, wom:darkness_portal_vec, wom:timer, wom:witheraftereffect, wom:blackhole_active, wom:darkness_target_vec, wom:blackhole, wom:darkness_activate_portal] for wom:demonic_ascension
[08:35:44] [modloading-worker-0/INFO]: Data keys [wom:blink, wom:basic_attack, wom:idle, wom:particle, wom:lapse, wom:withercurse, wom:catharsis] for wom:demon_mark_passive
[08:35:44] [modloading-worker-0/INFO]: Data keys [wom:solar_obscuridad, wom:heat_level, wom:heating_speed, wom:solar_crematorio, wom:particle, wom:timer_refresh, wom:cycle, wom:solar_obscuridad_ta_timer, wom:charge, wom:charging, wom:timer, wom:timed_attack, wom:stored_heat_level, wom:solar_infernio] for wom:solar_arcano
[08:35:44] [modloading-worker-0/INFO]: Data keys [wom:solar_obscuridad, wom:heat_level, wom:heating_speed, wom:solar_crematorio, wom:particle, wom:timer_refresh, wom:cycle, wom:solar_obscuridad_ta_timer, wom:charge, wom:charging, wom:timer, wom:timed_attack, wom:stored_heat_level, wom:solar_infernio] for wom:solar_passive
[08:35:44] [modloading-worker-0/INFO]: Data keys [wom:serius_focus, wom:serius_focus_cooldown] for wom:rechargement
[08:35:44] [modloading-worker-0/INFO]: Data keys [wom:bullet_loaded, wom:bullet_overloaded, wom:shell_anim, wom:shell_number, wom:shell_delay, wom:bullet_loaded_old, wom:active, wom:super_reload] for wom:napoleon_passive
[08:35:44] [modloading-worker-0/INFO]: Data keys [efn:scythe_blood_power, efn:scythe_sheath] for efn:scythe_skill
[08:35:44] [modloading-worker-0/INFO]: Data keys [efn:thornwheel_loop_available, efn:thornwheel_loop, efn:press_innate] for efn:thornwheel
[08:35:44] [modloading-worker-0/INFO]: Data keys [efn:jump_key_pressed_last_tick, efn:murasama_forward_dodge, efn:jump_count] for efn:murasama_dodge
[08:35:44] [modloading-worker-0/INFO]: Data keys [efn:base_puncture_chance, efn:max_puncture_chance, efn:current_puncture_chance, efn:puncture_increment] for efn:parry_master
[08:35:44] [modloading-worker-0/INFO]: Data keys [efn:buff_end_tick, efn:buff_active, efn:defense_start_tick] for efn:precise_parry
[08:35:44] [modloading-worker-0/INFO]: Data keys [efn:cooldown, efn:cooldown_1, efn:cooldown_2] for efn:judgementcutend
[08:35:44] [modloading-worker-0/INFO]: Data keys [efn:cooldown, efn:cooldown_1, efn:cooldown_2] for efn:stomp
[08:35:44] [modloading-worker-0/INFO]: Data keys [efn:arts_key_pressed, efn:murasama_zandatsu_available, efn:murasama_zansetsu_sector, efn:murasama_last_triggered_sector, efn:murasama_zansetsu_end_time, efn:murasama_key_left_down, efn:murasama_input_mode_switch_pressed, efn:murasama_pair_flag, efn:murasama_zansetsu_input_mode, efn:murasama_zansetsu_timer, efn:murasama_zansetsu_attack_counter, efn:murasama_key_right_down, efn:murasama_zansetsu_start_time, efn:murasama_zandatsu_end_time, efn:murasama_zandatsu_start_time, efn:murasama_left_mouse_pressed, efn:arts_key, efn:murasama_zansetsu_active, efn:murasama_opposite_triggered, efn:murasama_zansetsu_slash_release] for efn:zansetsu
[08:35:44] [modloading-worker-0/INFO]: Data keys [efn:cooldown, efn:cooldown_1, efn:cooldown_2] for efn:execution
[08:35:44] [modloading-worker-0/INFO]: Data keys [epicfight:penalty, efn:efn_parry_motion_counter, efn:efn_last_successful_defense_tick, efn:efn_shake_detected, efn:efn_first_shake, efn:efn_last_guard_start_tick, efn:efn_last_parry_time, epicfight:penalty_restore_counter, efn:efn_last_active, efn:efn_shake_penalty_count, efn:efn_starting_parry, efn:efn_delay_protection_end] for efn:efn_parry
[08:35:44] [modloading-worker-0/INFO]: Data keys [epicfight:penalty, efn:efn_parry_motion_counter, efn:efn_last_successful_defense_tick, efn:efn_shake_detected, efn:efn_first_shake, efn:efn_last_guard_start_tick, efn:efn_last_parry_time, epicfight:penalty_restore_counter, efn:efn_last_active, efn:efn_shake_penalty_count, efn:efn_starting_parry, efn:efn_delay_protection_end] for efn:murasama_parry
[08:35:44] [modloading-worker-0/INFO]: Data keys [efn:arts_key_pressed, efn:cooldown, efn:arts_input_buffer, efn:cooldown_1, efn:sekiro_art_index, efn:cooldown_2, efn:arts_key] for efn:mortal_blade
[08:35:44] [modloading-worker-0/INFO]: Data keys [efn:key3_press_timer, efn:pressing_key3, invincible:cooldown, invincible:right, invincible:left, efn:guard_key, invincible:parry_timer, efn:is_pressing, efn:pressing_key1, efn:arts_key_pressed, efn:is_charging, efn:charge_ticks, efn:doppelganger_delay, efn:cooldown_2, efn:angel_key, efn:press_innate, efn:pressing_innate, efn:combo_counter, efn:sneak_key, efn:cooldown, invincible:down, efn:demon_key, efn:arts_key, efn:pressing_key2, efn:jump_key, efn:force_release, efn:press_summon_sword, efn:press_key2, invincible:dodge_success_timer, efn:have_doppelganger, efn:charge_stage, efn:key2_press_timer, efn:press_key4, efn:doppelganger_style, efn:energy_check, efn:press_doppelganger, efn:charge_power, efn:press_key3, efn:sprint_key, efn:up_key, efn:was_long_pressed, efn:charge_message, invincible:up, efn:cooldown_1, efn:full_charge_message, efn:key4_press_timer, efn:key1_press_timer, efn:press_key1, efn:pressing_key4, efn:doppelganger_tick, efn:down_key, efn:innate_press_timer] for efn:yamato
[08:35:44] [modloading-worker-0/INFO]: Data keys [efn:doppelganger_tick, efn:doppelganger_style, efn:have_doppelganger, efn:stun_cooldown, efn:doppelganger_delay, efn:parry_cooldown] for efn:yamato_passive
[08:35:44] [modloading-worker-0/INFO]: Data keys [efn:key3_press_timer, efn:damage_history, efn:pressing_key3, invincible:cooldown, invincible:right, invincible:left, efn:is_replay_damage, efn:guard_key, efn:replay_enhanced, invincible:parry_timer, efn:is_pressing, efn:pressing_key1, efn:arts_key_pressed, efn:is_charging, efn:charge_ticks, efn:cooldown_2, efn:angel_key, efn:press_innate, efn:pressing_innate, efn:combo_counter, efn:sneak_key, efn:cooldown, invincible:down, efn:demon_key, efn:arts_key, efn:pressing_key2, efn:jump_key, efn:force_release, efn:press_summon_sword, efn:press_key2, invincible:dodge_success_timer, efn:charge_stage, efn:key2_press_timer, efn:press_key4, efn:energy_check, efn:charge_power, efn:press_key3, efn:sprint_key, efn:up_key, efn:was_long_pressed, efn:charge_message, invincible:up, efn:cooldown_1, efn:full_charge_message, efn:key4_press_timer, efn:key1_press_timer, efn:press_key1, efn:pressing_key4, efn:down_key, efn:innate_press_timer] for efn:shortsword
[08:35:44] [modloading-worker-0/INFO]: Data keys [efn:key3_press_timer, efn:force_release, efn:press_summon_sword, efn:press_key2, invincible:dodge_success_timer, efn:charge_stage, efn:pressing_key3, efn:key2_press_timer, invincible:cooldown, invincible:right, invincible:left, efn:press_key4, efn:energy_check, efn:guard_key, invincible:parry_timer, efn:is_pressing, efn:pressing_key1, efn:charge_power, efn:arts_key_pressed, efn:press_key3, efn:sprint_key, efn:up_key, efn:was_long_pressed, efn:is_charging, efn:charge_message, invincible:up, efn:charge_ticks, efn:cooldown_1, efn:cooldown_2, efn:angel_key, efn:press_innate, efn:pressing_innate, efn:full_charge_message, efn:key4_press_timer, efn:key1_press_timer, efn:combo_counter, efn:press_key1, efn:pressing_key4, efn:down_key, efn:sneak_key, efn:cooldown, efn:innate_press_timer, invincible:down, efn:demon_key, efn:arts_key, efn:pressing_key2, efn:jump_key] for efn:ruinsgreatsword
[08:35:44] [modloading-worker-0/INFO]: Data keys [efn:key3_press_timer, efn:force_release, efn:press_summon_sword, efn:press_key2, invincible:dodge_success_timer, efn:charge_stage, efn:pressing_key3, efn:key2_press_timer, invincible:cooldown, invincible:right, invincible:left, efn:press_key4, efn:energy_check, efn:guard_key, invincible:parry_timer, efn:is_pressing, efn:pressing_key1, efn:charge_power, efn:arts_key_pressed, efn:press_key3, efn:sprint_key, efn:up_key, efn:was_long_pressed, efn:is_charging, efn:charge_message, invincible:up, efn:charge_ticks, efn:cooldown_1, efn:cooldown_2, efn:angel_key, efn:press_innate, efn:pressing_innate, efn:full_charge_message, efn:key4_press_timer, efn:key1_press_timer, efn:combo_counter, efn:press_key1, efn:pressing_key4, efn:down_key, efn:sneak_key, efn:cooldown, efn:innate_press_timer, invincible:down, efn:demon_key, efn:arts_key, efn:pressing_key2, efn:jump_key] for efn:pioneer
[08:35:44] [modloading-worker-0/INFO]: Data keys [efn:murasama_zandatsu_available, efn:key3_press_timer, efn:murasama_zansetsu_end_time, efn:pressing_key3, invincible:cooldown, invincible:right, invincible:left, efn:murasama_zansetsu_input_mode, efn:murasama_zansetsu_timer, efn:murasama_air_borne, efn:manual_unsheath, efn:guard_key, efn:murasama_zansetsu_start_time, efn:murasama_sheath, efn:murasama_zandatsu_start_time, invincible:parry_timer, efn:murasama_left_mouse_pressed, efn:is_pressing, efn:murasama_zansetsu_slash_release, efn:pressing_key1, efn:arts_key_pressed, efn:murasama_forward_dodge, efn:is_charging, efn:charge_ticks, efn:cooldown_2, efn:angel_key, efn:press_innate, efn:pressing_innate, efn:combo_counter, efn:sneak_key, efn:cooldown, invincible:down, efn:murasama_zandatsu_end_time, efn:murasama_zansetsu_active, efn:demon_key, efn:arts_key, efn:pressing_key2, efn:jump_key, efn:murasama_zansetsu_sector, efn:force_release, efn:murasama_last_triggered_sector, efn:sprint_sheath_timer, efn:press_summon_sword, efn:press_key2, invincible:dodge_success_timer, efn:murasama_input_mode_switch_pressed, efn:charge_stage, efn:key2_press_timer, efn:press_key4, efn:energy_check, efn:murasama_sheath_timer, efn:charge_power, efn:press_key3, efn:sprint_key, efn:up_key, efn:was_long_pressed, efn:charge_message, invincible:up, efn:murasama_key_left_down, efn:cooldown_1, efn:murasama_pair_flag, efn:full_charge_message, efn:key4_press_timer, efn:key1_press_timer, efn:press_key1, efn:pressing_key4, efn:murasama_zansetsu_attack_counter, efn:down_key, efn:innate_press_timer, efn:murasama_key_right_down, efn:murasama_opposite_triggered] for efn:murasama
[08:35:44] [modloading-worker-0/INFO]: Data keys [efn:murasama_zandatsu_available, efn:murasama_zansetsu_sector, efn:jump_count, efn:murasama_last_triggered_sector, efn:murasama_zansetsu_end_time, efn:sprint_sheath_timer, efn:murasama_input_mode_switch_pressed, efn:murasama_zansetsu_input_mode, efn:forward_backward_end_tick, efn:murasama_zansetsu_timer, efn:is_double_tap_sprint, efn:double_tap_timer, efn:manual_unsheath, efn:murasama_zansetsu_start_time, efn:up_key_pressed_last_tick, efn:murasama_sheath, efn:murasama_sheath_timer, efn:murasama_zandatsu_start_time, efn:murasama_left_mouse_pressed, efn:murasama_zansetsu_slash_release, efn:murasama_forward_dodge, efn:forward_backward_window_active, efn:murasama_key_left_down, efn:forward_backward_timer, efn:murasama_pair_flag, efn:jump_key_pressed_last_tick, efn:murasama_zansetsu_attack_counter, efn:forward_backward_success, efn:forward_pressed_last_tick, efn:was_double_tap_sprint, efn:murasama_key_right_down, efn:forward_backward_remaining_ticks, efn:murasama_zandatsu_end_time, efn:backward_pressed_last_tick, efn:murasama_zansetsu_active, efn:murasama_opposite_triggered] for efn:murasama_passive
[08:35:44] [modloading-worker-0/INFO]: Data keys [efn:key3_press_timer, efn:force_release, efn:press_summon_sword, efn:press_key2, invincible:dodge_success_timer, efn:charge_stage, efn:pressing_key3, efn:key2_press_timer, invincible:cooldown, invincible:right, invincible:left, efn:press_key4, efn:energy_check, efn:guard_key, invincible:parry_timer, efn:is_pressing, efn:pressing_key1, efn:charge_power, efn:arts_key_pressed, efn:press_key3, efn:sprint_key, efn:up_key, efn:was_long_pressed, efn:is_charging, efn:charge_message, invincible:up, efn:charge_ticks, efn:cooldown_1, efn:cooldown_2, efn:angel_key, efn:press_innate, efn:pressing_innate, efn:full_charge_message, efn:key4_press_timer, efn:key1_press_timer, efn:combo_counter, efn:press_key1, efn:pressing_key4, efn:down_key, efn:sneak_key, efn:cooldown, efn:innate_press_timer, invincible:down, efn:demon_key, efn:arts_key, efn:pressing_key2, efn:jump_key] for efn:meenlance
[08:35:44] [modloading-worker-0/INFO]: Data keys [efn:key3_press_timer, efn:force_release, efn:press_summon_sword, efn:press_key2, invincible:dodge_success_timer, efn:charge_stage, efn:pressing_key3, efn:key2_press_timer, invincible:cooldown, invincible:right, invincible:left, efn:press_key4, efn:energy_check, efn:guard_key, invincible:parry_timer, efn:is_pressing, efn:pressing_key1, efn:charge_power, efn:arts_key_pressed, efn:press_key3, efn:sprint_key, efn:up_key, efn:was_long_pressed, efn:is_charging, efn:charge_message, invincible:up, efn:charge_ticks, efn:cooldown_1, efn:cooldown_2, efn:angel_key, efn:press_innate, efn:pressing_innate, efn:full_charge_message, efn:key4_press_timer, efn:key1_press_timer, efn:combo_counter, efn:press_key1, efn:pressing_key4, efn:down_key, efn:sneak_key, efn:cooldown, efn:innate_press_timer, invincible:down, efn:demon_key, efn:arts_key, efn:pressing_key2, efn:jump_key] for efn:kusabimaru
[08:35:44] [modloading-worker-0/INFO]: Data keys [efn:murasama_zandatsu_available, efn:key3_press_timer, efn:murasama_zansetsu_end_time, efn:pressing_key3, invincible:cooldown, invincible:right, invincible:left, efn:murasama_zansetsu_input_mode, efn:murasama_zansetsu_timer, efn:murasama_air_borne, efn:manual_unsheath, efn:guard_key, efn:murasama_zansetsu_start_time, efn:murasama_sheath, efn:murasama_zandatsu_start_time, invincible:parry_timer, efn:murasama_left_mouse_pressed, efn:is_pressing, efn:murasama_zansetsu_slash_release, efn:pressing_key1, efn:arts_key_pressed, efn:murasama_forward_dodge, efn:is_charging, efn:charge_ticks, efn:cooldown_2, efn:angel_key, efn:press_innate, efn:pressing_innate, efn:combo_counter, efn:sneak_key, efn:cooldown, invincible:down, efn:murasama_zandatsu_end_time, efn:murasama_zansetsu_active, efn:demon_key, efn:arts_key, efn:pressing_key2, efn:jump_key, efn:murasama_zansetsu_sector, efn:force_release, efn:murasama_last_triggered_sector, efn:sprint_sheath_timer, efn:press_summon_sword, efn:press_key2, invincible:dodge_success_timer, efn:murasama_input_mode_switch_pressed, efn:charge_stage, efn:key2_press_timer, efn:press_key4, efn:energy_check, efn:murasama_sheath_timer, efn:charge_power, efn:press_key3, efn:sprint_key, efn:up_key, efn:was_long_pressed, efn:charge_message, invincible:up, efn:murasama_key_left_down, efn:cooldown_1, efn:murasama_pair_flag, efn:full_charge_message, efn:key4_press_timer, efn:key1_press_timer, efn:press_key1, efn:pressing_key4, efn:murasama_zansetsu_attack_counter, efn:down_key, efn:innate_press_timer, efn:murasama_key_right_down, efn:murasama_opposite_triggered] for efn:hf_blade
[08:35:44] [modloading-worker-0/INFO]: Data keys [efn:murasama_zandatsu_available, efn:murasama_zansetsu_sector, efn:jump_count, efn:murasama_last_triggered_sector, efn:murasama_zansetsu_end_time, efn:sprint_sheath_timer, efn:murasama_input_mode_switch_pressed, efn:murasama_zansetsu_input_mode, efn:forward_backward_end_tick, efn:murasama_zansetsu_timer, efn:is_double_tap_sprint, efn:double_tap_timer, efn:manual_unsheath, efn:murasama_zansetsu_start_time, efn:up_key_pressed_last_tick, efn:murasama_sheath, efn:murasama_sheath_timer, efn:murasama_zandatsu_start_time, efn:murasama_left_mouse_pressed, efn:murasama_zansetsu_slash_release, efn:murasama_forward_dodge, efn:forward_backward_window_active, efn:murasama_key_left_down, efn:forward_backward_timer, efn:murasama_pair_flag, efn:jump_key_pressed_last_tick, efn:murasama_zansetsu_attack_counter, efn:forward_backward_success, efn:forward_pressed_last_tick, efn:was_double_tap_sprint, efn:murasama_key_right_down, efn:forward_backward_remaining_ticks, efn:murasama_zandatsu_end_time, efn:backward_pressed_last_tick, efn:murasama_zansetsu_active, efn:murasama_opposite_triggered] for efn:hf_blade_passive
[08:35:44] [modloading-worker-0/INFO]: Data keys [efn:key3_press_timer, efn:force_release, efn:press_summon_sword, efn:press_key2, invincible:dodge_success_timer, efn:charge_stage, efn:pressing_key3, efn:key2_press_timer, invincible:cooldown, invincible:right, invincible:left, efn:press_key4, efn:energy_check, efn:guard_key, invincible:parry_timer, efn:is_pressing, efn:pressing_key1, efn:charge_power, efn:arts_key_pressed, efn:press_key3, efn:sprint_key, efn:up_key, efn:was_long_pressed, efn:is_charging, efn:charge_message, invincible:up, efn:charge_ticks, efn:cooldown_1, efn:cooldown_2, efn:angel_key, efn:press_innate, efn:pressing_innate, efn:full_charge_message, efn:key4_press_timer, efn:key1_press_timer, efn:combo_counter, efn:press_key1, efn:pressing_key4, efn:down_key, efn:sneak_key, efn:cooldown, efn:innate_press_timer, invincible:down, efn:demon_key, efn:arts_key, efn:pressing_key2, efn:jump_key] for efn:exsiliumgladius
[08:35:44] [modloading-worker-0/INFO]: Data keys [invincible:up, invincible:dodge_success_timer, invincible:down, invincible:cooldown, invincible:right, invincible:left, invincible:parry_timer] for efn:examplecombo
[08:35:44] [modloading-worker-0/INFO]: Data keys [efn:key3_press_timer, efn:force_release, efn:press_summon_sword, efn:press_key2, invincible:dodge_success_timer, efn:charge_stage, efn:pressing_key3, efn:key2_press_timer, invincible:cooldown, invincible:right, invincible:left, efn:press_key4, efn:energy_check, efn:guard_key, invincible:parry_timer, efn:is_pressing, efn:pressing_key1, efn:charge_power, efn:arts_key_pressed, efn:press_key3, efn:sprint_key, efn:up_key, efn:was_long_pressed, efn:is_charging, efn:charge_message, invincible:up, efn:charge_ticks, efn:cooldown_1, efn:cooldown_2, efn:angel_key, efn:press_innate, efn:pressing_innate, efn:full_charge_message, efn:key4_press_timer, efn:key1_press_timer, efn:combo_counter, efn:press_key1, efn:pressing_key4, efn:down_key, efn:sneak_key, efn:cooldown, efn:innate_press_timer, invincible:down, efn:demon_key, efn:arts_key, efn:pressing_key2, efn:jump_key] for efn:crescentmoon
[08:35:44] [modloading-worker-0/INFO]: Data keys [efn:key3_press_timer, efn:force_release, efn:press_summon_sword, efn:press_key2, invincible:dodge_success_timer, efn:charge_stage, efn:pressing_key3, efn:key2_press_timer, invincible:cooldown, invincible:right, invincible:left, efn:press_key4, efn:energy_check, efn:guard_key, invincible:parry_timer, efn:is_pressing, efn:pressing_key1, efn:charge_power, efn:arts_key_pressed, efn:press_key3, efn:sprint_key, efn:up_key, efn:was_long_pressed, efn:is_charging, efn:charge_message, invincible:up, efn:charge_ticks, efn:cooldown_1, efn:cooldown_2, efn:angel_key, efn:press_innate, efn:pressing_innate, efn:full_charge_message, efn:key4_press_timer, efn:key1_press_timer, efn:combo_counter, efn:press_key1, efn:pressing_key4, efn:down_key, efn:sneak_key, efn:cooldown, efn:innate_press_timer, invincible:down, efn:demon_key, efn:arts_key, efn:pressing_key2, efn:jump_key] for efn:broadblade
[08:35:44] [modloading-worker-0/INFO]: Data keys [efn:key3_press_timer, efn:force_release, efn:press_summon_sword, efn:press_key2, invincible:dodge_success_timer, efn:charge_stage, efn:pressing_key3, efn:key2_press_timer, invincible:cooldown, invincible:right, invincible:left, efn:press_key4, efn:energy_check, efn:guard_key, invincible:parry_timer, efn:is_pressing, efn:pressing_key1, efn:charge_power, efn:arts_key_pressed, efn:press_key3, efn:sprint_key, efn:up_key, efn:was_long_pressed, efn:is_charging, efn:charge_message, invincible:up, efn:charge_ticks, efn:cooldown_1, efn:cooldown_2, efn:angel_key, efn:press_innate, efn:pressing_innate, efn:full_charge_message, efn:key4_press_timer, efn:key1_press_timer, efn:combo_counter, efn:press_key1, efn:pressing_key4, efn:down_key, efn:sneak_key, efn:cooldown, efn:innate_press_timer, invincible:down, efn:demon_key, efn:arts_key, efn:pressing_key2, efn:jump_key] for efn:bloodlust
[08:35:44] [modloading-worker-0/INFO]: Data keys [efn:key3_press_timer, efn:force_release, efn:press_summon_sword, efn:press_key2, invincible:dodge_success_timer, efn:charge_stage, efn:pressing_key3, efn:key2_press_timer, invincible:cooldown, invincible:right, invincible:left, efn:press_key4, efn:energy_check, efn:guard_key, invincible:parry_timer, efn:is_pressing, efn:pressing_key1, efn:charge_power, efn:arts_key_pressed, efn:press_key3, efn:sprint_key, efn:up_key, efn:was_long_pressed, efn:is_charging, efn:charge_message, invincible:up, efn:charge_ticks, efn:cooldown_1, efn:cooldown_2, efn:angel_key, efn:press_innate, efn:pressing_innate, efn:full_charge_message, efn:key4_press_timer, efn:key1_press_timer, efn:combo_counter, efn:press_key1, efn:pressing_key4, efn:down_key, efn:sneak_key, efn:cooldown, efn:innate_press_timer, invincible:down, efn:demon_key, efn:arts_key, efn:pressing_key2, efn:jump_key] for efn:beastclaw
[08:35:44] [modloading-worker-0/INFO]: Data keys [efn:key3_press_timer, efn:force_release, efn:press_summon_sword, efn:press_key2, invincible:dodge_success_timer, efn:charge_stage, efn:pressing_key3, efn:key2_press_timer, invincible:cooldown, invincible:right, invincible:left, efn:press_key4, efn:energy_check, efn:guard_key, invincible:parry_timer, efn:is_pressing, efn:pressing_key1, efn:charge_power, efn:arts_key_pressed, efn:press_key3, efn:sprint_key, efn:up_key, efn:was_long_pressed, efn:is_charging, efn:charge_message, invincible:up, efn:charge_ticks, efn:cooldown_1, efn:cooldown_2, efn:angel_key, efn:press_innate, efn:pressing_innate, efn:full_charge_message, efn:key4_press_timer, efn:key1_press_timer, efn:combo_counter, efn:press_key1, efn:pressing_key4, efn:down_key, efn:sneak_key, efn:cooldown, efn:innate_press_timer, invincible:down, efn:demon_key, efn:arts_key, efn:pressing_key2, efn:jump_key] for efn:aetherialdusk
[08:35:44] [modloading-worker-0/INFO]: Data keys [epicfightx:dodge_attacking] for epicfightx:roll
[08:35:44] [modloading-worker-0/INFO]: Data keys [epicfightx:dodge_attacking] for epicfightx:step
[08:35:44] [modloading-worker-0/INFO]: Data keys [epicfightx:dodge_start_time, epicfightx:counter_available, epicfightx:is_special_animation] for epicfightx:combat_mastery_i
[08:35:44] [modloading-worker-0/INFO]: Data keys [epicfightx:dodge_start_time, epicfightx:sprint_available, epicfightx:sprint_active] for epicfightx:combat_mastery_ii
[08:35:44] [modloading-worker-0/INFO]: Data keys [epicfightx:cooldown] for epicfightx:pickaxe_skill
[08:35:44] [modloading-worker-0/INFO]: Data keys [epicfightx:great_tachi_marked_entities] for epicfightx:otachi_skill
[08:35:44] [modloading-worker-0/INFO]: Data keys [epicfightx:sheath_form, epicfightx:attack_count_snapshot, epicfightx:attack_count] for epicfightx:katana_skill
[08:35:44] [modloading-worker-0/INFO]: Data keys [epicfightx:sheath_killed, epicfightx:sheath] for epicfightx:battojutsu_passive
[08:35:44] [modloading-worker-0/INFO]: Data keys [epicfightx:sheath] for epicfightx:battojutsu
[08:35:44] [Render thread/INFO]: Added resource packs: [vanilla, mod_resources, fabric]
[08:35:44] [Render thread/WARN]: Missing sound for event: minecraft:item.goat_horn.play
[08:35:44] [Render thread/WARN]: Missing sound for event: minecraft:entity.goat.screaming.horn_break
[08:35:44] [Render thread/WARN]: Missing sound for event: cataclysm:ignisshieldbreak
[08:35:44] [Render thread/WARN]: Missing sound for event: irons_spellbooks:entity.generic.swing_weird
[08:35:44] [Render thread/WARN]: Missing sound for event: irons_spellbooks:entity.dead_king.music.drum_loop
[08:35:44] [Render thread/WARN]: Missing sound for event: efn:nosound
[08:35:45] [Render thread/INFO]: OpenAL initialized on device OpenAL Soft on Headphones (HM-805)
[08:35:45] [Render thread/INFO]: Sound engine started
[08:35:45] [Render thread/INFO]: Created: 4096x2048x3 minecraft:textures/atlas/blocks.png-atlas
[08:35:45] [Render thread/INFO]: Created: 512x256x3 minecraft:textures/atlas/signs.png-atlas
[08:35:45] [Render thread/INFO]: Created: 512x512x3 minecraft:textures/atlas/banner_patterns.png-atlas
[08:35:45] [Render thread/INFO]: Created: 512x512x3 minecraft:textures/atlas/shield_patterns.png-atlas
[08:35:45] [Render thread/INFO]: Created: 2048x1024x3 minecraft:textures/atlas/armor_trims.png-atlas
[08:35:45] [Render thread/INFO]: Created: 512x512x3 minecraft:textures/atlas/chest.png-atlas
[08:35:45] [Render thread/INFO]: Created: 128x64x3 minecraft:textures/atlas/decorated_pot.png-atlas
[08:35:45] [Render thread/INFO]: Created: 512x256x3 minecraft:textures/atlas/shulker_boxes.png-atlas
[08:35:45] [Render thread/INFO]: Created: 512x256x3 minecraft:textures/atlas/beds.png-atlas
[08:35:47] [Render thread/WARN]: Shader rendertype_entity_translucent_emissive could not find sampler named Sampler2 in the specified shader program.
[08:35:47] [Render thread/WARN]: Shader sdmshop:rounded_border could not find sampler named Sampler0 in the specified shader program.
[08:35:47] [Render thread/WARN]: Shader sdmshop:blocky_border could not find sampler named Sampler0 in the specified shader program.
[08:35:47] [Render thread/WARN]: Shader sdmshop:blocky_border_batched could not find sampler named Sampler0 in the specified shader program.
[08:35:47] [Render thread/INFO]: Loading EFN shaders...
[08:35:47] [Render thread/INFO]: All EFN shaders loaded successfully
[08:35:47] [Render thread/INFO]: Registered Rounded Border Shader | sdmshop:rounded_border
[08:35:47] [Render thread/INFO]: Registered Blocky Border Shader | sdmshop:blocky_border
[08:35:47] [Render thread/INFO]: Registered Blocky Batched Border Shader | sdmshop:blocky_border_batched
[08:35:47] [Render thread/INFO]: [Fog Renderer] Created fog data texture: 116
[08:35:47] [Render thread/INFO]: [Fog Renderer] VolumeFogRenderer initialized
[08:35:47] [Render thread/INFO]: [Fog Renderer] Shader set: true
[08:35:47] [Render thread/INFO]: Volume fog shader loaded successfully
[08:35:47] [Render thread/INFO]: Created: 8192x8192x0 minecraft:textures/atlas/particles.png-atlas
[08:35:47] [Render thread/WARN]: Missing particle sprites: efn:exp1,efn:exp10,efn:exp11,efn:exp12,efn:exp13,efn:exp14,efn:exp15,efn:exp16,efn:exp17,efn:exp18,efn:exp2,efn:exp3,efn:exp4,efn:exp5,efn:exp6,efn:exp7,efn:exp8,efn:exp9,efn:firecut_1,efn:firecut_2,efn:firecut_3,efn:firecut_4,efn:fireslash1,efn:fireslash10,efn:fireslash11,efn:fireslash12,efn:fireslash13,efn:fireslash14,efn:fireslash15,efn:fireslash16,efn:fireslash17,efn:fireslash18,efn:fireslash19,efn:fireslash2,efn:fireslash20,efn:fireslash21,efn:fireslash22,efn:fireslash23,efn:fireslash3,efn:fireslash4,efn:fireslash5,efn:fireslash6,efn:fireslash7,efn:fireslash8,efn:fireslash9
[08:35:47] [Render thread/INFO]: Created: 512x256x0 minecraft:textures/atlas/paintings.png-atlas
[08:35:47] [Render thread/INFO]: Created: 512x512x0 minecraft:textures/atlas/mob_effects.png-atlas
[08:35:47] [Render thread/INFO]: Created: 256x256x0 jei:textures/atlas/gui.png-atlas
[08:36:00] [Render thread/ERROR]: Datapack animation reading failed: No constructor information has provided: efn:biped/arc_test/timepause
[08:36:00] [Render thread/ERROR]: Datapack animation reading failed: No constructor information has provided: efn:biped/dmc5_v_jc
[08:36:00] [Render thread/ERROR]: Datapack animation reading failed: No constructor information has provided: efn:biped/exsiliumgladius_reborn/exsiliumgladius_c
[08:36:00] [Render thread/ERROR]: Datapack animation reading failed: No constructor information has provided: efn:biped/exsiliumgladius_reborn/exsiliumgladius_c_b
[08:36:00] [Render thread/ERROR]: Datapack animation reading failed: No constructor information has provided: efn:biped/exsiliumgladius_reborn/exsiliumgladius_c_f
[08:36:00] [Render thread/ERROR]: Datapack animation reading failed: No constructor information has provided: efn:biped/exsiliumgladius_reborn/exsiliumgladius_c_l
[08:36:00] [Render thread/ERROR]: Datapack animation reading failed: No constructor information has provided: efn:biped/exsiliumgladius_reborn/exsiliumgladius_c_r
[08:36:00] [Render thread/ERROR]: Datapack animation reading failed: No constructor information has provided: efn:biped/exsiliumgladius_reborn/exsiliumgladius_ca
[08:36:00] [Render thread/ERROR]: Datapack animation reading failed: No constructor information has provided: efn:biped/exsiliumgladius_reborn/exsiliumgladius_caa
[08:36:00] [Render thread/ERROR]: Datapack animation reading failed: No constructor information has provided: efn:biped/exsiliumgladius_reborn/exsiliumgladius_caaa
[08:36:00] [Render thread/ERROR]: Datapack animation reading failed: No constructor information has provided: efn:biped/exsiliumgladius_reborn/exsiliumgladius_cb
[08:36:00] [Render thread/ERROR]: Datapack animation reading failed: No constructor information has provided: efn:biped/exsiliumgladius_reborn/exsiliumgladius_cba
[08:36:00] [Render thread/ERROR]: Datapack animation reading failed: No constructor information has provided: efn:biped/exsiliumgladius_reborn/exsiliumgladius_cbb
[08:36:00] [Render thread/ERROR]: Datapack animation reading failed: No constructor information has provided: efn:biped/exsiliumgladius_reborn/exsiliumgladius_fall
[08:36:00] [Render thread/ERROR]: Datapack animation reading failed: No constructor information has provided: efn:biped/exsiliumgladius_reborn/exsiliumgladius_jump
[08:36:00] [Render thread/ERROR]: Datapack animation reading failed: No constructor information has provided: efn:biped/hf_blade/living/hf_blade_idle_to_combat
[08:36:00] [Render thread/ERROR]: Datapack animation reading failed: No constructor information has provided: efn:biped/hf_blade/skill/visual_effect/hf_blade_air_y
[08:36:00] [Render thread/ERROR]: Datapack animation reading failed: No constructor information has provided: efn:biped/hf_blade/skill/visual_effect/hf_blade_air_y_charge
[08:36:00] [Render thread/ERROR]: Datapack animation reading failed: No constructor information has provided: efn:biped/hf_blade/skill/visual_effect/hf_blade_dash_y_sp
[08:36:00] [Render thread/ERROR]: Datapack animation reading failed: No constructor information has provided: efn:biped/hf_blade/skill/visual_effect/hf_blade_xxxy
[08:36:00] [Render thread/ERROR]: Datapack animation reading failed: No constructor information has provided: efn:biped/hf_blade/skill/visual_effect/hf_blade_xxxy_charge
[08:36:00] [Render thread/ERROR]: Datapack animation reading failed: No constructor information has provided: efn:biped/hf_blade/skill/visual_effect/hf_blade_xxy
[08:36:00] [Render thread/ERROR]: Datapack animation reading failed: No constructor information has provided: efn:biped/hf_blade/skill/visual_effect/hf_blade_xxy_charge
[08:36:00] [Render thread/ERROR]: Datapack animation reading failed: No constructor information has provided: efn:biped/hf_blade/skill/visual_effect/hf_blade_xy
[08:36:00] [Render thread/ERROR]: Datapack animation reading failed: No constructor information has provided: efn:biped/hf_blade/skill/visual_effect/hf_blade_xy_charge
[08:36:00] [Render thread/ERROR]: Datapack animation reading failed: No constructor information has provided: efn:biped/hf_blade/skill/visual_effect/hf_blade_y
[08:36:00] [Render thread/ERROR]: Datapack animation reading failed: No constructor information has provided: efn:biped/hf_blade/skill/visual_effect/hf_blade_y_charge
[08:36:00] [Render thread/ERROR]: Datapack animation reading failed: No constructor information has provided: efn:biped/hf_blade/skill/visual_effect/hf_blade_y_charge_through
[08:36:00] [Render thread/ERROR]: Datapack animation reading failed: No constructor information has provided: efn:biped/hf_murasama/living/hf_murasama_idle_to_combat
[08:36:00] [Render thread/ERROR]: Datapack animation reading failed: No constructor information has provided: efn:biped/hf_murasama/skill/visual_effect/hf_murasama_air_y
[08:36:00] [Render thread/ERROR]: Datapack animation reading failed: No constructor information has provided: efn:biped/hf_murasama/skill/visual_effect/hf_murasama_air_y_charge
[08:36:00] [Render thread/ERROR]: Datapack animation reading failed: No constructor information has provided: efn:biped/hf_murasama/skill/visual_effect/hf_murasama_dash_y_sp
[08:36:00] [Render thread/ERROR]: Datapack animation reading failed: No constructor information has provided: efn:biped/hf_murasama/skill/visual_effect/hf_murasama_xxxy
[08:36:00] [Render thread/ERROR]: Datapack animation reading failed: No constructor information has provided: efn:biped/hf_murasama/skill/visual_effect/hf_murasama_xxxy_charge
[08:36:00] [Render thread/ERROR]: Datapack animation reading failed: No constructor information has provided: efn:biped/hf_murasama/skill/visual_effect/hf_murasama_xxy
[08:36:00] [Render thread/ERROR]: Datapack animation reading failed: No constructor information has provided: efn:biped/hf_murasama/skill/visual_effect/hf_murasama_xxy_charge
[08:36:00] [Render thread/ERROR]: Datapack animation reading failed: No constructor information has provided: efn:biped/hf_murasama/skill/visual_effect/hf_murasama_xy
[08:36:00] [Render thread/ERROR]: Datapack animation reading failed: No constructor information has provided: efn:biped/hf_murasama/skill/visual_effect/hf_murasama_xy_charge
[08:36:00] [Render thread/ERROR]: Datapack animation reading failed: No constructor information has provided: efn:biped/hf_murasama/skill/visual_effect/hf_murasama_y
[08:36:00] [Render thread/ERROR]: Datapack animation reading failed: No constructor information has provided: efn:biped/hf_murasama/skill/visual_effect/hf_murasama_y_charge
[08:36:00] [Render thread/ERROR]: Datapack animation reading failed: No constructor information has provided: efn:biped/hf_murasama/skill/visual_effect/hf_murasama_y_charge_through
[08:36:00] [Render thread/ERROR]: Datapack animation reading failed: No constructor information has provided: efn:biped/nf_meen/nf_meen_charge_loop
[08:36:00] [Render thread/ERROR]: Datapack animation reading failed: No constructor information has provided: efn:biped/nf_meen/nf_meen_charge_max
[08:36:00] [Render thread/ERROR]: Datapack animation reading failed: No constructor information has provided: efn:biped/nf_meen/nf_meen_charge_pre
[08:36:00] [Render thread/ERROR]: Datapack animation reading failed: No constructor information has provided: efn:biped/nf_meen/nf_meen_charge_start
[08:36:00] [Render thread/ERROR]: Datapack animation reading failed: No constructor information has provided: efn:biped/nf_meen/nf_meen_chargebegin
[08:36:00] [Render thread/ERROR]: Datapack animation reading failed: No constructor information has provided: efn:biped/nf_meen/nf_meen_charging
[08:36:00] [Render thread/ERROR]: Datapack animation reading failed: No constructor information has provided: efn:biped/nf_meen/nf_meen_idle_1
[08:36:00] [Render thread/ERROR]: Datapack animation reading failed: No constructor information has provided: efn:biped/nf_skill/visual_effect/biped_execute
[08:36:00] [Render thread/ERROR]: Datapack animation reading failed: No constructor information has provided: efn:biped/ng_greatsword/ng_great_charge1gp
[08:36:00] [Render thread/ERROR]: Datapack animation reading failed: No constructor information has provided: efn:biped/ng_greatsword/ng_great_push
[08:36:00] [Render thread/ERROR]: Datapack animation reading failed: No constructor information has provided: efn:biped/scythe/skill/visual_effect/scythe_scarlet_end
[08:36:00] [Render thread/ERROR]: Datapack animation reading failed: No constructor information has provided: efn:biped/sekiro/fushigiri/visual_effect/fushigiri_1
[08:36:00] [Render thread/ERROR]: Datapack animation reading failed: No constructor information has provided: efn:biped/sekiro/fushigiri/visual_effect/fushigiri_2
[08:36:00] [Render thread/ERROR]: Datapack animation reading failed: No constructor information has provided: efn:biped/thornwheel/visual_effect/thornwheel_loop
[08:36:00] [Render thread/ERROR]: Datapack animation reading failed: No constructor information has provided: efn:biped/thornwheel/visual_effect/thornwheel_start
[08:36:00] [Render thread/ERROR]: Datapack animation reading failed: No constructor information has provided: efn:biped/yamato/dmcyamato_dodge_l
[08:36:00] [Render thread/ERROR]: Datapack animation reading failed: No constructor information has provided: efn:biped/yamato/dmcyamato_dodge_r
[08:36:00] [Render thread/ERROR]: Datapack animation reading failed: No constructor information has provided: efn:biped/yamato/dmcyamato_orbit
[08:36:00] [Render thread/ERROR]: Datapack animation reading failed: No constructor information has provided: efn:biped/yamato/visual_effect/dmcyamato_killerbee
[08:36:00] [Render thread/ERROR]: Datapack animation reading failed: No constructor information has provided: efn:biped/yamato/visual_effect/dmcyamato_rapidslash
[08:36:00] [Render thread/ERROR]: Datapack animation reading failed: No constructor information has provided: efn:biped/yamato/void_slash
[08:36:00] [Render thread/ERROR]: Datapack animation reading failed: No constructor information has provided: efn:effect/summoned_sword/sin_summoned_sword_shoot
[08:36:00] [Render thread/ERROR]: Datapack animation reading failed: No constructor information has provided: efn:effect/summoned_sword/summoned_sword_shoot
[08:36:00] [Render thread/ERROR]: Datapack animation reading failed: No constructor information has provided: efn:effect/summoned_sword/summoned_sword_shoot_down1
[08:36:00] [Render thread/ERROR]: Datapack animation reading failed: No constructor information has provided: efn:effect/summoned_sword/summoned_sword_shoot_down2
[08:36:00] [Render thread/ERROR]: Datapack animation reading failed: No constructor information has provided: efn:effect/summoned_sword/summoned_sword_shoot_test
[08:36:00] [Render thread/ERROR]: Datapack animation reading failed: No constructor information has provided: efn:effect/summoned_sword/summoned_sword_shoot_up1
[08:36:00] [Render thread/ERROR]: Datapack animation reading failed: No constructor information has provided: efn:effect/summoned_sword/summoned_sword_shoot_up2
[08:36:00] [Render thread/ERROR]: Datapack animation reading failed: No constructor information has provided: epicfightx:biped/combat/idle
[08:36:00] [Render thread/ERROR]: Datapack animation reading failed: No constructor information has provided: epicfightx:biped/combat/spear_dash
[08:36:00] [Render thread/ERROR]: Datapack animation reading failed: No constructor information has provided: epicfightx:biped/combat/sprint_stop
[08:36:00] [Render thread/ERROR]: Datapack animation reading failed: No constructor information has provided: epicfightx:biped/combat/tool_airslash
[08:36:00] [Render thread/ERROR]: Datapack animation reading failed: No constructor information has provided: epicfightx:biped/combat/tool_auto3
[08:36:00] [Render thread/ERROR]: Datapack animation reading failed: No constructor information has provided: epicfightx:biped/living/creative_fly_backward
[08:36:00] [Render thread/ERROR]: Datapack animation reading failed: No constructor information has provided: epicfightx:biped/living/creative_fly_forward
[08:36:00] [Render thread/ERROR]: Datapack animation reading failed: No constructor information has provided: epicfightx:biped/living/dig_mainhand
[08:36:00] [Render thread/ERROR]: Datapack animation reading failed: No constructor information has provided: epicfightx:biped/living/dig_offhand
[08:36:00] [Render thread/ERROR]: Datapack animation reading failed: No constructor information has provided: epicfightx:biped/living/run_twohand_tool
[08:36:00] [Render thread/ERROR]: Datapack animation reading failed: No constructor information has provided: epicfightx:biped/living/shield_mirror
[08:36:00] [Render thread/ERROR]: Datapack animation reading failed: No constructor information has provided: epicfightx:biped/skill/blade_rush_dash_ponder
[08:36:00] [Render thread/ERROR]: Datapack animation reading failed: No constructor information has provided: epicfightx:biped/skill/run_crossbow
[08:36:00] [Render thread/ERROR]: Datapack animation reading failed: No constructor information has provided: epicfightx:biped/skill/sprint_pre
[08:36:00] [Render thread/ERROR]: Datapack animation reading failed: No constructor information has provided: epicfightx:zombie/chase_alt
[08:36:00] [Render thread/ERROR]: Datapack animation reading failed: No constructor information has provided: epicfightx:zombie/chase_pre_alt
[08:36:00] [Render thread/ERROR]: Datapack animation reading failed: No constructor information has provided: epicfightx:zombie/idle_alt
[08:36:00] [Render thread/ERROR]: Datapack animation reading failed: No constructor information has provided: indestructible:guard/guard_yamato
[08:36:00] [Render thread/INFO]: TitleScreen opened, checking for warning...
[08:36:01] [Render thread/INFO]: Mod 'aaa_particles' installed: false
[08:36:01] [Render thread/INFO]: Warning check - Enabled: true, Already shown: true
[08:36:01] [Render thread/INFO]: Mod 'aaa_particles' installed: false
[08:36:01] [Render thread/INFO]: Should show warning: false (Target mod installed: false)
[08:36:01] [Render thread/INFO]: Game initialization complete, checking for warning display...
[08:36:01] [Render thread/INFO]: Mod 'aaa_particles' installed: false
[08:36:01] [Render thread/INFO]: Warning check - Enabled: true, Already shown: true
[08:36:01] [Render thread/INFO]: Mod 'aaa_particles' installed: false
[08:36:01] [Render thread/INFO]: Should show warning: false (Target mod installed: false)
[08:36:02] [Realms Notification Availability checker #1/INFO]: Could not authorize you against Realms server: java.lang.RuntimeException: Failed to parse into SignedJWT: null
[08:36:16] [Render thread/INFO]: Deleting level Th? gi?i m?i (3)
[08:36:16] [Render thread/INFO]: Attempt 1...
[08:36:17] [Render thread/INFO]: Found new data pack fabric, loading it automatically
[08:36:17] [Render thread/INFO]: Found new data pack lithostitched/breaks_seed_parity, loading it automatically
[08:36:17] [Render thread/INFO]: Found new data pack tu_di_temple, loading it automatically
[08:36:17] [Render thread/ERROR]: Line 5: 'onEvent()' is no longer supported! Read more on wiki: https://kubejs.com/kjs6
[08:36:17] [Render thread/INFO]: Loaded 0/1 KubeJS server scripts in 0.014 s with 1 errors and 0 warnings
[08:36:17] [Render thread/INFO]: Scripts loaded
[08:36:17] [Render thread/INFO]: Registering commands with com.sk89q.worldedit.forge.ForgePlatform
[08:36:17] [Worker-Main-6/ERROR]: Couldn't read tag list minecraft:load from minecraft:tags/functions/load.json in data pack KubeJS Resource Pack [data]
com.google.gson.JsonSyntaxException: com.google.gson.stream.MalformedJsonException: Use JsonReader.setLenient(true) to accept malformed JSON at line 1 column 13 path $
	at com.google.gson.JsonParser.parseReader(JsonParser.java:76) ~[gson-2.10.jar%23107!/:?]
	at net.minecraft.tags.TagLoader.m_144495_(TagLoader.java:49) ~[client-1.20.1-20230612.114412-srg.jar%23286!/:?]
	at net.minecraft.server.ServerFunctionLibrary.m_179956_(ServerFunctionLibrary.java:68) ~[client-1.20.1-20230612.114412-srg.jar%23286!/:?]
	at java.util.concurrent.CompletableFuture$AsyncSupply.run(CompletableFuture.java:1768) ~[?:?]
	at java.util.concurrent.CompletableFuture$AsyncSupply.exec(CompletableFuture.java:1760) ~[?:?]
	at java.util.concurrent.ForkJoinTask.doExec(ForkJoinTask.java:373) ~[?:?]
	at java.util.concurrent.ForkJoinPool$WorkQueue.topLevelExec(ForkJoinPool.java:1182) ~[?:?]
	at java.util.concurrent.ForkJoinPool.scan(ForkJoinPool.java:1655) ~[?:?]
	at java.util.concurrent.ForkJoinPool.runWorker(ForkJoinPool.java:1622) ~[?:?]
	at java.util.concurrent.ForkJoinWorkerThread.run(ForkJoinWorkerThread.java:165) ~[?:?]
Caused by: com.google.gson.stream.MalformedJsonException: Use JsonReader.setLenient(true) to accept malformed JSON at line 1 column 13 path $
	at com.google.gson.stream.JsonReader.syntaxError(JsonReader.java:1657) ~[gson-2.10.jar%23107!/:?]
	at com.google.gson.stream.JsonReader.checkLenient(JsonReader.java:1463) ~[gson-2.10.jar%23107!/:?]
	at com.google.gson.stream.JsonReader.doPeek(JsonReader.java:551) ~[gson-2.10.jar%23107!/:?]
	at com.google.gson.stream.JsonReader.peek(JsonReader.java:433) ~[gson-2.10.jar%23107!/:?]
	at com.google.gson.JsonParser.parseReader(JsonParser.java:71) ~[gson-2.10.jar%23107!/:?]
	... 9 more
[08:36:18] [Worker-Main-2/ERROR]: Couldn't parse element loot_tables:irons_spellbooks:chests/citadel/citadel_tomes
com.google.gson.JsonSyntaxException: Unknown type 'minecraft:set_written_book_pages'
	at net.minecraft.world.level.storage.loot.GsonAdapterFactory$JsonAdapter.deserialize(GsonAdapterFactory.java:99) ~[client-1.20.1-20230612.114412-srg.jar%23286!/:?]
	at com.google.gson.internal.bind.TreeTypeAdapter.read(TreeTypeAdapter.java:76) ~[gson-2.10.jar%23107!/:?]
	at com.google.gson.internal.bind.TypeAdapterRuntimeTypeWrapper.read(TypeAdapterRuntimeTypeWrapper.java:40) ~[gson-2.10.jar%23107!/:?]
	at com.google.gson.internal.bind.ArrayTypeAdapter.read(ArrayTypeAdapter.java:72) ~[gson-2.10.jar%23107!/:?]
	at com.google.gson.Gson.fromJson(Gson.java:1214) ~[gson-2.10.jar%23107!/:?]
	at com.google.gson.Gson.fromJson(Gson.java:1319) ~[gson-2.10.jar%23107!/:?]
	at com.google.gson.Gson.fromJson(Gson.java:1290) ~[gson-2.10.jar%23107!/:?]
	at com.google.gson.internal.bind.TreeTypeAdapter$GsonContextImpl.deserialize(TreeTypeAdapter.java:179) ~[gson-2.10.jar%23107!/:?]
	at net.minecraft.util.GsonHelper.m_13808_(GsonHelper.java:463) ~[client-1.20.1-20230612.114412-srg.jar%23286!/:?]
	at net.minecraft.util.GsonHelper.m_13845_(GsonHelper.java:481) ~[client-1.20.1-20230612.114412-srg.jar%23286!/:?]
	at net.minecraft.world.level.storage.loot.entries.LootPoolSingletonContainer$Serializer.m_5921_(LootPoolSingletonContainer.java:149) ~[client-1.20.1-20230612.114412-srg.jar%23286!/:?]
	at net.minecraft.world.level.storage.loot.entries.LootPoolSingletonContainer$Serializer.m_5921_(LootPoolSingletonContainer.java:129) ~[client-1.20.1-20230612.114412-srg.jar%23286!/:?]
	at net.minecraft.world.level.storage.loot.entries.LootPoolEntryContainer$Serializer.m_7561_(LootPoolEntryContainer.java:86) ~[client-1.20.1-20230612.114412-srg.jar%23286!/:?]
	at net.minecraft.world.level.storage.loot.entries.LootPoolEntryContainer$Serializer.m_7561_(LootPoolEntryContainer.java:74) ~[client-1.20.1-20230612.114412-srg.jar%23286!/:?]
	at net.minecraft.world.level.storage.loot.GsonAdapterFactory$JsonAdapter.deserialize(GsonAdapterFactory.java:102) ~[client-1.20.1-20230612.114412-srg.jar%23286!/:?]
	at com.google.gson.internal.bind.TreeTypeAdapter.read(TreeTypeAdapter.java:76) ~[gson-2.10.jar%23107!/:?]
	at com.google.gson.internal.bind.TypeAdapterRuntimeTypeWrapper.read(TypeAdapterRuntimeTypeWrapper.java:40) ~[gson-2.10.jar%23107!/:?]
	at com.google.gson.internal.bind.ArrayTypeAdapter.read(ArrayTypeAdapter.java:72) ~[gson-2.10.jar%23107!/:?]
	at com.google.gson.Gson.fromJson(Gson.java:1214) ~[gson-2.10.jar%23107!/:?]
	at com.google.gson.Gson.fromJson(Gson.java:1319) ~[gson-2.10.jar%23107!/:?]
	at com.google.gson.Gson.fromJson(Gson.java:1290) ~[gson-2.10.jar%23107!/:?]
	at com.google.gson.internal.bind.TreeTypeAdapter$GsonContextImpl.deserialize(TreeTypeAdapter.java:179) ~[gson-2.10.jar%23107!/:?]
	at net.minecraft.util.GsonHelper.m_13808_(GsonHelper.java:463) ~[client-1.20.1-20230612.114412-srg.jar%23286!/:?]
	at net.minecraft.util.GsonHelper.m_13836_(GsonHelper.java:471) ~[client-1.20.1-20230612.114412-srg.jar%23286!/:?]
	at net.minecraft.world.level.storage.loot.LootPool$Serializer.deserialize(LootPool.java:192) ~[client-1.20.1-20230612.114412-srg.jar%23286!/:?]
	at net.minecraft.world.level.storage.loot.LootPool$Serializer.deserialize(LootPool.java:189) ~[client-1.20.1-20230612.114412-srg.jar%23286!/:?]
	at com.google.gson.internal.bind.TreeTypeAdapter.read(TreeTypeAdapter.java:76) ~[gson-2.10.jar%23107!/:?]
	at com.google.gson.internal.bind.TypeAdapterRuntimeTypeWrapper.read(TypeAdapterRuntimeTypeWrapper.java:40) ~[gson-2.10.jar%23107!/:?]
	at com.google.gson.internal.bind.ArrayTypeAdapter.read(ArrayTypeAdapter.java:72) ~[gson-2.10.jar%23107!/:?]
	at com.google.gson.Gson.fromJson(Gson.java:1214) ~[gson-2.10.jar%23107!/:?]
	at com.google.gson.Gson.fromJson(Gson.java:1319) ~[gson-2.10.jar%23107!/:?]
	at com.google.gson.Gson.fromJson(Gson.java:1290) ~[gson-2.10.jar%23107!/:?]
	at com.google.gson.internal.bind.TreeTypeAdapter$GsonContextImpl.deserialize(TreeTypeAdapter.java:179) ~[gson-2.10.jar%23107!/:?]
	at net.minecraft.util.GsonHelper.m_13808_(GsonHelper.java:463) ~[client-1.20.1-20230612.114412-srg.jar%23286!/:?]
	at net.minecraft.util.GsonHelper.m_13845_(GsonHelper.java:481) ~[client-1.20.1-20230612.114412-srg.jar%23286!/:?]
	at net.minecraft.world.level.storage.loot.LootTable$Serializer.deserialize(LootTable.java:294) ~[client-1.20.1-20230612.114412-srg.jar%23286!/:?]
	at net.minecraft.world.level.storage.loot.LootTable$Serializer.deserialize(LootTable.java:291) ~[client-1.20.1-20230612.114412-srg.jar%23286!/:?]
	at com.google.gson.internal.bind.TreeTypeAdapter.read(TreeTypeAdapter.java:76) ~[gson-2.10.jar%23107!/:?]
	at com.google.gson.Gson.fromJson(Gson.java:1214) ~[gson-2.10.jar%23107!/:?]
	at com.google.gson.Gson.fromJson(Gson.java:1319) ~[gson-2.10.jar%23107!/:?]
	at com.google.gson.Gson.fromJson(Gson.java:1261) ~[gson-2.10.jar%23107!/:?]
	at net.minecraftforge.common.ForgeHooks.loadLootTable(ForgeHooks.java:872) ~[forge-1.20.1-47.4.10-universal.jar%23291!/:?]
	at net.minecraftforge.common.ForgeHooks.lambda$getLootTableDeserializer$3(ForgeHooks.java:849) ~[forge-1.20.1-47.4.10-universal.jar%23291!/:?]
	at net.minecraft.world.level.storage.loot.LootDataType.deserialize(LootDataType.java:45) ~[client-1.20.1-20230612.114412-srg.jar%23286!/:?]
	at net.minecraft.world.level.storage.loot.LootDataManager.lambda$scheduleElementParse$4(LootDataManager.java:56) ~[client-1.20.1-20230612.114412-srg.jar%23286!/:?]
	at java.util.HashMap.forEach(HashMap.java:1421) ~[?:?]
	at net.minecraft.world.level.storage.loot.LootDataManager.m_278660_(LootDataManager.java:55) ~[client-1.20.1-20230612.114412-srg.jar%23286!/:?]
	at java.util.concurrent.CompletableFuture$AsyncRun.run(CompletableFuture.java:1804) ~[?:?]
	at java.util.concurrent.CompletableFuture$AsyncRun.exec(CompletableFuture.java:1796) ~[?:?]
	at java.util.concurrent.ForkJoinTask.doExec(ForkJoinTask.java:373) ~[?:?]
	at java.util.concurrent.ForkJoinPool$WorkQueue.topLevelExec(ForkJoinPool.java:1182) ~[?:?]
	at java.util.concurrent.ForkJoinPool.scan(ForkJoinPool.java:1655) ~[?:?]
	at java.util.concurrent.ForkJoinPool.runWorker(ForkJoinPool.java:1622) ~[?:?]
	at java.util.concurrent.ForkJoinWorkerThread.run(ForkJoinWorkerThread.java:165) ~[?:?]
[08:36:18] [Render thread/WARN]: Found loot table element validation problem in {loot_tables:irons_spellbooks:chests/citadel/citadel_bookshelf}.pools[8].entries[0]: Unknown loot table called irons_spellbooks:chests/citadel/citadel_tomes
[08:36:18] [Render thread/ERROR]: Parsing error loading recipe buildinggadgets2:my_book_recipe_shapeless
com.google.gson.JsonSyntaxException: Invalid or unsupported recipe type 'patchouli:shapeless_book_recipe'
	at net.minecraft.world.item.crafting.RecipeManager.m_220253_(RecipeManager.java:170) ~[client-1.20.1-20230612.114412-srg.jar%23286!/:?]
	at java.util.Optional.orElseThrow(Optional.java:403) ~[?:?]
	at net.minecraft.world.item.crafting.RecipeManager.fromJson(RecipeManager.java:169) ~[client-1.20.1-20230612.114412-srg.jar%23286!/:?]
	at net.minecraft.world.item.crafting.RecipeManager.m_5787_(RecipeManager.java:67) ~[client-1.20.1-20230612.114412-srg.jar%23286!/:?]
	at net.minecraft.world.item.crafting.RecipeManager.m_5787_(RecipeManager.java:34) ~[client-1.20.1-20230612.114412-srg.jar%23286!/:?]
	at net.minecraft.server.packs.resources.SimplePreparableReloadListener.m_10789_(SimplePreparableReloadListener.java:13) ~[client-1.20.1-20230612.114412-srg.jar%23286!/:?]
	at java.util.concurrent.CompletableFuture$UniAccept.tryFire(CompletableFuture.java:718) ~[?:?]
	at java.util.concurrent.CompletableFuture$Completion.run(CompletableFuture.java:482) ~[?:?]
	at net.minecraft.server.packs.resources.SimpleReloadInstance.m_143940_(SimpleReloadInstance.java:69) ~[client-1.20.1-20230612.114412-srg.jar%23286!/:?]
	at net.minecraft.util.thread.BlockableEventLoop.m_6367_(BlockableEventLoop.java:156) ~[client-1.20.1-20230612.114412-srg.jar%23286!/:?]
	at net.minecraft.util.thread.ReentrantBlockableEventLoop.m_6367_(ReentrantBlockableEventLoop.java:23) ~[client-1.20.1-20230612.114412-srg.jar%23286!/:?]
	at net.minecraft.util.thread.BlockableEventLoop.m_7245_(BlockableEventLoop.java:130) ~[client-1.20.1-20230612.114412-srg.jar%23286!/:?]
	at net.minecraft.util.thread.BlockableEventLoop.m_18701_(BlockableEventLoop.java:139) ~[client-1.20.1-20230612.114412-srg.jar%23286!/:?]
	at net.minecraft.client.gui.screens.worldselection.CreateWorldScreen.m_232896_(CreateWorldScreen.java:131) ~[client-1.20.1-20230612.114412-srg.jar%23286!/:?]
	at net.minecraft.client.gui.screens.worldselection.SelectWorldScreen.m_279861_(SelectWorldScreen.java:60) ~[client-1.20.1-20230612.114412-srg.jar%23286!/:?]
	at net.minecraft.client.gui.components.Button.m_5691_(Button.java:38) ~[client-1.20.1-20230612.114412-srg.jar%23286!/:?]
	at net.minecraft.client.gui.components.AbstractButton.m_5716_(AbstractButton.java:55) ~[client-1.20.1-20230612.114412-srg.jar%23286!/:?]
	at net.minecraft.client.gui.components.AbstractWidget.m_6375_(AbstractWidget.java:175) ~[client-1.20.1-20230612.114412-srg.jar%23286!/:?]
	at net.minecraft.client.gui.components.events.ContainerEventHandler.m_6375_(ContainerEventHandler.java:38) ~[client-1.20.1-20230612.114412-srg.jar%23286!/:?]
	at net.minecraft.client.MouseHandler.m_168084_(MouseHandler.java:92) ~[client-1.20.1-20230612.114412-srg.jar%23286!/:?]
	at net.minecraft.client.gui.screens.Screen.m_96579_(Screen.java:437) ~[client-1.20.1-20230612.114412-srg.jar%23286!/:?]
	at net.minecraft.client.MouseHandler.m_91530_(MouseHandler.java:89) ~[client-1.20.1-20230612.114412-srg.jar%23286!/:?]
	at net.minecraft.client.MouseHandler.m_168091_(MouseHandler.java:189) ~[client-1.20.1-20230612.114412-srg.jar%23286!/:?]
	at net.minecraft.util.thread.BlockableEventLoop.execute(BlockableEventLoop.java:102) ~[client-1.20.1-20230612.114412-srg.jar%23286!/:?]
	at net.minecraft.client.MouseHandler.m_91565_(MouseHandler.java:188) ~[client-1.20.1-20230612.114412-srg.jar%23286!/:?]
	at org.lwjgl.glfw.GLFWMouseButtonCallbackI.callback(GLFWMouseButtonCallbackI.java:43) ~[lwjgl-glfw-3.3.1.jar%23141!/:build 7]
	at org.lwjgl.system.JNI.invokeV(Native Method) ~[lwjgl-3.3.1.jar%23153!/:build 7]
	at org.lwjgl.glfw.GLFW.glfwWaitEventsTimeout(GLFW.java:3474) ~[lwjgl-glfw-3.3.1.jar%23141!/:build 7]
	at com.mojang.blaze3d.systems.RenderSystem.limitDisplayFPS(RenderSystem.java:237) ~[client-1.20.1-20230612.114412-srg.jar%23286!/:?]
	at net.minecraft.client.Minecraft.m_91383_(Minecraft.java:1173) ~[client-1.20.1-20230612.114412-srg.jar%23286!/:?]
	at net.minecraft.client.Minecraft.m_91374_(Minecraft.java:718) ~[client-1.20.1-20230612.114412-srg.jar%23286!/:?]
	at net.minecraft.client.main.Main.main(Main.java:218) ~[congtrinh.jar:?]
	at jdk.internal.reflect.NativeMethodAccessorImpl.invoke0(Native Method) ~[?:?]
	at jdk.internal.reflect.NativeMethodAccessorImpl.invoke(NativeMethodAccessorImpl.java:77) ~[?:?]
	at jdk.internal.reflect.DelegatingMethodAccessorImpl.invoke(DelegatingMethodAccessorImpl.java:43) ~[?:?]
	at java.lang.reflect.Method.invoke(Method.java:569) ~[?:?]
	at net.minecraftforge.fml.loading.targets.CommonLaunchHandler.runTarget(CommonLaunchHandler.java:111) ~[fmlloader-1.20.1-47.4.10.jar:?]
	at net.minecraftforge.fml.loading.targets.CommonLaunchHandler.clientService(CommonLaunchHandler.java:99) ~[fmlloader-1.20.1-47.4.10.jar:?]
	at net.minecraftforge.fml.loading.targets.CommonClientLaunchHandler.lambda$makeService$0(CommonClientLaunchHandler.java:25) ~[fmlloader-1.20.1-47.4.10.jar:?]
	at cpw.mods.modlauncher.LaunchServiceHandlerDecorator.launch(LaunchServiceHandlerDecorator.java:30) ~[modlauncher-10.0.9.jar:?]
	at cpw.mods.modlauncher.LaunchServiceHandler.launch(LaunchServiceHandler.java:53) ~[modlauncher-10.0.9.jar:?]
	at cpw.mods.modlauncher.LaunchServiceHandler.launch(LaunchServiceHandler.java:71) ~[modlauncher-10.0.9.jar:?]
	at cpw.mods.modlauncher.Launcher.run(Launcher.java:108) ~[modlauncher-10.0.9.jar:?]
	at cpw.mods.modlauncher.Launcher.main(Launcher.java:78) ~[modlauncher-10.0.9.jar:?]
	at cpw.mods.modlauncher.BootstrapLaunchConsumer.accept(BootstrapLaunchConsumer.java:26) ~[modlauncher-10.0.9.jar:?]
	at cpw.mods.modlauncher.BootstrapLaunchConsumer.accept(BootstrapLaunchConsumer.java:23) ~[modlauncher-10.0.9.jar:?]
	at cpw.mods.bootstraplauncher.BootstrapLauncher.main(BootstrapLauncher.java:141) ~[bootstraplauncher-1.1.2.jar:?]
[08:36:18] [Render thread/INFO]: Loaded 15 recipes
[08:36:18] [Render thread/INFO]: Loaded 1942 advancements
[08:36:18] [Render thread/INFO]: Loaded 15 curio slots
[08:36:18] [Render thread/INFO]: Loaded 1 curio entities
[08:36:18] [Render thread/WARN]: Skill efn:example doesn't exist in the registry.
[08:36:18] [Render thread/WARN]: Skill p1nero_ec:step doesn't exist in the registry.
[08:36:18] [Render thread/INFO]: EFX: Replacing Epic Fight Weapon Types...
[08:36:18] [Render thread/WARN]: Can't find a particle type epicfight:entity.hit.blunt in invincible:custom_combo_demo
[08:36:18] [Render thread/WARN]: Item Capability Exception: No item named efn:scythe
[08:36:18] [Render thread/WARN]: Item Capability Exception: No item named epicfight:_diamond_greatsword
[08:36:18] [Render thread/INFO]: kubejs loaded
[08:36:24] [Render thread/ERROR]: Line 5: 'onEvent()' is no longer supported! Read more on wiki: https://kubejs.com/kjs6
[08:36:24] [Render thread/INFO]: Loaded 0/1 KubeJS server scripts in 0.018 s with 1 errors and 0 warnings
[08:36:24] [Render thread/INFO]: Scripts loaded
[08:36:24] [Render thread/WARN]: Due to the way Minecraft resource loading works, KubeJS' server.log may not contain everything that happened in your server scripts on initial world creation.
[08:36:24] [Render thread/WARN]: You can still see the full log (including past reloads) in your latest.log file.
[08:36:24] [Server thread/INFO]: Starting integrated minecraft server version 1.20.1
[08:36:24] [Server thread/INFO]: Generating keypair
[08:36:24] [Server thread/WARN]: Configuration file D:\Tlauncher\versions\congtrinh\saves\Th? gi?i m?i (3)\serverconfig\incontrol-server.toml is not correct. Correcting
[08:36:24] [Server thread/WARN]: Incorrect key general was corrected from null to its default, SimpleCommentedConfig:{}. 
[08:36:24] [Server thread/WARN]: Incorrect key general.cacheRetentionTicks was corrected from null to its default, 10. 
[08:36:24] [Server thread/WARN]: Incorrect key general.perPlayerRadius was corrected from null to its default, 100. 
[08:36:24] [Server thread/WARN]: Configuration file D:\Tlauncher\versions\congtrinh\saves\Th? gi?i m?i (3)\serverconfig\curios-server.toml is not correct. Correcting
[08:36:24] [Server thread/WARN]: Incorrect key keepCurios was corrected from null to its default, DEFAULT. 
[08:36:24] [Server thread/WARN]: Incorrect key menu was corrected from null to its default, SimpleCommentedConfig:{}. 
[08:36:24] [Server thread/WARN]: Incorrect key menu.enableLegacyMenu was corrected from null to its default, false. 
[08:36:24] [Server thread/WARN]: Incorrect key menu.experimental was corrected from null to its default, SimpleCommentedConfig:{}. 
[08:36:24] [Server thread/WARN]: Incorrect key menu.experimental.minimumColumns was corrected from null to its default, 1. 
[08:36:24] [Server thread/WARN]: Incorrect key menu.experimental.maxSlotsPerPage was corrected from null to its default, 48. 
[08:36:24] [Server thread/WARN]: Configuration file D:\Tlauncher\versions\congtrinh\saves\Th? gi?i m?i (3)\serverconfig\jei-server.toml is not correct. Correcting
[08:36:24] [Server thread/WARN]: Incorrect key cheat mode was corrected from null to its default, SimpleCommentedConfig:{}. 
[08:36:24] [Server thread/WARN]: Incorrect key cheat mode.enableCheatModeForOp was corrected from null to its default, true. 
[08:36:24] [Server thread/WARN]: Incorrect key cheat mode.enableCheatModeForCreative was corrected from null to its default, true. 
[08:36:24] [Server thread/WARN]: Incorrect key cheat mode.enableCheatModeForGive was corrected from null to its default, false. 
[08:36:24] [Server thread/WARN]: Configuration file D:\Tlauncher\versions\congtrinh\saves\Th? gi?i m?i (3)\serverconfig\forge-server.toml is not correct. Correcting
[08:36:24] [Server thread/WARN]: Incorrect key server was corrected from null to its default, SimpleCommentedConfig:{}. 
[08:36:24] [Server thread/WARN]: Incorrect key server.removeErroringBlockEntities was corrected from null to its default, false. 
[08:36:24] [Server thread/WARN]: Incorrect key server.removeErroringEntities was corrected from null to its default, false. 
[08:36:24] [Server thread/WARN]: Incorrect key server.fullBoundingBoxLadders was corrected from null to its default, false. 
[08:36:24] [Server thread/WARN]: Incorrect key server.zombieBaseSummonChance was corrected from null to its default, 0.1. 
[08:36:24] [Server thread/WARN]: Incorrect key server.zombieBabyChance was corrected from null to its default, 0.05. 
[08:36:24] [Server thread/WARN]: Incorrect key server.permissionHandler was corrected from null to its default, forge:default_handler. 
[08:36:24] [Server thread/WARN]: Incorrect key server.advertiseDedicatedServerToLan was corrected from null to its default, true. 
[08:36:24] [Server thread/WARN]: Incorrect key server.useItemWithDurationZero was corrected from null to its default, false. 
[08:36:24] [Server thread/WARN]: Configuration file D:\Tlauncher\versions\congtrinh\saves\Th? gi?i m?i (3)\serverconfig\journeymap-server.toml is not correct. Correcting
[08:36:24] [Server thread/WARN]: Incorrect key admins was corrected from null to its default, SimpleCommentedConfig:{}. 
[08:36:24] [Server thread/WARN]: Incorrect key admins.opAccess was corrected from null to its default, true. 
[08:36:24] [Server thread/WARN]: Incorrect key admins.serverAdmins was corrected from null to its default, [mysticdrew, 79f597fe-2877-4ecb-acdf-8c58cc1854ca]. 
[08:36:24] [Server thread/WARN]: Configuration file D:\Tlauncher\versions\congtrinh\saves\Th? gi?i m?i (3)\serverconfig\irons_spellbooks-server.toml is not correct. Correcting
[08:36:24] [Server thread/WARN]: Incorrect key Blocks was corrected from null to its default, SimpleCommentedConfig:{}. 
[08:36:24] [Server thread/WARN]: Incorrect key Blocks.portalFrameRestrictDye was corrected from null to its default, true. 
[08:36:24] [Server thread/WARN]: Incorrect key Blocks.portalFrameRestrictBreaking was corrected from null to its default, false. 
[08:36:24] [Server thread/WARN]: Incorrect key Misc was corrected from null to its default, SimpleCommentedConfig:{}. 
[08:36:24] [Server thread/WARN]: Incorrect key Misc.rarityConfig was corrected from null to its default, [0.3, 0.25, 0.2, 0.15, 0.1]. 
[08:36:24] [Server thread/WARN]: Incorrect key Misc.swordsConsumeMana was corrected from null to its default, true. 
[08:36:24] [Server thread/WARN]: Incorrect key Misc.swordsCooldownMultiplier was corrected from null to its default, 0.5. 
[08:36:24] [Server thread/WARN]: Incorrect key Misc.canAttackOwnSummons was corrected from null to its default, false. 
[08:36:24] [Server thread/WARN]: Incorrect key Misc.maxUpgrades was corrected from null to its default, 3. 
[08:36:24] [Server thread/WARN]: Incorrect key Misc.manaSpawnPercent was corrected from null to its default, 0.0. 
[08:36:24] [Server thread/WARN]: Incorrect key Misc.scrollRecycleChance was corrected from null to its default, 0.5. 
[08:36:24] [Server thread/WARN]: Incorrect key Misc.allowCauldronBrewing was corrected from null to its default, true. 
[08:36:24] [Server thread/WARN]: Incorrect key Misc.furledMapSkipsExistingChunks was corrected from null to its default, true. 
[08:36:24] [Server thread/WARN]: Incorrect key Misc.applyAllMultihandAttributes was corrected from null to its default, true. 
[08:36:24] [Server thread/WARN]: Incorrect key Misc.betterCreeperThunderHit was corrected from null to its default, true. 
[08:36:24] [Server thread/WARN]: Incorrect key Misc.spellGriefing was corrected from null to its default, false. 
[08:36:24] [Server thread/WARN]: Incorrect key Misc.additionalWanderingTraderTrades was corrected from null to its default, true. 
[08:36:24] [Server thread/WARN]: Incorrect key Misc.disableAdventureModeCasting was corrected from null to its default, false. 
[08:36:24] [Server thread/WARN]: Incorrect key Misc.hoglinOffspringProtection was corrected from null to its default, true. 
[08:36:24] [Server thread/WARN]: Incorrect key Misc.manaRegenMultiplier was corrected from null to its default, 1.0. 
[08:36:24] [Server thread/WARN]: Incorrect key Misc.scrollMerging was corrected from null to its default, true. 
[08:36:24] [Server thread/WARN]: Incorrect key Misc.creativeMana was corrected from null to its default, false. 
[08:36:24] [Server thread/WARN]: Incorrect key Misc.creativeCooldowns was corrected from null to its default, false. 
[08:36:24] [Server thread/WARN]: Incorrect key Upgrade Overrides was corrected from null to its default, SimpleCommentedConfig:{}. 
[08:36:24] [Server thread/WARN]: Incorrect key Upgrade Overrides.upgradeWhitelist was corrected from null to its default, []. 
[08:36:24] [Server thread/WARN]: Incorrect key Upgrade Overrides.upgradeBlacklist was corrected from null to its default, []. 
[08:36:24] [Server thread/WARN]: Incorrect key Imbue Overrides was corrected from null to its default, SimpleCommentedConfig:{}. 
[08:36:24] [Server thread/WARN]: Incorrect key Imbue Overrides.imbueWhitelist was corrected from null to its default, []. 
[08:36:24] [Server thread/WARN]: Incorrect key Imbue Overrides.imbueBlacklist was corrected from null to its default, []. 
[08:36:24] [Server thread/WARN]: Incorrect key Worldgen was corrected from null to its default, SimpleCommentedConfig:{}. 
[08:36:24] [Server thread/WARN]: Incorrect key Worldgen.priestHouseWeight was corrected from null to its default, 4. 
[08:36:24] [Server thread/WARN]: Incorrect key Worldgen.aquiferDetection was corrected from null to its default, true. 
[08:36:24] [Server thread/WARN]: Incorrect key Worldgen.iceSpiderPatrols was corrected from null to its default, true. 
[08:36:24] [Server thread/WARN]: Incorrect key Boss Config was corrected from null to its default, SimpleCommentedConfig:{}. 
[08:36:24] [Server thread/WARN]: Incorrect key Boss Config.Tyros was corrected from null to its default, SimpleCommentedConfig:{}. 
[08:36:24] [Server thread/WARN]: Incorrect key Boss Config.Tyros.additionalHealth was corrected from null to its default, 0.0. 
[08:36:24] [Server thread/WARN]: Incorrect key Boss Config.Tyros.additionalAttackDamage was corrected from null to its default, 0.0. 
[08:36:24] [Server thread/WARN]: Incorrect key Boss Config.Tyros.additionalSpellPower was corrected from null to its default, 0.0. 
[08:36:24] [Server thread/WARN]: Incorrect key Boss Config.Dead King was corrected from null to its default, SimpleCommentedConfig:{}. 
[08:36:24] [Server thread/WARN]: Incorrect key Boss Config.Dead King.additionalHealth was corrected from null to its default, 0.0. 
[08:36:24] [Server thread/WARN]: Incorrect key Boss Config.Dead King.additionalAttackDamage was corrected from null to its default, 0.0. 
[08:36:24] [Server thread/WARN]: Incorrect key Boss Config.Dead King.additionalSpellPower was corrected from null to its default, 0.0. 
[08:36:25] [Server thread/INFO]: Applying config gamerules to level Th? gi?i m?i
[08:36:25] [Server thread/INFO]: Applying config modded gamerules to level Th? gi?i m?i
[08:36:25] [Server thread/INFO]: Reading rules from areas.json
[08:36:25] [Server thread/INFO]: Reading rules from spawn.json
[08:36:25] [Server thread/INFO]: Reading rules from summonaid.json
[08:36:25] [Server thread/INFO]: Reading rules from loot.json
[08:36:25] [Server thread/INFO]: Reading rules from experience.json
[08:36:25] [Server thread/INFO]: Reading rules from phases.json
[08:36:25] [Server thread/INFO]: Reading rules from effects.json
[08:36:25] [Server thread/INFO]: Reading rules from breakevents.json
[08:36:25] [Server thread/INFO]: Reading rules from placeevents.json
[08:36:25] [Server thread/INFO]: Reading rules from rightclicks.json
[08:36:25] [Server thread/INFO]: Reading rules from leftclicks.json
[08:36:25] [Server thread/INFO]: Reading rules from spawner.json
[08:36:25] [Server thread/INFO]: Reading rules from events.json
[08:36:27] [Worker-Main-3/INFO]: vanilla surface rule behavior unchanged
[08:36:27] [Server thread/INFO]: create world dimension: minecraft:overworld (seed: -5959830890764431250)
[08:36:27] [Server thread/INFO]: create world dimension: irons_spellbooks:pocket_dimension (seed: -5959830890764431250)
[08:36:27] [Server thread/INFO]: create world dimension: minecraft:the_nether (seed: -5959830890764431250)
[08:36:27] [Server thread/INFO]: create world dimension: minecraft:the_end (seed: -5959830890764431250)
[08:36:27] [Server thread/INFO]: Preparing start region for dimension minecraft:overworld
[08:36:27] [Server thread/INFO]: Server resource reload complete!
[08:36:28] [Render thread/INFO]: Ðang chu?n b? khu v?c sinh ra: 0%
[08:36:28] [Render thread/INFO]: Ðang chu?n b? khu v?c sinh ra: 0%
[08:36:28] [Render thread/INFO]: Ðang chu?n b? khu v?c sinh ra: 0%
[08:36:29] [Render thread/INFO]: Ðang chu?n b? khu v?c sinh ra: 1%
[08:36:29] [Render thread/INFO]: Ðang chu?n b? khu v?c sinh ra: 5%
[08:36:30] [Render thread/INFO]: Ðang chu?n b? khu v?c sinh ra: 9%
[08:36:30] [Render thread/INFO]: Ðang chu?n b? khu v?c sinh ra: 12%
[08:36:31] [Render thread/INFO]: Ðang chu?n b? khu v?c sinh ra: 18%
[08:36:31] [Render thread/INFO]: Ðang chu?n b? khu v?c sinh ra: 25%
[08:36:32] [Render thread/INFO]: Ðang chu?n b? khu v?c sinh ra: 29%
[08:36:32] [Render thread/INFO]: Ðang chu?n b? khu v?c sinh ra: 37%
[08:36:33] [Render thread/INFO]: Ðang chu?n b? khu v?c sinh ra: 48%
[08:36:33] [Render thread/INFO]: Ðang chu?n b? khu v?c sinh ra: 58%
[08:36:34] [Render thread/INFO]: Ðang chu?n b? khu v?c sinh ra: 71%
[08:36:34] [Render thread/INFO]: Ðang chu?n b? khu v?c sinh ra: 83%
[08:36:35] [Render thread/INFO]: Ðang chu?n b? khu v?c sinh ra: 94%
[08:36:35] [Server thread/INFO]: CustomNPC PermissionNode<Boolean>s available:
[08:36:35] [Server thread/INFO]: customnpcs.admin
[08:36:35] [Server thread/INFO]: customnpcs.edit.blocks
[08:36:35] [Server thread/INFO]: customnpcs.edit.villager
[08:36:35] [Server thread/INFO]: customnpcs.global.bank
[08:36:35] [Server thread/INFO]: customnpcs.global.dialog
[08:36:35] [Server thread/INFO]: customnpcs.global.faction
[08:36:35] [Server thread/INFO]: customnpcs.global.linked
[08:36:35] [Server thread/INFO]: customnpcs.global.naturalspawn
[08:36:35] [Server thread/INFO]: customnpcs.global.playerdata
[08:36:35] [Server thread/INFO]: customnpcs.global.quest
[08:36:35] [Server thread/INFO]: customnpcs.global.recipe
[08:36:35] [Server thread/INFO]: customnpcs.global.transport
[08:36:35] [Server thread/INFO]: customnpcs.npc.advanced
[08:36:35] [Server thread/INFO]: customnpcs.npc.ai
[08:36:35] [Server thread/INFO]: customnpcs.npc.clone
[08:36:35] [Server thread/INFO]: customnpcs.npc.create
[08:36:35] [Server thread/INFO]: customnpcs.npc.delete
[08:36:35] [Server thread/INFO]: customnpcs.npc.display
[08:36:35] [Server thread/INFO]: customnpcs.npc.freeze
[08:36:35] [Server thread/INFO]: customnpcs.npc.gui
[08:36:35] [Server thread/INFO]: customnpcs.npc.inventory
[08:36:35] [Server thread/INFO]: customnpcs.npc.reset
[08:36:35] [Server thread/INFO]: customnpcs.npc.stats
[08:36:35] [Server thread/INFO]: customnpcs.scenes
[08:36:35] [Server thread/INFO]: customnpcs.soulstone.all
[08:36:35] [Server thread/INFO]: customnpcs.spawner.create
[08:36:35] [Server thread/INFO]: customnpcs.spawner.mob
[08:36:35] [Server thread/INFO]: customnpcs.tool.mounter
[08:36:35] [Server thread/INFO]: customnpcs.tool.nbtbook
[08:36:35] [Server thread/INFO]: customnpcs.tool.pather
[08:36:35] [Server thread/INFO]: customnpcs.tool.scripter
[08:36:35] [Server thread/INFO]: Successfully initialized permission handler forge:default_handler
[08:36:35] [Render thread/INFO]: Time elapsed: 7641 ms
[08:36:35] [Server thread/INFO]: server starting
[08:36:37] [Server thread/INFO]: {iceandfire:fire_dragon_roost=true, iceandfire:fire_lily=true, iceandfire:spawn_dragon_skeleton_fire=true, iceandfire:lightning_dragon_roost=true, iceandfire:spawn_dragon_skeleton_lightning=true, iceandfire:ice_dragon_roost=true, iceandfire:ice_dragon_cave=true, iceandfire:lightning_dragon_cave=true, iceandfire:cyclops_cave=true, iceandfire:spawn_wandering_cyclops=true, iceandfire:spawn_sea_serpent=true, iceandfire:frost_lily=true, iceandfire:hydra_cave=true, iceandfire:lightning_lily=true, iceandfire:pixie_village=true, iceandfire:myrmex_hive_jungle=true, iceandfire:myrmex_hive_desert=true, iceandfire:silver_ore=true, iceandfire:siren_island=true, iceandfire:spawn_dragon_skeleton_ice=true, iceandfire:spawn_stymphalian_bird=true, iceandfire:fire_dragon_cave=true, iceandfire:sapphire_ore=true, iceandfire:spawn_hippocampus=true, iceandfire:spawn_death_worm=true}
[08:36:37] [Server thread/INFO]: {TROLL_S=true, HIPPOGRYPH=true, AMPHITHERE=true, COCKATRICE=true, TROLL_M=true, DREAD_LICH=true, TROLL_F=true}
[08:36:37] [Server thread/INFO]: Changing view distance to 4, from 10
[08:36:37] [Server thread/INFO]: Changing simulation distance to 5, from 0
[08:36:37] [Render thread/WARN]: Unable to parse the boolean system property 'java.net.preferIPv6Addresses':system - using the default value: false
[08:36:39] [Netty Local Client IO #0/INFO]: Connected to a modded server.
[08:36:39] [Server thread/INFO]: ben10[local:E:c4b2133d] logged in with entity id 24 at (-177.5, 4.0, 152.5)
[08:36:39] [Server thread/WARN]: Spell Configuration file "global_config.json", outside of namespaced directory, will be ignored!
[08:36:39] [Server thread/INFO]: ben10 ð? tham gia tr? chõi
[08:36:39] [Render thread/INFO]: JEI StartEventObserver received class net.minecraftforge.client.event.ClientPlayerNetworkEvent$LoggingIn
[08:36:39] [Render thread/INFO]: JEI StartEventObserver transitioning state from DISABLED to ENABLED
[08:36:39] [Render thread/INFO]: Handling spell config sync 0 files
[08:36:39] [Render thread/WARN]: Unknown recipe category: cataclysm:weapon_fusion/cataclysm:weapon_infusion/ignitium_elytra_chestplate
[08:36:39] [Render thread/WARN]: Unknown recipe category: cataclysm:weapon_fusion/cataclysm:weapon_infusion/the_immolator
[08:36:39] [Render thread/WARN]: Unknown recipe category: cataclysm:weapon_fusion/cataclysm:weapon_infusion/gauntlet_of_maelstrom
[08:36:39] [Render thread/WARN]: Unknown recipe category: cataclysm:weapon_fusion/cataclysm:weapon_infusion/brontes
[08:36:39] [Render thread/WARN]: Unknown recipe category: cataclysm:weapon_fusion/cataclysm:weapon_infusion/wrath_of_the_desert
[08:36:39] [Render thread/WARN]: Unknown recipe category: cataclysm:weapon_fusion/cataclysm:weapon_infusion/void_assault_shoulder_weapon
[08:36:39] [Render thread/WARN]: Unknown recipe category: cataclysm:weapon_fusion/cataclysm:weapon_infusion/void_forge
[08:36:39] [Render thread/WARN]: Unknown recipe category: cataclysm:weapon_fusion/cataclysm:weapon_infusion/gauntlet_of_bulwark
[08:36:40] [Render thread/INFO]: JEI StartEventObserver received class net.minecraftforge.client.event.RecipesUpdatedEvent
[08:36:40] [Render thread/INFO]: JEI StartEventObserver received class net.minecraftforge.event.TagsUpdatedEvent
[08:36:40] [Render thread/INFO]: JEI StartEventObserver transitioning state from ENABLED to JEI_STARTED
[08:36:40] [Render thread/INFO]: Starting JEI...
[08:36:40] [Render thread/INFO]: Registering item subtypes...
[08:36:40] [Render thread/INFO]: Registering item subtypes took 7.482 ms
[08:36:40] [Render thread/INFO]: Registering fluid subtypes...
[08:36:40] [Render thread/INFO]: Registering fluid subtypes took 1.961 ms
[08:36:40] [Render thread/INFO]: Registering ingredients...
[08:36:40] [Render thread/WARN]: Item Group has no display items and no search tab display items. Items from this group will be missing from the JEI ingredient list. KubeJS
[08:36:40] [Render thread/WARN]: Item Group has no display items and no search tab display items. Items from this group will be missing from the JEI ingredient list. Avalon Items
[08:36:40] [Render thread/INFO]: Registering ingredients: jei:minecraft took 142.1 milliseconds
[08:36:40] [Render thread/INFO]: Registering ingredients took 143.0 ms
[08:36:40] [Render thread/INFO]: Registering extra ingredients...
[08:36:40] [Render thread/INFO]: Registering extra ingredients took 315.9 ?s
[08:36:40] [Render thread/INFO]: Registering search ingredient aliases...
[08:36:40] [Render thread/INFO]: Registering search ingredient aliases took 522.2 ?s
[08:36:40] [Render thread/INFO]: Registering categories...
[08:36:40] [Render thread/INFO]: Registering categories: jei:minecraft took 18.45 milliseconds
[08:36:40] [Render thread/INFO]: Registering categories took 32.11 ms
[08:36:40] [Render thread/INFO]: Registering vanilla category extensions...
[08:36:40] [Render thread/INFO]: Registering vanilla category extensions took 2.857 ms
[08:36:40] [Render thread/INFO]: Registering recipe catalysts...
[08:36:40] [Render thread/INFO]: Registering recipe catalysts took 920.8 ?s
[08:36:40] [Render thread/INFO]: Building recipe registry...
[08:36:40] [Render thread/INFO]: Building recipe registry took 22.38 ms
[08:36:40] [Render thread/INFO]: Registering advanced plugins...
[08:36:40] [Render thread/INFO]: Added recipe manager plugin: class io.redspace.ironsspellbooks.jei.AlchemistCauldronAdvancedHandler
[08:36:40] [Render thread/INFO]: Registering advanced plugins took 1.598 ms
[08:36:40] [Render thread/INFO]: Registering recipes...
[08:36:40] [Render thread/INFO]: Registering recipes: jei:minecraft took 545.6 milliseconds
[08:36:40] [Render thread/INFO]: Registering recipes: farmersdelight:jei_plugin took 17.85 milliseconds
[08:36:41] [Thread-9/INFO]: [System] [CHAT] §2CustomNpcs§f installed. For more info §9§nClick here
[08:36:43] [Render thread/INFO]: Registering recipes: irons_spellbooks:jei_plugin took 2.246 seconds
[08:36:43] [Render thread/INFO]: Registering recipes took 2.815 s
[08:36:43] [Render thread/INFO]: Registering recipes transfer handlers...
[08:36:43] [Render thread/INFO]: Registering recipes transfer handlers took 3.543 ms
[08:36:43] [Render thread/INFO]: Building runtime...
[08:36:43] [Render thread/INFO]: Registering gui handlers...
[08:36:43] [Render thread/INFO]: Registering gui handlers took 13.83 ms
[08:36:43] [Render thread/INFO]: Registering Runtime...
[08:36:43] [Render thread/INFO]: Starting JEI GUI
[08:36:43] [Render thread/INFO]: Building ingredient list...
[08:36:43] [Render thread/INFO]: Building ingredient list took 65.69 ms
[08:36:43] [Render thread/INFO]: Building ingredient filter...
[08:36:43] [Render thread/INFO]: Adding 4027 ingredients
[08:36:44] [Render thread/INFO]: Added 4027 ingredients
[08:36:44] [Render thread/INFO]: Building ingredient filter took 1.402 s
[08:36:44] [Render thread/INFO]: Registering Runtime: jei:forge_gui took 1.568 seconds
[08:36:44] [Render thread/INFO]: Registering Runtime took 1.569 s
[08:36:44] [Render thread/INFO]: Building runtime took 1.596 s
[08:36:44] [Render thread/INFO]: Sending Runtime...
[08:36:44] [Render thread/INFO]: Sending Runtime took 457.8 ?s
[08:36:44] [Render thread/INFO]: Starting JEI took 4.680 s
[08:36:45] [Render thread/INFO]: [System] [CHAT] KubeJS errors found [1]! Run '/kubejs errors server' for more info
[08:36:45] [Render thread/INFO]: OpenGL debug message: id=1005, source=API, type=ERROR, severity=HIGH, message='No detailed debug message due to a non-debug context'
[08:36:45] [Render thread/INFO]: OpenGL debug message: id=1005, source=API, type=ERROR, severity=HIGH, message='No detailed debug message due to a non-debug context'
[08:36:45] [Render thread/INFO]: OpenGL debug message: id=1005, source=API, type=ERROR, severity=HIGH, message='No detailed debug message due to a non-debug context'
[08:36:45] [Server thread/INFO]: ben10 ð? làm ti?n tr?nh [Ice and Fire]
[08:36:45] [Render thread/INFO]: OpenGL debug message: id=1005, source=API, type=ERROR, severity=HIGH, message='No detailed debug message due to a non-debug context'
[08:36:45] [Render thread/INFO]: [System] [CHAT] ben10 ð? làm ti?n tr?nh [Ice and Fire]
[08:36:45] [Render thread/INFO]: Loaded 39 advancements
[08:36:45] [Render thread/INFO]: OpenGL debug message: id=1005, source=API, type=ERROR, severity=HIGH, message='No detailed debug message due to a non-debug context'
[08:36:45] [Render thread/INFO]: OpenGL debug message: id=1005, source=API, type=ERROR, severity=HIGH, message='No detailed debug message due to a non-debug context'
[08:36:45] [Render thread/INFO]: OpenGL debug message: id=1005, source=API, type=ERROR, severity=HIGH, message='No detailed debug message due to a non-debug context'
[08:36:45] [Render thread/INFO]: OpenGL debug message: id=1005, source=API, type=ERROR, severity=HIGH, message='No detailed debug message due to a non-debug context'
[08:36:45] [Server thread/INFO]: Saving and pausing game...
[08:36:45] [Server thread/INFO]: Saving chunks for level 'ServerLevel[Th? gi?i m?i]'/minecraft:overworld
[08:36:45] [Server thread/INFO]: Saving chunks for level 'ServerLevel[Th? gi?i m?i]'/irons_spellbooks:pocket_dimension
[08:36:45] [Render thread/INFO]: calculated cape performance:TEXTURE_272, middle time: 1.6666666666666667
[08:36:45] [Render thread/INFO]: OpenGL debug message: id=1005, source=API, type=ERROR, severity=HIGH, message='No detailed debug message due to a non-debug context'
[08:36:45] [Server thread/INFO]: Saving chunks for level 'ServerLevel[Th? gi?i m?i]'/minecraft:the_nether
[08:36:45] [Server thread/INFO]: Saving chunks for level 'ServerLevel[Th? gi?i m?i]'/minecraft:the_end
[08:36:45] [Render thread/INFO]: OpenGL debug message: id=1005, source=API, type=ERROR, severity=HIGH, message='No detailed debug message due to a non-debug context'
[08:36:45] [Render thread/INFO]: OpenGL debug message: id=1005, source=API, type=ERROR, severity=HIGH, message='No detailed debug message due to a non-debug context'
[08:36:45] [Render thread/INFO]: OpenGL debug message: id=1005, source=API, type=ERROR, severity=HIGH, message='No detailed debug message due to a non-debug context'
[08:36:45] [Render thread/INFO]: OpenGL debug message: id=1005, source=API, type=ERROR, severity=HIGH, message='No detailed debug message due to a non-debug context'
[08:36:45] [Render thread/INFO]: OpenGL debug message: id=1005, source=API, type=ERROR, severity=HIGH, message='No detailed debug message due to a non-debug context'
[08:36:45] [Render thread/INFO]: OpenGL debug message: id=1005, source=API, type=ERROR, severity=HIGH, message='No detailed debug message due to a non-debug context'
[08:36:45] [Render thread/INFO]: OpenGL debug message: id=1005, source=API, type=ERROR, severity=HIGH, message='No detailed debug message due to a non-debug context'
[08:36:45] [Render thread/INFO]: OpenGL debug message: id=1005, source=API, type=ERROR, severity=HIGH, message='No detailed debug message due to a non-debug context'
[08:36:46] [Render thread/INFO]: OpenGL debug message: id=1005, source=API, type=ERROR, severity=HIGH, message='No detailed debug message due to a non-debug context'
[08:36:46] [Render thread/INFO]: OpenGL debug message: id=1005, source=API, type=ERROR, severity=HIGH, message='No detailed debug message due to a non-debug context'
[08:36:46] [Render thread/INFO]: OpenGL debug message: id=1005, source=API, type=ERROR, severity=HIGH, message='No detailed debug message due to a non-debug context'
[08:36:46] [Render thread/INFO]: OpenGL debug message: id=1005, source=API, type=ERROR, severity=HIGH, message='No detailed debug message due to a non-debug context'
[08:36:46] [Render thread/INFO]: OpenGL debug message: id=1005, source=API, type=ERROR, severity=HIGH, message='No detailed debug message due to a non-debug context'
[08:36:46] [Render thread/INFO]: OpenGL debug message: id=1005, source=API, type=ERROR, severity=HIGH, message='No detailed debug message due to a non-debug context'
[08:36:46] [Render thread/INFO]: OpenGL debug message: id=1005, source=API, type=ERROR, severity=HIGH, message='No detailed debug message due to a non-debug context'
[08:36:46] [Render thread/INFO]: OpenGL debug message: id=1005, source=API, type=ERROR, severity=HIGH, message='No detailed debug message due to a non-debug context'
[08:36:46] [Render thread/INFO]: OpenGL debug message: id=1005, source=API, type=ERROR, severity=HIGH, message='No detailed debug message due to a non-debug context'
[08:36:46] [Render thread/INFO]: OpenGL debug message: id=1005, source=API, type=ERROR, severity=HIGH, message='No detailed debug message due to a non-debug context'
[08:36:46] [Render thread/INFO]: OpenGL debug message: id=1005, source=API, type=ERROR, severity=HIGH, message='No detailed debug message due to a non-debug context'
[08:36:46] [Render thread/INFO]: OpenGL debug message: id=1005, source=API, type=ERROR, severity=HIGH, message='No detailed debug message due to a non-debug context'
[08:36:46] [Render thread/INFO]: OpenGL debug message: id=1005, source=API, type=ERROR, severity=HIGH, message='No detailed debug message due to a non-debug context'
[08:36:46] [Render thread/INFO]: OpenGL debug message: id=1005, source=API, type=ERROR, severity=HIGH, message='No detailed debug message due to a non-debug context'
[08:36:46] [Render thread/INFO]: OpenGL debug message: id=1005, source=API, type=ERROR, severity=HIGH, message='No detailed debug message due to a non-debug context'
[08:36:46] [Render thread/INFO]: OpenGL debug message: id=1005, source=API, type=ERROR, severity=HIGH, message='No detailed debug message due to a non-debug context'
[08:36:46] [Render thread/INFO]: OpenGL debug message: id=1005, source=API, type=ERROR, severity=HIGH, message='No detailed debug message due to a non-debug context'
[08:36:46] [Render thread/INFO]: OpenGL debug message: id=1005, source=API, type=ERROR, severity=HIGH, message='No detailed debug message due to a non-debug context'
[08:36:46] [Render thread/INFO]: OpenGL debug message: id=1005, source=API, type=ERROR, severity=HIGH, message='No detailed debug message due to a non-debug context'
[08:36:46] [Render thread/INFO]: OpenGL debug message: id=1005, source=API, type=ERROR, severity=HIGH, message='No detailed debug message due to a non-debug context'
[08:36:46] [Render thread/INFO]: can use texture size:TEXTURE_272, middle time: 0.6
[08:36:46] [Render thread/INFO]: OpenGL debug message: id=1005, source=API, type=ERROR, severity=HIGH, message='No detailed debug message due to a non-debug context'
[08:36:46] [Render thread/INFO]: OpenGL debug message: id=1005, source=API, type=ERROR, severity=HIGH, message='No detailed debug message due to a non-debug context'
[08:36:46] [Render thread/INFO]: OpenGL debug message: id=1005, source=API, type=ERROR, severity=HIGH, message='No detailed debug message due to a non-debug context'
[08:36:46] [Render thread/INFO]: OpenGL debug message: id=1005, source=API, type=ERROR, severity=HIGH, message='No detailed debug message due to a non-debug context'
[08:36:46] [Render thread/INFO]: OpenGL debug message: id=1005, source=API, type=ERROR, severity=HIGH, message='No detailed debug message due to a non-debug context'
[08:36:46] [Render thread/INFO]: OpenGL debug message: id=1005, source=API, type=ERROR, severity=HIGH, message='No detailed debug message due to a non-debug context'
[08:36:46] [Render thread/INFO]: OpenGL debug message: id=1005, source=API, type=ERROR, severity=HIGH, message='No detailed debug message due to a non-debug context'
[08:36:46] [Render thread/INFO]: OpenGL debug message: id=1005, source=API, type=ERROR, severity=HIGH, message='No detailed debug message due to a non-debug context'
[08:36:46] [Render thread/INFO]: OpenGL debug message: id=1005, source=API, type=ERROR, severity=HIGH, message='No detailed debug message due to a non-debug context'
[08:36:46] [Render thread/INFO]: OpenGL debug message: id=1005, source=API, type=ERROR, severity=HIGH, message='No detailed debug message due to a non-debug context'
[08:36:46] [Render thread/INFO]: OpenGL debug message: id=1005, source=API, type=ERROR, severity=HIGH, message='No detailed debug message due to a non-debug context'
[08:36:46] [Render thread/INFO]: OpenGL debug message: id=1005, source=API, type=ERROR, severity=HIGH, message='No detailed debug message due to a non-debug context'
[08:36:46] [Render thread/INFO]: OpenGL debug message: id=1005, source=API, type=ERROR, severity=HIGH, message='No detailed debug message due to a non-debug context'
[08:36:46] [Render thread/INFO]: OpenGL debug message: id=1005, source=API, type=ERROR, severity=HIGH, message='No detailed debug message due to a non-debug context'
[08:36:46] [Render thread/INFO]: OpenGL debug message: id=1005, source=API, type=ERROR, severity=HIGH, message='No detailed debug message due to a non-debug context'
[08:36:46] [Render thread/INFO]: OpenGL debug message: id=1005, source=API, type=ERROR, severity=HIGH, message='No detailed debug message due to a non-debug context'
[08:36:46] [Render thread/INFO]: OpenGL debug message: id=1005, source=API, type=ERROR, severity=HIGH, message='No detailed debug message due to a non-debug context'
[08:36:46] [Render thread/INFO]: OpenGL debug message: id=1005, source=API, type=ERROR, severity=HIGH, message='No detailed debug message due to a non-debug context'
[08:36:46] [Render thread/INFO]: OpenGL debug message: id=1005, source=API, type=ERROR, severity=HIGH, message='No detailed debug message due to a non-debug context'
[08:36:46] [Render thread/INFO]: OpenGL debug message: id=1005, source=API, type=ERROR, severity=HIGH, message='No detailed debug message due to a non-debug context'
[08:36:46] [Render thread/INFO]: OpenGL debug message: id=1005, source=API, type=ERROR, severity=HIGH, message='No detailed debug message due to a non-debug context'
[08:36:46] [Render thread/INFO]: OpenGL debug message: id=1005, source=API, type=ERROR, severity=HIGH, message='No detailed debug message due to a non-debug context'
[08:36:46] [Render thread/INFO]: OpenGL debug message: id=1005, source=API, type=ERROR, severity=HIGH, message='No detailed debug message due to a non-debug context'
[08:36:46] [Render thread/INFO]: OpenGL debug message: id=1005, source=API, type=ERROR, severity=HIGH, message='No detailed debug message due to a non-debug context'
[08:36:46] [Render thread/INFO]: OpenGL debug message: id=1005, source=API, type=ERROR, severity=HIGH, message='No detailed debug message due to a non-debug context'
[08:36:47] [Render thread/INFO]: OpenGL debug message: id=1005, source=API, type=ERROR, severity=HIGH, message='No detailed debug message due to a non-debug context'
[08:36:47] [Render thread/INFO]: OpenGL debug message: id=1005, source=API, type=ERROR, severity=HIGH, message='No detailed debug message due to a non-debug context'
[08:36:47] [Render thread/INFO]: OpenGL debug message: id=1005, source=API, type=ERROR, severity=HIGH, message='No detailed debug message due to a non-debug context'
[08:36:47] [Render thread/INFO]: OpenGL debug message: id=1005, source=API, type=ERROR, severity=HIGH, message='No detailed debug message due to a non-debug context'
[08:36:47] [Render thread/INFO]: OpenGL debug message: id=1005, source=API, type=ERROR, severity=HIGH, message='No detailed debug message due to a non-debug context'
[08:36:47] [Render thread/INFO]: OpenGL debug message: id=1005, source=API, type=ERROR, severity=HIGH, message='No detailed debug message due to a non-debug context'
[08:36:47] [Render thread/INFO]: OpenGL debug message: id=1005, source=API, type=ERROR, severity=HIGH, message='No detailed debug message due to a non-debug context'
[08:36:47] [Render thread/INFO]: OpenGL debug message: id=1005, source=API, type=ERROR, severity=HIGH, message='No detailed debug message due to a non-debug context'
[08:36:47] [Render thread/INFO]: OpenGL debug message: id=1005, source=API, type=ERROR, severity=HIGH, message='No detailed debug message due to a non-debug context'
[08:36:47] [Render thread/INFO]: OpenGL debug message: id=1005, source=API, type=ERROR, severity=HIGH, message='No detailed debug message due to a non-debug context'
[08:36:47] [Render thread/INFO]: OpenGL debug message: id=1005, source=API, type=ERROR, severity=HIGH, message='No detailed debug message due to a non-debug context'
[08:36:47] [Render thread/INFO]: OpenGL debug message: id=1005, source=API, type=ERROR, severity=HIGH, message='No detailed debug message due to a non-debug context'
[08:36:47] [Render thread/INFO]: OpenGL debug message: id=1005, source=API, type=ERROR, severity=HIGH, message='No detailed debug message due to a non-debug context'
[08:36:47] [Render thread/INFO]: OpenGL debug message: id=1005, source=API, type=ERROR, severity=HIGH, message='No detailed debug message due to a non-debug context'
[08:36:47] [Render thread/INFO]: OpenGL debug message: id=1005, source=API, type=ERROR, severity=HIGH, message='No detailed debug message due to a non-debug context'
[08:36:47] [Render thread/INFO]: OpenGL debug message: id=1005, source=API, type=ERROR, severity=HIGH, message='No detailed debug message due to a non-debug context'
[08:36:47] [Render thread/INFO]: OpenGL debug message: id=1005, source=API, type=ERROR, severity=HIGH, message='No detailed debug message due to a non-debug context'
[08:36:47] [Render thread/INFO]: OpenGL debug message: id=1005, source=API, type=ERROR, severity=HIGH, message='No detailed debug message due to a non-debug context'
[08:36:47] [Render thread/INFO]: OpenGL debug message: id=1005, source=API, type=ERROR, severity=HIGH, message='No detailed debug message due to a non-debug context'
[08:36:47] [Render thread/INFO]: OpenGL debug message: id=1005, source=API, type=ERROR, severity=HIGH, message='No detailed debug message due to a non-debug context'
[08:36:47] [Render thread/INFO]: OpenGL debug message: id=1005, source=API, type=ERROR, severity=HIGH, message='No detailed debug message due to a non-debug context'
[08:36:47] [Render thread/INFO]: OpenGL debug message: id=1005, source=API, type=ERROR, severity=HIGH, message='No detailed debug message due to a non-debug context'
[08:36:47] [Render thread/INFO]: OpenGL debug message: id=1005, source=API, type=ERROR, severity=HIGH, message='No detailed debug message due to a non-debug context'
[08:36:47] [Render thread/INFO]: OpenGL debug message: id=1005, source=API, type=ERROR, severity=HIGH, message='No detailed debug message due to a non-debug context'
[08:36:47] [Render thread/INFO]: OpenGL debug message: id=1005, source=API, type=ERROR, severity=HIGH, message='No detailed debug message due to a non-debug context'
[08:36:47] [Render thread/INFO]: OpenGL debug message: id=1005, source=API, type=ERROR, severity=HIGH, message='No detailed debug message due to a non-debug context'
[08:36:47] [Render thread/INFO]: OpenGL debug message: id=1005, source=API, type=ERROR, severity=HIGH, message='No detailed debug message due to a non-debug context'
[08:36:47] [Render thread/INFO]: OpenGL debug message: id=1005, source=API, type=ERROR, severity=HIGH, message='No detailed debug message due to a non-debug context'
[08:36:47] [Render thread/INFO]: OpenGL debug message: id=1005, source=API, type=ERROR, severity=HIGH, message='No detailed debug message due to a non-debug context'
[08:36:47] [Render thread/INFO]: OpenGL debug message: id=1005, source=API, type=ERROR, severity=HIGH, message='No detailed debug message due to a non-debug context'
[08:36:47] [Render thread/INFO]: OpenGL debug message: id=1005, source=API, type=ERROR, severity=HIGH, message='No detailed debug message due to a non-debug context'
[08:36:47] [Render thread/INFO]: OpenGL debug message: id=1005, source=API, type=ERROR, severity=HIGH, message='No detailed debug message due to a non-debug context'
[08:36:47] [Render thread/INFO]: OpenGL debug message: id=1005, source=API, type=ERROR, severity=HIGH, message='No detailed debug message due to a non-debug context'
[08:36:47] [Render thread/INFO]: OpenGL debug message: id=1005, source=API, type=ERROR, severity=HIGH, message='No detailed debug message due to a non-debug context'
[08:36:47] [Render thread/INFO]: OpenGL debug message: id=1005, source=API, type=ERROR, severity=HIGH, message='No detailed debug message due to a non-debug context'
[08:36:47] [Render thread/INFO]: OpenGL debug message: id=1005, source=API, type=ERROR, severity=HIGH, message='No detailed debug message due to a non-debug context'
[08:36:47] [Render thread/INFO]: OpenGL debug message: id=1005, source=API, type=ERROR, severity=HIGH, message='No detailed debug message due to a non-debug context'
[08:36:47] [Render thread/INFO]: OpenGL debug message: id=1005, source=API, type=ERROR, severity=HIGH, message='No detailed debug message due to a non-debug context'
[08:36:47] [Render thread/INFO]: OpenGL debug message: id=1005, source=API, type=ERROR, severity=HIGH, message='No detailed debug message due to a non-debug context'
[08:36:47] [Render thread/INFO]: OpenGL debug message: id=1005, source=API, type=ERROR, severity=HIGH, message='No detailed debug message due to a non-debug context'
[08:36:47] [Render thread/INFO]: OpenGL debug message: id=1005, source=API, type=ERROR, severity=HIGH, message='No detailed debug message due to a non-debug context'
[08:36:47] [Render thread/INFO]: OpenGL debug message: id=1005, source=API, type=ERROR, severity=HIGH, message='No detailed debug message due to a non-debug context'
[08:36:47] [Render thread/INFO]: OpenGL debug message: id=1005, source=API, type=ERROR, severity=HIGH, message='No detailed debug message due to a non-debug context'
[08:36:47] [Render thread/INFO]: OpenGL debug message: id=1005, source=API, type=ERROR, severity=HIGH, message='No detailed debug message due to a non-debug context'
[08:36:47] [Render thread/INFO]: OpenGL debug message: id=1005, source=API, type=ERROR, severity=HIGH, message='No detailed debug message due to a non-debug context'
[08:36:47] [Render thread/INFO]: OpenGL debug message: id=1005, source=API, type=ERROR, severity=HIGH, message='No detailed debug message due to a non-debug context'
[08:36:47] [Render thread/INFO]: OpenGL debug message: id=1005, source=API, type=ERROR, severity=HIGH, message='No detailed debug message due to a non-debug context'
[08:36:47] [Render thread/INFO]: OpenGL debug message: id=1005, source=API, type=ERROR, severity=HIGH, message='No detailed debug message due to a non-debug context'
[08:36:47] [Render thread/INFO]: OpenGL debug message: id=1005, source=API, type=ERROR, severity=HIGH, message='No detailed debug message due to a non-debug context'
[08:36:47] [Render thread/INFO]: OpenGL debug message: id=1005, source=API, type=ERROR, severity=HIGH, message='No detailed debug message due to a non-debug context'
[08:36:47] [Render thread/INFO]: OpenGL debug message: id=1005, source=API, type=ERROR, severity=HIGH, message='No detailed debug message due to a non-debug context'
[08:36:47] [Render thread/INFO]: OpenGL debug message: id=1005, source=API, type=ERROR, severity=HIGH, message='No detailed debug message due to a non-debug context'
[08:36:47] [Render thread/INFO]: OpenGL debug message: id=1005, source=API, type=ERROR, severity=HIGH, message='No detailed debug message due to a non-debug context'
[08:36:47] [Render thread/INFO]: OpenGL debug message: id=1005, source=API, type=ERROR, severity=HIGH, message='No detailed debug message due to a non-debug context'
[08:36:47] [Render thread/INFO]: OpenGL debug message: id=1005, source=API, type=ERROR, severity=HIGH, message='No detailed debug message due to a non-debug context'
[08:36:47] [Render thread/INFO]: OpenGL debug message: id=1005, source=API, type=ERROR, severity=HIGH, message='No detailed debug message due to a non-debug context'
[08:36:47] [Render thread/INFO]: OpenGL debug message: id=1005, source=API, type=ERROR, severity=HIGH, message='No detailed debug message due to a non-debug context'
[08:36:47] [Render thread/INFO]: OpenGL debug message: id=1005, source=API, type=ERROR, severity=HIGH, message='No detailed debug message due to a non-debug context'
[08:36:47] [Render thread/INFO]: OpenGL debug message: id=1005, source=API, type=ERROR, severity=HIGH, message='No detailed debug message due to a non-debug context'
[08:36:47] [Render thread/INFO]: OpenGL debug message: id=1005, source=API, type=ERROR, severity=HIGH, message='No detailed debug message due to a non-debug context'
[08:36:48] [Render thread/INFO]: OpenGL debug message: id=1005, source=API, type=ERROR, severity=HIGH, message='No detailed debug message due to a non-debug context'
[08:36:48] [Render thread/INFO]: OpenGL debug message: id=1005, source=API, type=ERROR, severity=HIGH, message='No detailed debug message due to a non-debug context'
[08:36:48] [Render thread/INFO]: OpenGL debug message: id=1005, source=API, type=ERROR, severity=HIGH, message='No detailed debug message due to a non-debug context'
[08:36:48] [Render thread/INFO]: OpenGL debug message: id=1005, source=API, type=ERROR, severity=HIGH, message='No detailed debug message due to a non-debug context'
[08:36:48] [Render thread/INFO]: OpenGL debug message: id=1005, source=API, type=ERROR, severity=HIGH, message='No detailed debug message due to a non-debug context'
[08:36:48] [Render thread/INFO]: OpenGL debug message: id=1005, source=API, type=ERROR, severity=HIGH, message='No detailed debug message due to a non-debug context'
[08:36:48] [Render thread/INFO]: OpenGL debug message: id=1005, source=API, type=ERROR, severity=HIGH, message='No detailed debug message due to a non-debug context'
[08:36:48] [Render thread/INFO]: OpenGL debug message: id=1005, source=API, type=ERROR, severity=HIGH, message='No detailed debug message due to a non-debug context'
[08:36:48] [Render thread/INFO]: OpenGL debug message: id=1005, source=API, type=ERROR, severity=HIGH, message='No detailed debug message due to a non-debug context'
[08:36:48] [Render thread/INFO]: OpenGL debug message: id=1005, source=API, type=ERROR, severity=HIGH, message='No detailed debug message due to a non-debug context'
[08:36:48] [Render thread/INFO]: OpenGL debug message: id=1005, source=API, type=ERROR, severity=HIGH, message='No detailed debug message due to a non-debug context'
[08:36:48] [Render thread/INFO]: OpenGL debug message: id=1005, source=API, type=ERROR, severity=HIGH, message='No detailed debug message due to a non-debug context'
[08:36:48] [Render thread/INFO]: OpenGL debug message: id=1005, source=API, type=ERROR, severity=HIGH, message='No detailed debug message due to a non-debug context'
[08:36:48] [Render thread/INFO]: OpenGL debug message: id=1005, source=API, type=ERROR, severity=HIGH, message='No detailed debug message due to a non-debug context'
[08:36:48] [Render thread/INFO]: OpenGL debug message: id=1005, source=API, type=ERROR, severity=HIGH, message='No detailed debug message due to a non-debug context'
[08:36:48] [Render thread/INFO]: OpenGL debug message: id=1005, source=API, type=ERROR, severity=HIGH, message='No detailed debug message due to a non-debug context'
[08:36:48] [Render thread/INFO]: OpenGL debug message: id=1005, source=API, type=ERROR, severity=HIGH, message='No detailed debug message due to a non-debug context'
[08:36:48] [Render thread/INFO]: OpenGL debug message: id=1005, source=API, type=ERROR, severity=HIGH, message='No detailed debug message due to a non-debug context'
[08:36:48] [Render thread/INFO]: OpenGL debug message: id=1005, source=API, type=ERROR, severity=HIGH, message='No detailed debug message due to a non-debug context'
[08:36:48] [Render thread/INFO]: OpenGL debug message: id=1005, source=API, type=ERROR, severity=HIGH, message='No detailed debug message due to a non-debug context'
[08:36:48] [Render thread/INFO]: OpenGL debug message: id=1005, source=API, type=ERROR, severity=HIGH, message='No detailed debug message due to a non-debug context'
[08:36:48] [Render thread/INFO]: OpenGL debug message: id=1005, source=API, type=ERROR, severity=HIGH, message='No detailed debug message due to a non-debug context'
[08:36:48] [Render thread/INFO]: OpenGL debug message: id=1005, source=API, type=ERROR, severity=HIGH, message='No detailed debug message due to a non-debug context'
[08:36:48] [Render thread/INFO]: OpenGL debug message: id=1005, source=API, type=ERROR, severity=HIGH, message='No detailed debug message due to a non-debug context'
[08:36:48] [Render thread/INFO]: OpenGL debug message: id=1005, source=API, type=ERROR, severity=HIGH, message='No detailed debug message due to a non-debug context'
[08:36:48] [Render thread/INFO]: OpenGL debug message: id=1005, source=API, type=ERROR, severity=HIGH, message='No detailed debug message due to a non-debug context'
[08:36:48] [Render thread/INFO]: OpenGL debug message: id=1005, source=API, type=ERROR, severity=HIGH, message='No detailed debug message due to a non-debug context'
[08:36:48] [Render thread/INFO]: OpenGL debug message: id=1005, source=API, type=ERROR, severity=HIGH, message='No detailed debug message due to a non-debug context'
[08:36:48] [Render thread/INFO]: OpenGL debug message: id=1005, source=API, type=ERROR, severity=HIGH, message='No detailed debug message due to a non-debug context'
[08:36:48] [Render thread/INFO]: OpenGL debug message: id=1005, source=API, type=ERROR, severity=HIGH, message='No detailed debug message due to a non-debug context'
[08:36:48] [Render thread/INFO]: OpenGL debug message: id=1005, source=API, type=ERROR, severity=HIGH, message='No detailed debug message due to a non-debug context'
[08:36:48] [Render thread/INFO]: OpenGL debug message: id=1005, source=API, type=ERROR, severity=HIGH, message='No detailed debug message due to a non-debug context'
[08:36:48] [Render thread/INFO]: OpenGL debug message: id=1005, source=API, type=ERROR, severity=HIGH, message='No detailed debug message due to a non-debug context'
[08:36:48] [Render thread/INFO]: OpenGL debug message: id=1005, source=API, type=ERROR, severity=HIGH, message='No detailed debug message due to a non-debug context'
[08:36:48] [Render thread/INFO]: OpenGL debug message: id=1005, source=API, type=ERROR, severity=HIGH, message='No detailed debug message due to a non-debug context'
[08:36:48] [Render thread/INFO]: OpenGL debug message: id=1005, source=API, type=ERROR, severity=HIGH, message='No detailed debug message due to a non-debug context'
[08:36:48] [Render thread/INFO]: OpenGL debug message: id=1005, source=API, type=ERROR, severity=HIGH, message='No detailed debug message due to a non-debug context'
[08:36:48] [Render thread/INFO]: OpenGL debug message: id=1005, source=API, type=ERROR, severity=HIGH, message='No detailed debug message due to a non-debug context'
[08:36:48] [Render thread/INFO]: OpenGL debug message: id=1005, source=API, type=ERROR, severity=HIGH, message='No detailed debug message due to a non-debug context'
[08:36:48] [Render thread/INFO]: OpenGL debug message: id=1005, source=API, type=ERROR, severity=HIGH, message='No detailed debug message due to a non-debug context'
[08:36:48] [Render thread/INFO]: OpenGL debug message: id=1005, source=API, type=ERROR, severity=HIGH, message='No detailed debug message due to a non-debug context'
[08:36:48] [Render thread/INFO]: OpenGL debug message: id=1005, source=API, type=ERROR, severity=HIGH, message='No detailed debug message due to a non-debug context'
[08:36:48] [Render thread/INFO]: OpenGL debug message: id=1005, source=API, type=ERROR, severity=HIGH, message='No detailed debug message due to a non-debug context'
[08:36:48] [Render thread/INFO]: OpenGL debug message: id=1005, source=API, type=ERROR, severity=HIGH, message='No detailed debug message due to a non-debug context'
[08:36:48] [Render thread/INFO]: OpenGL debug message: id=1005, source=API, type=ERROR, severity=HIGH, message='No detailed debug message due to a non-debug context'
[08:36:48] [Render thread/INFO]: OpenGL debug message: id=1005, source=API, type=ERROR, severity=HIGH, message='No detailed debug message due to a non-debug context'
[08:36:48] [Render thread/INFO]: OpenGL debug message: id=1005, source=API, type=ERROR, severity=HIGH, message='No detailed debug message due to a non-debug context'
[08:36:48] [Render thread/INFO]: OpenGL debug message: id=1005, source=API, type=ERROR, severity=HIGH, message='No detailed debug message due to a non-debug context'
[08:36:48] [Render thread/INFO]: OpenGL debug message: id=1005, source=API, type=ERROR, severity=HIGH, message='No detailed debug message due to a non-debug context'
[08:36:48] [Render thread/INFO]: OpenGL debug message: id=1005, source=API, type=ERROR, severity=HIGH, message='No detailed debug message due to a non-debug context'
[08:36:48] [Render thread/INFO]: OpenGL debug message: id=1005, source=API, type=ERROR, severity=HIGH, message='No detailed debug message due to a non-debug context'
[08:36:48] [Render thread/INFO]: OpenGL debug message: id=1005, source=API, type=ERROR, severity=HIGH, message='No detailed debug message due to a non-debug context'
[08:36:48] [Render thread/INFO]: OpenGL debug message: id=1005, source=API, type=ERROR, severity=HIGH, message='No detailed debug message due to a non-debug context'
[08:36:48] [Render thread/INFO]: OpenGL debug message: id=1005, source=API, type=ERROR, severity=HIGH, message='No detailed debug message due to a non-debug context'
[08:36:48] [Render thread/INFO]: OpenGL debug message: id=1005, source=API, type=ERROR, severity=HIGH, message='No detailed debug message due to a non-debug context'
[08:36:48] [Render thread/INFO]: OpenGL debug message: id=1005, source=API, type=ERROR, severity=HIGH, message='No detailed debug message due to a non-debug context'
[08:36:48] [Render thread/INFO]: OpenGL debug message: id=1005, source=API, type=ERROR, severity=HIGH, message='No detailed debug message due to a non-debug context'
[08:36:48] [Render thread/INFO]: OpenGL debug message: id=1005, source=API, type=ERROR, severity=HIGH, message='No detailed debug message due to a non-debug context'
[08:36:48] [Render thread/INFO]: OpenGL debug message: id=1005, source=API, type=ERROR, severity=HIGH, message='No detailed debug message due to a non-debug context'
[08:36:49] [Render thread/INFO]: OpenGL debug message: id=1005, source=API, type=ERROR, severity=HIGH, message='No detailed debug message due to a non-debug context'
[08:36:49] [Render thread/INFO]: OpenGL debug message: id=1005, source=API, type=ERROR, severity=HIGH, message='No detailed debug message due to a non-debug context'
[08:36:49] [Render thread/INFO]: OpenGL debug message: id=1005, source=API, type=ERROR, severity=HIGH, message='No detailed debug message due to a non-debug context'
[08:36:49] [Render thread/INFO]: OpenGL debug message: id=1005, source=API, type=ERROR, severity=HIGH, message='No detailed debug message due to a non-debug context'
[08:36:49] [Render thread/INFO]: OpenGL debug message: id=1005, source=API, type=ERROR, severity=HIGH, message='No detailed debug message due to a non-debug context'
[08:36:49] [Render thread/INFO]: OpenGL debug message: id=1005, source=API, type=ERROR, severity=HIGH, message='No detailed debug message due to a non-debug context'
[08:36:49] [Render thread/INFO]: OpenGL debug message: id=1005, source=API, type=ERROR, severity=HIGH, message='No detailed debug message due to a non-debug context'
[08:36:49] [Render thread/INFO]: OpenGL debug message: id=1005, source=API, type=ERROR, severity=HIGH, message='No detailed debug message due to a non-debug context'
[08:36:49] [Render thread/INFO]: OpenGL debug message: id=1005, source=API, type=ERROR, severity=HIGH, message='No detailed debug message due to a non-debug context'
[08:36:49] [Render thread/INFO]: OpenGL debug message: id=1005, source=API, type=ERROR, severity=HIGH, message='No detailed debug message due to a non-debug context'
[08:36:49] [Render thread/INFO]: OpenGL debug message: id=1005, source=API, type=ERROR, severity=HIGH, message='No detailed debug message due to a non-debug context'
[08:36:49] [Render thread/INFO]: OpenGL debug message: id=1005, source=API, type=ERROR, severity=HIGH, message='No detailed debug message due to a non-debug context'
[08:36:49] [Render thread/INFO]: OpenGL debug message: id=1005, source=API, type=ERROR, severity=HIGH, message='No detailed debug message due to a non-debug context'
[08:36:49] [Render thread/INFO]: OpenGL debug message: id=1005, source=API, type=ERROR, severity=HIGH, message='No detailed debug message due to a non-debug context'
[08:36:49] [Render thread/INFO]: OpenGL debug message: id=1005, source=API, type=ERROR, severity=HIGH, message='No detailed debug message due to a non-debug context'
[08:36:49] [Render thread/INFO]: OpenGL debug message: id=1005, source=API, type=ERROR, severity=HIGH, message='No detailed debug message due to a non-debug context'
[08:36:49] [Render thread/INFO]: OpenGL debug message: id=1005, source=API, type=ERROR, severity=HIGH, message='No detailed debug message due to a non-debug context'
[08:36:49] [Render thread/INFO]: OpenGL debug message: id=1005, source=API, type=ERROR, severity=HIGH, message='No detailed debug message due to a non-debug context'
[08:36:49] [Render thread/INFO]: OpenGL debug message: id=1005, source=API, type=ERROR, severity=HIGH, message='No detailed debug message due to a non-debug context'
[08:36:49] [Render thread/INFO]: OpenGL debug message: id=1005, source=API, type=ERROR, severity=HIGH, message='No detailed debug message due to a non-debug context'
[08:36:49] [Render thread/INFO]: OpenGL debug message: id=1005, source=API, type=ERROR, severity=HIGH, message='No detailed debug message due to a non-debug context'
[08:36:49] [Render thread/INFO]: OpenGL debug message: id=1005, source=API, type=ERROR, severity=HIGH, message='No detailed debug message due to a non-debug context'
[08:36:49] [Render thread/INFO]: OpenGL debug message: id=1005, source=API, type=ERROR, severity=HIGH, message='No detailed debug message due to a non-debug context'
[08:36:49] [Render thread/INFO]: OpenGL debug message: id=1005, source=API, type=ERROR, severity=HIGH, message='No detailed debug message due to a non-debug context'
[08:36:49] [Render thread/INFO]: OpenGL debug message: id=1005, source=API, type=ERROR, severity=HIGH, message='No detailed debug message due to a non-debug context'
[08:36:49] [Render thread/INFO]: OpenGL debug message: id=1005, source=API, type=ERROR, severity=HIGH, message='No detailed debug message due to a non-debug context'
[08:36:49] [Render thread/INFO]: OpenGL debug message: id=1005, source=API, type=ERROR, severity=HIGH, message='No detailed debug message due to a non-debug context'
[08:36:49] [Render thread/INFO]: OpenGL debug message: id=1005, source=API, type=ERROR, severity=HIGH, message='No detailed debug message due to a non-debug context'
[08:36:49] [Render thread/INFO]: OpenGL debug message: id=1005, source=API, type=ERROR, severity=HIGH, message='No detailed debug message due to a non-debug context'
[08:36:49] [Render thread/INFO]: OpenGL debug message: id=1005, source=API, type=ERROR, severity=HIGH, message='No detailed debug message due to a non-debug context'
[08:36:49] [Render thread/INFO]: OpenGL debug message: id=1005, source=API, type=ERROR, severity=HIGH, message='No detailed debug message due to a non-debug context'
[08:36:49] [Render thread/INFO]: OpenGL debug message: id=1005, source=API, type=ERROR, severity=HIGH, message='No detailed debug message due to a non-debug context'
[08:36:49] [Render thread/INFO]: OpenGL debug message: id=1005, source=API, type=ERROR, severity=HIGH, message='No detailed debug message due to a non-debug context'
[08:36:49] [Render thread/INFO]: OpenGL debug message: id=1005, source=API, type=ERROR, severity=HIGH, message='No detailed debug message due to a non-debug context'
[08:36:49] [Render thread/INFO]: OpenGL debug message: id=1005, source=API, type=ERROR, severity=HIGH, message='No detailed debug message due to a non-debug context'
[08:36:49] [Render thread/INFO]: OpenGL debug message: id=1005, source=API, type=ERROR, severity=HIGH, message='No detailed debug message due to a non-debug context'
[08:36:49] [Render thread/INFO]: OpenGL debug message: id=1005, source=API, type=ERROR, severity=HIGH, message='No detailed debug message due to a non-debug context'
[08:36:49] [Render thread/INFO]: OpenGL debug message: id=1005, source=API, type=ERROR, severity=HIGH, message='No detailed debug message due to a non-debug context'
[08:36:49] [Server thread/INFO]: Saving and pausing game...
[08:36:49] [Server thread/INFO]: Saving chunks for level 'ServerLevel[Th? gi?i m?i]'/minecraft:overworld
[08:36:49] [Render thread/INFO]: OpenGL debug message: id=1005, source=API, type=ERROR, severity=HIGH, message='No detailed debug message due to a non-debug context'
[08:36:49] [Server thread/INFO]: Saving chunks for level 'ServerLevel[Th? gi?i m?i]'/irons_spellbooks:pocket_dimension
[08:36:49] [Server thread/INFO]: Saving chunks for level 'ServerLevel[Th? gi?i m?i]'/minecraft:the_nether
[08:36:49] [Server thread/INFO]: Saving chunks for level 'ServerLevel[Th? gi?i m?i]'/minecraft:the_end
[08:36:49] [Render thread/INFO]: OpenGL debug message: id=1005, source=API, type=ERROR, severity=HIGH, message='No detailed debug message due to a non-debug context'
[08:36:49] [Render thread/INFO]: OpenGL debug message: id=1005, source=API, type=ERROR, severity=HIGH, message='No detailed debug message due to a non-debug context'
[08:36:49] [Render thread/INFO]: OpenGL debug message: id=1005, source=API, type=ERROR, severity=HIGH, message='No detailed debug message due to a non-debug context'
[08:36:49] [Render thread/INFO]: OpenGL debug message: id=1005, source=API, type=ERROR, severity=HIGH, message='No detailed debug message due to a non-debug context'
[08:36:49] [Render thread/INFO]: OpenGL debug message: id=1005, source=API, type=ERROR, severity=HIGH, message='No detailed debug message due to a non-debug context'
[08:36:49] [Render thread/INFO]: OpenGL debug message: id=1005, source=API, type=ERROR, severity=HIGH, message='No detailed debug message due to a non-debug context'
[08:36:49] [Render thread/INFO]: OpenGL debug message: id=1005, source=API, type=ERROR, severity=HIGH, message='No detailed debug message due to a non-debug context'
[08:36:49] [Render thread/INFO]: OpenGL debug message: id=1005, source=API, type=ERROR, severity=HIGH, message='No detailed debug message due to a non-debug context'
[08:36:49] [Render thread/INFO]: OpenGL debug message: id=1005, source=API, type=ERROR, severity=HIGH, message='No detailed debug message due to a non-debug context'
[08:36:49] [Render thread/INFO]: OpenGL debug message: id=1005, source=API, type=ERROR, severity=HIGH, message='No detailed debug message due to a non-debug context'
[08:36:49] [Render thread/INFO]: OpenGL debug message: id=1005, source=API, type=ERROR, severity=HIGH, message='No detailed debug message due to a non-debug context'
[08:36:49] [Render thread/INFO]: OpenGL debug message: id=1005, source=API, type=ERROR, severity=HIGH, message='No detailed debug message due to a non-debug context'
[08:36:49] [Render thread/INFO]: OpenGL debug message: id=1005, source=API, type=ERROR, severity=HIGH, message='No detailed debug message due to a non-debug context'
[08:36:49] [Render thread/INFO]: OpenGL debug message: id=1005, source=API, type=ERROR, severity=HIGH, message='No detailed debug message due to a non-debug context'
[08:36:49] [Render thread/INFO]: OpenGL debug message: id=1005, source=API, type=ERROR, severity=HIGH, message='No detailed debug message due to a non-debug context'
[08:36:49] [Render thread/INFO]: OpenGL debug message: id=1005, source=API, type=ERROR, severity=HIGH, message='No detailed debug message due to a non-debug context'
[08:36:49] [Render thread/INFO]: OpenGL debug message: id=1005, source=API, type=ERROR, severity=HIGH, message='No detailed debug message due to a non-debug context'
[08:36:50] [Render thread/INFO]: OpenGL debug message: id=1005, source=API, type=ERROR, severity=HIGH, message='No detailed debug message due to a non-debug context'
[08:36:50] [Render thread/INFO]: OpenGL debug message: id=1005, source=API, type=ERROR, severity=HIGH, message='No detailed debug message due to a non-debug context'
[08:36:50] [Render thread/INFO]: OpenGL debug message: id=1005, source=API, type=ERROR, severity=HIGH, message='No detailed debug message due to a non-debug context'
[08:36:50] [Render thread/INFO]: OpenGL debug message: id=1005, source=API, type=ERROR, severity=HIGH, message='No detailed debug message due to a non-debug context'
[08:36:50] [Render thread/INFO]: OpenGL debug message: id=1005, source=API, type=ERROR, severity=HIGH, message='No detailed debug message due to a non-debug context'
[08:36:50] [Render thread/INFO]: OpenGL debug message: id=1005, source=API, type=ERROR, severity=HIGH, message='No detailed debug message due to a non-debug context'
[08:36:50] [Render thread/INFO]: OpenGL debug message: id=1005, source=API, type=ERROR, severity=HIGH, message='No detailed debug message due to a non-debug context'
[08:36:50] [Render thread/INFO]: OpenGL debug message: id=1005, source=API, type=ERROR, severity=HIGH, message='No detailed debug message due to a non-debug context'
[08:36:50] [Render thread/INFO]: OpenGL debug message: id=1005, source=API, type=ERROR, severity=HIGH, message='No detailed debug message due to a non-debug context'
[08:36:50] [Render thread/INFO]: OpenGL debug message: id=1005, source=API, type=ERROR, severity=HIGH, message='No detailed debug message due to a non-debug context'
[08:36:50] [Render thread/INFO]: OpenGL debug message: id=1005, source=API, type=ERROR, severity=HIGH, message='No detailed debug message due to a non-debug context'
[08:36:50] [Render thread/INFO]: OpenGL debug message: id=1005, source=API, type=ERROR, severity=HIGH, message='No detailed debug message due to a non-debug context'
[08:36:50] [Render thread/INFO]: OpenGL debug message: id=1005, source=API, type=ERROR, severity=HIGH, message='No detailed debug message due to a non-debug context'
[08:36:50] [Render thread/INFO]: OpenGL debug message: id=1005, source=API, type=ERROR, severity=HIGH, message='No detailed debug message due to a non-debug context'
[08:36:50] [Render thread/INFO]: OpenGL debug message: id=1005, source=API, type=ERROR, severity=HIGH, message='No detailed debug message due to a non-debug context'
[08:36:50] [Render thread/INFO]: OpenGL debug message: id=1005, source=API, type=ERROR, severity=HIGH, message='No detailed debug message due to a non-debug context'
[08:36:50] [Render thread/INFO]: OpenGL debug message: id=1005, source=API, type=ERROR, severity=HIGH, message='No detailed debug message due to a non-debug context'
[08:36:50] [Render thread/INFO]: OpenGL debug message: id=1005, source=API, type=ERROR, severity=HIGH, message='No detailed debug message due to a non-debug context'
[08:36:50] [Render thread/INFO]: OpenGL debug message: id=1005, source=API, type=ERROR, severity=HIGH, message='No detailed debug message due to a non-debug context'
[08:36:50] [Render thread/INFO]: OpenGL debug message: id=1005, source=API, type=ERROR, severity=HIGH, message='No detailed debug message due to a non-debug context'
[08:36:50] [Render thread/INFO]: OpenGL debug message: id=1005, source=API, type=ERROR, severity=HIGH, message='No detailed debug message due to a non-debug context'
[08:36:50] [Render thread/INFO]: OpenGL debug message: id=1005, source=API, type=ERROR, severity=HIGH, message='No detailed debug message due to a non-debug context'
[08:36:50] [Render thread/INFO]: OpenGL debug message: id=1005, source=API, type=ERROR, severity=HIGH, message='No detailed debug message due to a non-debug context'
[08:36:50] [Render thread/INFO]: OpenGL debug message: id=1005, source=API, type=ERROR, severity=HIGH, message='No detailed debug message due to a non-debug context'
[08:36:50] [Render thread/INFO]: OpenGL debug message: id=1005, source=API, type=ERROR, severity=HIGH, message='No detailed debug message due to a non-debug context'
[08:36:50] [Render thread/INFO]: OpenGL debug message: id=1005, source=API, type=ERROR, severity=HIGH, message='No detailed debug message due to a non-debug context'
[08:36:50] [Render thread/INFO]: OpenGL debug message: id=1005, source=API, type=ERROR, severity=HIGH, message='No detailed debug message due to a non-debug context'
[08:36:50] [Render thread/INFO]: OpenGL debug message: id=1005, source=API, type=ERROR, severity=HIGH, message='No detailed debug message due to a non-debug context'
[08:36:50] [Render thread/INFO]: OpenGL debug message: id=1005, source=API, type=ERROR, severity=HIGH, message='No detailed debug message due to a non-debug context'
[08:36:50] [Render thread/INFO]: OpenGL debug message: id=1005, source=API, type=ERROR, severity=HIGH, message='No detailed debug message due to a non-debug context'
[08:36:50] [Render thread/INFO]: OpenGL debug message: id=1005, source=API, type=ERROR, severity=HIGH, message='No detailed debug message due to a non-debug context'
[08:36:50] [Render thread/INFO]: OpenGL debug message: id=1005, source=API, type=ERROR, severity=HIGH, message='No detailed debug message due to a non-debug context'
[08:36:50] [Render thread/INFO]: OpenGL debug message: id=1005, source=API, type=ERROR, severity=HIGH, message='No detailed debug message due to a non-debug context'
[08:36:50] [Render thread/INFO]: OpenGL debug message: id=1005, source=API, type=ERROR, severity=HIGH, message='No detailed debug message due to a non-debug context'
[08:36:50] [Render thread/INFO]: OpenGL debug message: id=1005, source=API, type=ERROR, severity=HIGH, message='No detailed debug message due to a non-debug context'
[08:36:50] [Render thread/INFO]: OpenGL debug message: id=1005, source=API, type=ERROR, severity=HIGH, message='No detailed debug message due to a non-debug context'
[08:36:50] [Render thread/INFO]: OpenGL debug message: id=1005, source=API, type=ERROR, severity=HIGH, message='No detailed debug message due to a non-debug context'
[08:36:50] [Render thread/INFO]: OpenGL debug message: id=1005, source=API, type=ERROR, severity=HIGH, message='No detailed debug message due to a non-debug context'
[08:36:50] [Render thread/INFO]: OpenGL debug message: id=1005, source=API, type=ERROR, severity=HIGH, message='No detailed debug message due to a non-debug context'
[08:36:50] [Render thread/INFO]: OpenGL debug message: id=1005, source=API, type=ERROR, severity=HIGH, message='No detailed debug message due to a non-debug context'
[08:36:50] [Render thread/INFO]: OpenGL debug message: id=1005, source=API, type=ERROR, severity=HIGH, message='No detailed debug message due to a non-debug context'
[08:36:50] [Render thread/INFO]: OpenGL debug message: id=1005, source=API, type=ERROR, severity=HIGH, message='No detailed debug message due to a non-debug context'
[08:36:50] [Render thread/INFO]: OpenGL debug message: id=1005, source=API, type=ERROR, severity=HIGH, message='No detailed debug message due to a non-debug context'
[08:36:50] [Render thread/INFO]: OpenGL debug message: id=1005, source=API, type=ERROR, severity=HIGH, message='No detailed debug message due to a non-debug context'
[08:36:50] [Render thread/INFO]: OpenGL debug message: id=1005, source=API, type=ERROR, severity=HIGH, message='No detailed debug message due to a non-debug context'
[08:36:50] [Render thread/INFO]: OpenGL debug message: id=1005, source=API, type=ERROR, severity=HIGH, message='No detailed debug message due to a non-debug context'
[08:36:50] [Render thread/INFO]: OpenGL debug message: id=1005, source=API, type=ERROR, severity=HIGH, message='No detailed debug message due to a non-debug context'
[08:36:50] [Render thread/INFO]: OpenGL debug message: id=1005, source=API, type=ERROR, severity=HIGH, message='No detailed debug message due to a non-debug context'
[08:36:50] [Render thread/INFO]: OpenGL debug message: id=1005, source=API, type=ERROR, severity=HIGH, message='No detailed debug message due to a non-debug context'
[08:36:50] [Render thread/INFO]: OpenGL debug message: id=1005, source=API, type=ERROR, severity=HIGH, message='No detailed debug message due to a non-debug context'
[08:36:50] [Render thread/INFO]: OpenGL debug message: id=1005, source=API, type=ERROR, severity=HIGH, message='No detailed debug message due to a non-debug context'
[08:36:50] [Render thread/INFO]: OpenGL debug message: id=1005, source=API, type=ERROR, severity=HIGH, message='No detailed debug message due to a non-debug context'
[08:36:50] [Render thread/INFO]: [System] [CHAT] §eJourneyMap:§f Press [§bJ§f]
[08:36:50] [Render thread/INFO]: OpenGL debug message: id=1005, source=API, type=ERROR, severity=HIGH, message='No detailed debug message due to a non-debug context'
[08:36:50] [Render thread/INFO]: OpenGL debug message: id=1005, source=API, type=ERROR, severity=HIGH, message='No detailed debug message due to a non-debug context'
[08:36:51] [Render thread/INFO]: OpenGL debug message: id=1005, source=API, type=ERROR, severity=HIGH, message='No detailed debug message due to a non-debug context'
[08:36:51] [Render thread/INFO]: OpenGL debug message: id=1005, source=API, type=ERROR, severity=HIGH, message='No detailed debug message due to a non-debug context'
[08:36:51] [Render thread/INFO]: OpenGL debug message: id=1005, source=API, type=ERROR, severity=HIGH, message='No detailed debug message due to a non-debug context'
[08:36:51] [Render thread/INFO]: OpenGL debug message: id=1005, source=API, type=ERROR, severity=HIGH, message='No detailed debug message due to a non-debug context'
[08:36:51] [Render thread/INFO]: OpenGL debug message: id=1005, source=API, type=ERROR, severity=HIGH, message='No detailed debug message due to a non-debug context'
[08:36:51] [Render thread/INFO]: OpenGL debug message: id=1005, source=API, type=ERROR, severity=HIGH, message='No detailed debug message due to a non-debug context'
[08:36:51] [Render thread/INFO]: OpenGL debug message: id=1005, source=API, type=ERROR, severity=HIGH, message='No detailed debug message due to a non-debug context'
[08:36:51] [Render thread/INFO]: OpenGL debug message: id=1005, source=API, type=ERROR, severity=HIGH, message='No detailed debug message due to a non-debug context'
[08:36:51] [Render thread/INFO]: OpenGL debug message: id=1005, source=API, type=ERROR, severity=HIGH, message='No detailed debug message due to a non-debug context'
[08:36:51] [Render thread/INFO]: OpenGL debug message: id=1005, source=API, type=ERROR, severity=HIGH, message='No detailed debug message due to a non-debug context'
[08:36:51] [Render thread/INFO]: OpenGL debug message: id=1005, source=API, type=ERROR, severity=HIGH, message='No detailed debug message due to a non-debug context'
[08:36:51] [Render thread/INFO]: OpenGL debug message: id=1005, source=API, type=ERROR, severity=HIGH, message='No detailed debug message due to a non-debug context'
[08:36:51] [Render thread/INFO]: OpenGL debug message: id=1005, source=API, type=ERROR, severity=HIGH, message='No detailed debug message due to a non-debug context'
[08:36:51] [Render thread/INFO]: OpenGL debug message: id=1005, source=API, type=ERROR, severity=HIGH, message='No detailed debug message due to a non-debug context'
[08:36:51] [Render thread/INFO]: OpenGL debug message: id=1005, source=API, type=ERROR, severity=HIGH, message='No detailed debug message due to a non-debug context'
[08:36:51] [Render thread/INFO]: OpenGL debug message: id=1005, source=API, type=ERROR, severity=HIGH, message='No detailed debug message due to a non-debug context'
[08:36:51] [Render thread/INFO]: OpenGL debug message: id=1005, source=API, type=ERROR, severity=HIGH, message='No detailed debug message due to a non-debug context'
[08:36:51] [Render thread/INFO]: OpenGL debug message: id=1005, source=API, type=ERROR, severity=HIGH, message='No detailed debug message due to a non-debug context'
[08:36:51] [Render thread/INFO]: OpenGL debug message: id=1005, source=API, type=ERROR, severity=HIGH, message='No detailed debug message due to a non-debug context'
[08:36:51] [Render thread/INFO]: OpenGL debug message: id=1005, source=API, type=ERROR, severity=HIGH, message='No detailed debug message due to a non-debug context'
[08:36:51] [Render thread/INFO]: OpenGL debug message: id=1005, source=API, type=ERROR, severity=HIGH, message='No detailed debug message due to a non-debug context'
[08:36:51] [Render thread/INFO]: OpenGL debug message: id=1005, source=API, type=ERROR, severity=HIGH, message='No detailed debug message due to a non-debug context'
[08:36:51] [Render thread/INFO]: OpenGL debug message: id=1005, source=API, type=ERROR, severity=HIGH, message='No detailed debug message due to a non-debug context'
[08:36:51] [Render thread/INFO]: OpenGL debug message: id=1005, source=API, type=ERROR, severity=HIGH, message='No detailed debug message due to a non-debug context'
[08:36:51] [Render thread/INFO]: OpenGL debug message: id=1005, source=API, type=ERROR, severity=HIGH, message='No detailed debug message due to a non-debug context'
[08:36:51] [Render thread/INFO]: OpenGL debug message: id=1005, source=API, type=ERROR, severity=HIGH, message='No detailed debug message due to a non-debug context'
[08:36:51] [Render thread/INFO]: OpenGL debug message: id=1005, source=API, type=ERROR, severity=HIGH, message='No detailed debug message due to a non-debug context'
[08:36:51] [Render thread/INFO]: OpenGL debug message: id=1005, source=API, type=ERROR, severity=HIGH, message='No detailed debug message due to a non-debug context'
[08:36:51] [Render thread/INFO]: OpenGL debug message: id=1005, source=API, type=ERROR, severity=HIGH, message='No detailed debug message due to a non-debug context'
[08:36:51] [Render thread/INFO]: OpenGL debug message: id=1005, source=API, type=ERROR, severity=HIGH, message='No detailed debug message due to a non-debug context'
[08:36:51] [Render thread/INFO]: OpenGL debug message: id=1005, source=API, type=ERROR, severity=HIGH, message='No detailed debug message due to a non-debug context'
[08:36:51] [Render thread/INFO]: OpenGL debug message: id=1005, source=API, type=ERROR, severity=HIGH, message='No detailed debug message due to a non-debug context'
[08:36:51] [Render thread/INFO]: OpenGL debug message: id=1005, source=API, type=ERROR, severity=HIGH, message='No detailed debug message due to a non-debug context'
[08:36:51] [Render thread/INFO]: OpenGL debug message: id=1005, source=API, type=ERROR, severity=HIGH, message='No detailed debug message due to a non-debug context'
[08:36:51] [Render thread/INFO]: OpenGL debug message: id=1005, source=API, type=ERROR, severity=HIGH, message='No detailed debug message due to a non-debug context'
[08:36:51] [Render thread/INFO]: OpenGL debug message: id=1005, source=API, type=ERROR, severity=HIGH, message='No detailed debug message due to a non-debug context'
[08:36:51] [Render thread/INFO]: OpenGL debug message: id=1005, source=API, type=ERROR, severity=HIGH, message='No detailed debug message due to a non-debug context'
[08:36:51] [Render thread/INFO]: OpenGL debug message: id=1005, source=API, type=ERROR, severity=HIGH, message='No detailed debug message due to a non-debug context'
[08:36:51] [Render thread/INFO]: OpenGL debug message: id=1005, source=API, type=ERROR, severity=HIGH, message='No detailed debug message due to a non-debug context'
[08:36:51] [Render thread/INFO]: OpenGL debug message: id=1005, source=API, type=ERROR, severity=HIGH, message='No detailed debug message due to a non-debug context'
[08:36:51] [Render thread/INFO]: OpenGL debug message: id=1005, source=API, type=ERROR, severity=HIGH, message='No detailed debug message due to a non-debug context'
[08:36:51] [Render thread/INFO]: OpenGL debug message: id=1005, source=API, type=ERROR, severity=HIGH, message='No detailed debug message due to a non-debug context'
[08:36:51] [Render thread/INFO]: OpenGL debug message: id=1005, source=API, type=ERROR, severity=HIGH, message='No detailed debug message due to a non-debug context'
[08:36:51] [Render thread/INFO]: OpenGL debug message: id=1005, source=API, type=ERROR, severity=HIGH, message='No detailed debug message due to a non-debug context'
[08:36:51] [Render thread/INFO]: OpenGL debug message: id=1005, source=API, type=ERROR, severity=HIGH, message='No detailed debug message due to a non-debug context'
[08:36:51] [Render thread/INFO]: OpenGL debug message: id=1005, source=API, type=ERROR, severity=HIGH, message='No detailed debug message due to a non-debug context'
[08:36:51] [Render thread/INFO]: OpenGL debug message: id=1005, source=API, type=ERROR, severity=HIGH, message='No detailed debug message due to a non-debug context'
[08:36:51] [Render thread/INFO]: OpenGL debug message: id=1005, source=API, type=ERROR, severity=HIGH, message='No detailed debug message due to a non-debug context'
[08:36:51] [Render thread/INFO]: OpenGL debug message: id=1005, source=API, type=ERROR, severity=HIGH, message='No detailed debug message due to a non-debug context'
[08:36:51] [Render thread/INFO]: OpenGL debug message: id=1005, source=API, type=ERROR, severity=HIGH, message='No detailed debug message due to a non-debug context'
[08:36:51] [Render thread/INFO]: OpenGL debug message: id=1005, source=API, type=ERROR, severity=HIGH, message='No detailed debug message due to a non-debug context'
[08:36:51] [Render thread/INFO]: OpenGL debug message: id=1005, source=API, type=ERROR, severity=HIGH, message='No detailed debug message due to a non-debug context'
[08:36:51] [Render thread/INFO]: OpenGL debug message: id=1005, source=API, type=ERROR, severity=HIGH, message='No detailed debug message due to a non-debug context'
[08:36:51] [Render thread/INFO]: OpenGL debug message: id=1005, source=API, type=ERROR, severity=HIGH, message='No detailed debug message due to a non-debug context'
[08:36:51] [Render thread/INFO]: OpenGL debug message: id=1005, source=API, type=ERROR, severity=HIGH, message='No detailed debug message due to a non-debug context'
[08:36:51] [Render thread/INFO]: OpenGL debug message: id=1005, source=API, type=ERROR, severity=HIGH, message='No detailed debug message due to a non-debug context'
[08:36:51] [Render thread/INFO]: OpenGL debug message: id=1005, source=API, type=ERROR, severity=HIGH, message='No detailed debug message due to a non-debug context'
[08:36:51] [Render thread/INFO]: OpenGL debug message: id=1005, source=API, type=ERROR, severity=HIGH, message='No detailed debug message due to a non-debug context'
[08:36:51] [Render thread/INFO]: OpenGL debug message: id=1005, source=API, type=ERROR, severity=HIGH, message='No detailed debug message due to a non-debug context'
[08:36:52] [Render thread/INFO]: OpenGL debug message: id=1005, source=API, type=ERROR, severity=HIGH, message='No detailed debug message due to a non-debug context'
[08:36:52] [Render thread/INFO]: OpenGL debug message: id=1005, source=API, type=ERROR, severity=HIGH, message='No detailed debug message due to a non-debug context'
[08:36:52] [Render thread/INFO]: OpenGL debug message: id=1005, source=API, type=ERROR, severity=HIGH, message='No detailed debug message due to a non-debug context'
[08:36:52] [Render thread/INFO]: OpenGL debug message: id=1005, source=API, type=ERROR, severity=HIGH, message='No detailed debug message due to a non-debug context'
[08:36:52] [Render thread/INFO]: OpenGL debug message: id=1005, source=API, type=ERROR, severity=HIGH, message='No detailed debug message due to a non-debug context'
[08:36:52] [Render thread/INFO]: OpenGL debug message: id=1005, source=API, type=ERROR, severity=HIGH, message='No detailed debug message due to a non-debug context'
[08:36:52] [Render thread/INFO]: OpenGL debug message: id=1005, source=API, type=ERROR, severity=HIGH, message='No detailed debug message due to a non-debug context'
[08:36:52] [Render thread/INFO]: OpenGL debug message: id=1005, source=API, type=ERROR, severity=HIGH, message='No detailed debug message due to a non-debug context'
[08:36:52] [Render thread/INFO]: OpenGL debug message: id=1005, source=API, type=ERROR, severity=HIGH, message='No detailed debug message due to a non-debug context'
[08:36:52] [Render thread/INFO]: OpenGL debug message: id=1005, source=API, type=ERROR, severity=HIGH, message='No detailed debug message due to a non-debug context'
[08:36:52] [Render thread/INFO]: OpenGL debug message: id=1005, source=API, type=ERROR, severity=HIGH, message='No detailed debug message due to a non-debug context'
[08:36:52] [Render thread/INFO]: OpenGL debug message: id=1005, source=API, type=ERROR, severity=HIGH, message='No detailed debug message due to a non-debug context'
[08:36:52] [Render thread/INFO]: OpenGL debug message: id=1005, source=API, type=ERROR, severity=HIGH, message='No detailed debug message due to a non-debug context'
[08:36:52] [Render thread/INFO]: OpenGL debug message: id=1005, source=API, type=ERROR, severity=HIGH, message='No detailed debug message due to a non-debug context'
[08:36:52] [Render thread/INFO]: OpenGL debug message: id=1005, source=API, type=ERROR, severity=HIGH, message='No detailed debug message due to a non-debug context'
[08:36:52] [Render thread/INFO]: OpenGL debug message: id=1005, source=API, type=ERROR, severity=HIGH, message='No detailed debug message due to a non-debug context'
[08:36:52] [Render thread/INFO]: OpenGL debug message: id=1005, source=API, type=ERROR, severity=HIGH, message='No detailed debug message due to a non-debug context'
[08:36:52] [Render thread/INFO]: OpenGL debug message: id=1005, source=API, type=ERROR, severity=HIGH, message='No detailed debug message due to a non-debug context'
[08:36:52] [Render thread/INFO]: OpenGL debug message: id=1005, source=API, type=ERROR, severity=HIGH, message='No detailed debug message due to a non-debug context'
[08:36:52] [Render thread/INFO]: OpenGL debug message: id=1005, source=API, type=ERROR, severity=HIGH, message='No detailed debug message due to a non-debug context'
[08:36:52] [Render thread/INFO]: OpenGL debug message: id=1005, source=API, type=ERROR, severity=HIGH, message='No detailed debug message due to a non-debug context'
[08:36:52] [Render thread/INFO]: OpenGL debug message: id=1005, source=API, type=ERROR, severity=HIGH, message='No detailed debug message due to a non-debug context'
[08:36:52] [Render thread/INFO]: OpenGL debug message: id=1005, source=API, type=ERROR, severity=HIGH, message='No detailed debug message due to a non-debug context'
[08:36:52] [Render thread/INFO]: OpenGL debug message: id=1005, source=API, type=ERROR, severity=HIGH, message='No detailed debug message due to a non-debug context'
[08:36:52] [Render thread/INFO]: OpenGL debug message: id=1005, source=API, type=ERROR, severity=HIGH, message='No detailed debug message due to a non-debug context'
[08:36:52] [Render thread/INFO]: OpenGL debug message: id=1005, source=API, type=ERROR, severity=HIGH, message='No detailed debug message due to a non-debug context'
[08:36:52] [Render thread/INFO]: OpenGL debug message: id=1005, source=API, type=ERROR, severity=HIGH, message='No detailed debug message due to a non-debug context'
[08:36:52] [Render thread/INFO]: OpenGL debug message: id=1005, source=API, type=ERROR, severity=HIGH, message='No detailed debug message due to a non-debug context'
[08:36:52] [Render thread/INFO]: OpenGL debug message: id=1005, source=API, type=ERROR, severity=HIGH, message='No detailed debug message due to a non-debug context'
[08:36:52] [Render thread/INFO]: OpenGL debug message: id=1005, source=API, type=ERROR, severity=HIGH, message='No detailed debug message due to a non-debug context'
[08:36:52] [Render thread/INFO]: OpenGL debug message: id=1005, source=API, type=ERROR, severity=HIGH, message='No detailed debug message due to a non-debug context'
[08:36:52] [Render thread/INFO]: OpenGL debug message: id=1005, source=API, type=ERROR, severity=HIGH, message='No detailed debug message due to a non-debug context'
[08:36:52] [Render thread/INFO]: OpenGL debug message: id=1005, source=API, type=ERROR, severity=HIGH, message='No detailed debug message due to a non-debug context'
[08:36:52] [Render thread/INFO]: OpenGL debug message: id=1005, source=API, type=ERROR, severity=HIGH, message='No detailed debug message due to a non-debug context'
[08:36:52] [Render thread/INFO]: OpenGL debug message: id=1005, source=API, type=ERROR, severity=HIGH, message='No detailed debug message due to a non-debug context'
[08:36:52] [Render thread/INFO]: OpenGL debug message: id=1005, source=API, type=ERROR, severity=HIGH, message='No detailed debug message due to a non-debug context'
[08:36:52] [Render thread/INFO]: OpenGL debug message: id=1005, source=API, type=ERROR, severity=HIGH, message='No detailed debug message due to a non-debug context'
[08:36:52] [Render thread/INFO]: OpenGL debug message: id=1005, source=API, type=ERROR, severity=HIGH, message='No detailed debug message due to a non-debug context'
[08:36:52] [Render thread/INFO]: OpenGL debug message: id=1005, source=API, type=ERROR, severity=HIGH, message='No detailed debug message due to a non-debug context'
[08:36:52] [Render thread/INFO]: OpenGL debug message: id=1005, source=API, type=ERROR, severity=HIGH, message='No detailed debug message due to a non-debug context'
[08:36:52] [Render thread/INFO]: OpenGL debug message: id=1005, source=API, type=ERROR, severity=HIGH, message='No detailed debug message due to a non-debug context'
[08:36:52] [Render thread/INFO]: OpenGL debug message: id=1005, source=API, type=ERROR, severity=HIGH, message='No detailed debug message due to a non-debug context'
[08:36:52] [Render thread/INFO]: OpenGL debug message: id=1005, source=API, type=ERROR, severity=HIGH, message='No detailed debug message due to a non-debug context'
[08:36:52] [Render thread/INFO]: OpenGL debug message: id=1005, source=API, type=ERROR, severity=HIGH, message='No detailed debug message due to a non-debug context'
[08:36:52] [Render thread/INFO]: OpenGL debug message: id=1005, source=API, type=ERROR, severity=HIGH, message='No detailed debug message due to a non-debug context'
[08:36:52] [Render thread/INFO]: OpenGL debug message: id=1005, source=API, type=ERROR, severity=HIGH, message='No detailed debug message due to a non-debug context'
[08:36:52] [Render thread/INFO]: OpenGL debug message: id=1005, source=API, type=ERROR, severity=HIGH, message='No detailed debug message due to a non-debug context'
[08:36:53] [Render thread/INFO]: OpenGL debug message: id=1005, source=API, type=ERROR, severity=HIGH, message='No detailed debug message due to a non-debug context'
[08:36:53] [Render thread/INFO]: OpenGL debug message: id=1005, source=API, type=ERROR, severity=HIGH, message='No detailed debug message due to a non-debug context'
[08:36:53] [Render thread/INFO]: OpenGL debug message: id=1005, source=API, type=ERROR, severity=HIGH, message='No detailed debug message due to a non-debug context'
[08:36:53] [Render thread/INFO]: OpenGL debug message: id=1005, source=API, type=ERROR, severity=HIGH, message='No detailed debug message due to a non-debug context'
[08:36:53] [Render thread/INFO]: OpenGL debug message: id=1005, source=API, type=ERROR, severity=HIGH, message='No detailed debug message due to a non-debug context'
[08:36:53] [Render thread/INFO]: OpenGL debug message: id=1005, source=API, type=ERROR, severity=HIGH, message='No detailed debug message due to a non-debug context'
[08:36:53] [Render thread/INFO]: OpenGL debug message: id=1005, source=API, type=ERROR, severity=HIGH, message='No detailed debug message due to a non-debug context'
[08:36:53] [Render thread/INFO]: OpenGL debug message: id=1005, source=API, type=ERROR, severity=HIGH, message='No detailed debug message due to a non-debug context'
[08:36:53] [Render thread/INFO]: OpenGL debug message: id=1005, source=API, type=ERROR, severity=HIGH, message='No detailed debug message due to a non-debug context'
[08:36:53] [Render thread/INFO]: OpenGL debug message: id=1005, source=API, type=ERROR, severity=HIGH, message='No detailed debug message due to a non-debug context'
[08:36:53] [Render thread/INFO]: OpenGL debug message: id=1005, source=API, type=ERROR, severity=HIGH, message='No detailed debug message due to a non-debug context'
[08:36:53] [Render thread/INFO]: OpenGL debug message: id=1005, source=API, type=ERROR, severity=HIGH, message='No detailed debug message due to a non-debug context'
[08:36:53] [Render thread/INFO]: OpenGL debug message: id=1005, source=API, type=ERROR, severity=HIGH, message='No detailed debug message due to a non-debug context'
[08:36:53] [Render thread/INFO]: OpenGL debug message: id=1005, source=API, type=ERROR, severity=HIGH, message='No detailed debug message due to a non-debug context'
[08:36:53] [Render thread/INFO]: OpenGL debug message: id=1005, source=API, type=ERROR, severity=HIGH, message='No detailed debug message due to a non-debug context'
[08:36:53] [Render thread/INFO]: OpenGL debug message: id=1005, source=API, type=ERROR, severity=HIGH, message='No detailed debug message due to a non-debug context'
[08:36:53] [Render thread/INFO]: OpenGL debug message: id=1005, source=API, type=ERROR, severity=HIGH, message='No detailed debug message due to a non-debug context'
[08:36:54] [Render thread/INFO]: OpenGL debug message: id=1005, source=API, type=ERROR, severity=HIGH, message='No detailed debug message due to a non-debug context'
[08:36:54] [Render thread/INFO]: OpenGL debug message: id=1005, source=API, type=ERROR, severity=HIGH, message='No detailed debug message due to a non-debug context'
[08:36:54] [Render thread/INFO]: OpenGL debug message: id=1005, source=API, type=ERROR, severity=HIGH, message='No detailed debug message due to a non-debug context'
[08:36:54] [Render thread/INFO]: OpenGL debug message: id=1005, source=API, type=ERROR, severity=HIGH, message='No detailed debug message due to a non-debug context'
[08:36:54] [Render thread/INFO]: OpenGL debug message: id=1005, source=API, type=ERROR, severity=HIGH, message='No detailed debug message due to a non-debug context'
[08:36:54] [Render thread/INFO]: OpenGL debug message: id=1005, source=API, type=ERROR, severity=HIGH, message='No detailed debug message due to a non-debug context'
[08:36:54] [Render thread/INFO]: OpenGL debug message: id=1005, source=API, type=ERROR, severity=HIGH, message='No detailed debug message due to a non-debug context'
[08:36:54] [Render thread/INFO]: OpenGL debug message: id=1005, source=API, type=ERROR, severity=HIGH, message='No detailed debug message due to a non-debug context'
[08:36:54] [Render thread/INFO]: OpenGL debug message: id=1005, source=API, type=ERROR, severity=HIGH, message='No detailed debug message due to a non-debug context'
[08:36:54] [Render thread/INFO]: OpenGL debug message: id=1005, source=API, type=ERROR, severity=HIGH, message='No detailed debug message due to a non-debug context'
[08:36:54] [Render thread/INFO]: OpenGL debug message: id=1005, source=API, type=ERROR, severity=HIGH, message='No detailed debug message due to a non-debug context'
[08:36:54] [Render thread/INFO]: OpenGL debug message: id=1005, source=API, type=ERROR, severity=HIGH, message='No detailed debug message due to a non-debug context'
[08:36:54] [Render thread/INFO]: OpenGL debug message: id=1005, source=API, type=ERROR, severity=HIGH, message='No detailed debug message due to a non-debug context'
[08:36:54] [Render thread/INFO]: OpenGL debug message: id=1005, source=API, type=ERROR, severity=HIGH, message='No detailed debug message due to a non-debug context'
[08:36:54] [Render thread/INFO]: OpenGL debug message: id=1005, source=API, type=ERROR, severity=HIGH, message='No detailed debug message due to a non-debug context'
[08:36:54] [Render thread/INFO]: OpenGL debug message: id=1005, source=API, type=ERROR, severity=HIGH, message='No detailed debug message due to a non-debug context'
[08:36:54] [Render thread/INFO]: OpenGL debug message: id=1005, source=API, type=ERROR, severity=HIGH, message='No detailed debug message due to a non-debug context'
[08:36:54] [Render thread/INFO]: OpenGL debug message: id=1005, source=API, type=ERROR, severity=HIGH, message='No detailed debug message due to a non-debug context'
[08:36:54] [Render thread/INFO]: OpenGL debug message: id=1005, source=API, type=ERROR, severity=HIGH, message='No detailed debug message due to a non-debug context'
[08:36:54] [Render thread/INFO]: OpenGL debug message: id=1005, source=API, type=ERROR, severity=HIGH, message='No detailed debug message due to a non-debug context'
[08:36:54] [Render thread/INFO]: OpenGL debug message: id=1005, source=API, type=ERROR, severity=HIGH, message='No detailed debug message due to a non-debug context'
[08:36:54] [Render thread/INFO]: OpenGL debug message: id=1005, source=API, type=ERROR, severity=HIGH, message='No detailed debug message due to a non-debug context'
[08:36:54] [Render thread/INFO]: OpenGL debug message: id=1005, source=API, type=ERROR, severity=HIGH, message='No detailed debug message due to a non-debug context'
[08:36:54] [Render thread/INFO]: OpenGL debug message: id=1005, source=API, type=ERROR, severity=HIGH, message='No detailed debug message due to a non-debug context'
[08:36:54] [Render thread/INFO]: OpenGL debug message: id=1005, source=API, type=ERROR, severity=HIGH, message='No detailed debug message due to a non-debug context'
[08:36:54] [Render thread/INFO]: OpenGL debug message: id=1005, source=API, type=ERROR, severity=HIGH, message='No detailed debug message due to a non-debug context'
[08:36:54] [Render thread/INFO]: OpenGL debug message: id=1005, source=API, type=ERROR, severity=HIGH, message='No detailed debug message due to a non-debug context'
[08:36:54] [Render thread/INFO]: OpenGL debug message: id=1005, source=API, type=ERROR, severity=HIGH, message='No detailed debug message due to a non-debug context'
[08:36:54] [Render thread/INFO]: OpenGL debug message: id=1005, source=API, type=ERROR, severity=HIGH, message='No detailed debug message due to a non-debug context'
[08:36:54] [Render thread/INFO]: OpenGL debug message: id=1005, source=API, type=ERROR, severity=HIGH, message='No detailed debug message due to a non-debug context'
[08:36:54] [Render thread/INFO]: OpenGL debug message: id=1005, source=API, type=ERROR, severity=HIGH, message='No detailed debug message due to a non-debug context'
[08:36:54] [Render thread/INFO]: OpenGL debug message: id=1005, source=API, type=ERROR, severity=HIGH, message='No detailed debug message due to a non-debug context'
[08:36:54] [Render thread/INFO]: OpenGL debug message: id=1005, source=API, type=ERROR, severity=HIGH, message='No detailed debug message due to a non-debug context'
[08:36:54] [Render thread/INFO]: OpenGL debug message: id=1005, source=API, type=ERROR, severity=HIGH, message='No detailed debug message due to a non-debug context'
[08:36:54] [Render thread/INFO]: OpenGL debug message: id=1005, source=API, type=ERROR, severity=HIGH, message='No detailed debug message due to a non-debug context'
[08:36:54] [Render thread/INFO]: OpenGL debug message: id=1005, source=API, type=ERROR, severity=HIGH, message='No detailed debug message due to a non-debug context'
[08:36:54] [Render thread/INFO]: OpenGL debug message: id=1005, source=API, type=ERROR, severity=HIGH, message='No detailed debug message due to a non-debug context'
[08:36:54] [Render thread/INFO]: OpenGL debug message: id=1005, source=API, type=ERROR, severity=HIGH, message='No detailed debug message due to a non-debug context'
[08:36:54] [Render thread/INFO]: OpenGL debug message: id=1005, source=API, type=ERROR, severity=HIGH, message='No detailed debug message due to a non-debug context'
[08:36:54] [Render thread/INFO]: OpenGL debug message: id=1005, source=API, type=ERROR, severity=HIGH, message='No detailed debug message due to a non-debug context'
[08:36:54] [Render thread/INFO]: OpenGL debug message: id=1005, source=API, type=ERROR, severity=HIGH, message='No detailed debug message due to a non-debug context'
[08:36:54] [Render thread/INFO]: OpenGL debug message: id=1005, source=API, type=ERROR, severity=HIGH, message='No detailed debug message due to a non-debug context'
[08:36:54] [Render thread/INFO]: OpenGL debug message: id=1005, source=API, type=ERROR, severity=HIGH, message='No detailed debug message due to a non-debug context'
[08:36:54] [Render thread/INFO]: OpenGL debug message: id=1005, source=API, type=ERROR, severity=HIGH, message='No detailed debug message due to a non-debug context'
[08:36:54] [Render thread/INFO]: OpenGL debug message: id=1005, source=API, type=ERROR, severity=HIGH, message='No detailed debug message due to a non-debug context'
[08:36:54] [Render thread/INFO]: OpenGL debug message: id=1005, source=API, type=ERROR, severity=HIGH, message='No detailed debug message due to a non-debug context'
[08:36:54] [Render thread/INFO]: OpenGL debug message: id=1005, source=API, type=ERROR, severity=HIGH, message='No detailed debug message due to a non-debug context'
[08:36:54] [Render thread/INFO]: OpenGL debug message: id=1005, source=API, type=ERROR, severity=HIGH, message='No detailed debug message due to a non-debug context'
[08:36:54] [Render thread/INFO]: OpenGL debug message: id=1005, source=API, type=ERROR, severity=HIGH, message='No detailed debug message due to a non-debug context'
[08:36:54] [Render thread/INFO]: OpenGL debug message: id=1005, source=API, type=ERROR, severity=HIGH, message='No detailed debug message due to a non-debug context'
[08:36:54] [Render thread/INFO]: OpenGL debug message: id=1005, source=API, type=ERROR, severity=HIGH, message='No detailed debug message due to a non-debug context'
[08:36:54] [Render thread/INFO]: OpenGL debug message: id=1005, source=API, type=ERROR, severity=HIGH, message='No detailed debug message due to a non-debug context'
[08:36:54] [Render thread/INFO]: OpenGL debug message: id=1005, source=API, type=ERROR, severity=HIGH, message='No detailed debug message due to a non-debug context'
[08:36:54] [Render thread/INFO]: OpenGL debug message: id=1005, source=API, type=ERROR, severity=HIGH, message='No detailed debug message due to a non-debug context'
[08:36:54] [Render thread/INFO]: OpenGL debug message: id=1005, source=API, type=ERROR, severity=HIGH, message='No detailed debug message due to a non-debug context'
[08:36:54] [Render thread/INFO]: OpenGL debug message: id=1005, source=API, type=ERROR, severity=HIGH, message='No detailed debug message due to a non-debug context'
[08:36:54] [Render thread/INFO]: OpenGL debug message: id=1005, source=API, type=ERROR, severity=HIGH, message='No detailed debug message due to a non-debug context'
[08:36:54] [Render thread/INFO]: OpenGL debug message: id=1005, source=API, type=ERROR, severity=HIGH, message='No detailed debug message due to a non-debug context'
[08:36:55] [Render thread/INFO]: OpenGL debug message: id=1005, source=API, type=ERROR, severity=HIGH, message='No detailed debug message due to a non-debug context'
[08:36:55] [Render thread/INFO]: OpenGL debug message: id=1005, source=API, type=ERROR, severity=HIGH, message='No detailed debug message due to a non-debug context'
[08:36:55] [Render thread/INFO]: OpenGL debug message: id=1005, source=API, type=ERROR, severity=HIGH, message='No detailed debug message due to a non-debug context'
[08:36:55] [Render thread/INFO]: OpenGL debug message: id=1005, source=API, type=ERROR, severity=HIGH, message='No detailed debug message due to a non-debug context'
[08:36:55] [Render thread/INFO]: OpenGL debug message: id=1005, source=API, type=ERROR, severity=HIGH, message='No detailed debug message due to a non-debug context'
[08:36:55] [Render thread/INFO]: OpenGL debug message: id=1005, source=API, type=ERROR, severity=HIGH, message='No detailed debug message due to a non-debug context'
[08:36:55] [Render thread/INFO]: OpenGL debug message: id=1005, source=API, type=ERROR, severity=HIGH, message='No detailed debug message due to a non-debug context'
[08:36:55] [Render thread/INFO]: OpenGL debug message: id=1005, source=API, type=ERROR, severity=HIGH, message='No detailed debug message due to a non-debug context'
[08:36:55] [Render thread/INFO]: OpenGL debug message: id=1005, source=API, type=ERROR, severity=HIGH, message='No detailed debug message due to a non-debug context'
[08:36:55] [Render thread/INFO]: OpenGL debug message: id=1005, source=API, type=ERROR, severity=HIGH, message='No detailed debug message due to a non-debug context'
[08:36:55] [Render thread/INFO]: OpenGL debug message: id=1005, source=API, type=ERROR, severity=HIGH, message='No detailed debug message due to a non-debug context'
[08:36:55] [Render thread/INFO]: OpenGL debug message: id=1005, source=API, type=ERROR, severity=HIGH, message='No detailed debug message due to a non-debug context'
[08:36:55] [Render thread/INFO]: OpenGL debug message: id=1005, source=API, type=ERROR, severity=HIGH, message='No detailed debug message due to a non-debug context'
[08:36:55] [Render thread/INFO]: OpenGL debug message: id=1005, source=API, type=ERROR, severity=HIGH, message='No detailed debug message due to a non-debug context'
[08:36:55] [Render thread/INFO]: OpenGL debug message: id=1005, source=API, type=ERROR, severity=HIGH, message='No detailed debug message due to a non-debug context'
[08:36:55] [Render thread/INFO]: OpenGL debug message: id=1005, source=API, type=ERROR, severity=HIGH, message='No detailed debug message due to a non-debug context'
[08:36:55] [Render thread/INFO]: OpenGL debug message: id=1005, source=API, type=ERROR, severity=HIGH, message='No detailed debug message due to a non-debug context'
[08:36:55] [Render thread/INFO]: OpenGL debug message: id=1005, source=API, type=ERROR, severity=HIGH, message='No detailed debug message due to a non-debug context'
[08:36:55] [Render thread/INFO]: OpenGL debug message: id=1005, source=API, type=ERROR, severity=HIGH, message='No detailed debug message due to a non-debug context'
[08:36:55] [Render thread/INFO]: OpenGL debug message: id=1005, source=API, type=ERROR, severity=HIGH, message='No detailed debug message due to a non-debug context'
[08:36:55] [Render thread/INFO]: OpenGL debug message: id=1005, source=API, type=ERROR, severity=HIGH, message='No detailed debug message due to a non-debug context'
[08:36:55] [Render thread/INFO]: OpenGL debug message: id=1005, source=API, type=ERROR, severity=HIGH, message='No detailed debug message due to a non-debug context'
[08:36:55] [Render thread/INFO]: OpenGL debug message: id=1005, source=API, type=ERROR, severity=HIGH, message='No detailed debug message due to a non-debug context'
[08:36:55] [Render thread/INFO]: OpenGL debug message: id=1005, source=API, type=ERROR, severity=HIGH, message='No detailed debug message due to a non-debug context'
[08:36:55] [Render thread/INFO]: OpenGL debug message: id=1005, source=API, type=ERROR, severity=HIGH, message='No detailed debug message due to a non-debug context'
[08:36:55] [Render thread/INFO]: OpenGL debug message: id=1005, source=API, type=ERROR, severity=HIGH, message='No detailed debug message due to a non-debug context'
[08:36:55] [Render thread/INFO]: OpenGL debug message: id=1005, source=API, type=ERROR, severity=HIGH, message='No detailed debug message due to a non-debug context'
[08:36:55] [Render thread/INFO]: OpenGL debug message: id=1005, source=API, type=ERROR, severity=HIGH, message='No detailed debug message due to a non-debug context'
[08:36:55] [Render thread/INFO]: OpenGL debug message: id=1005, source=API, type=ERROR, severity=HIGH, message='No detailed debug message due to a non-debug context'
[08:36:55] [Render thread/INFO]: OpenGL debug message: id=1005, source=API, type=ERROR, severity=HIGH, message='No detailed debug message due to a non-debug context'
[08:36:55] [Render thread/INFO]: OpenGL debug message: id=1005, source=API, type=ERROR, severity=HIGH, message='No detailed debug message due to a non-debug context'
[08:36:55] [Render thread/INFO]: OpenGL debug message: id=1005, source=API, type=ERROR, severity=HIGH, message='No detailed debug message due to a non-debug context'
[08:36:55] [Render thread/INFO]: OpenGL debug message: id=1005, source=API, type=ERROR, severity=HIGH, message='No detailed debug message due to a non-debug context'
[08:36:55] [Render thread/INFO]: OpenGL debug message: id=1005, source=API, type=ERROR, severity=HIGH, message='No detailed debug message due to a non-debug context'
[08:36:55] [Render thread/INFO]: OpenGL debug message: id=1005, source=API, type=ERROR, severity=HIGH, message='No detailed debug message due to a non-debug context'
[08:36:55] [Render thread/INFO]: OpenGL debug message: id=1005, source=API, type=ERROR, severity=HIGH, message='No detailed debug message due to a non-debug context'
[08:36:55] [Render thread/INFO]: OpenGL debug message: id=1005, source=API, type=ERROR, severity=HIGH, message='No detailed debug message due to a non-debug context'
[08:36:55] [Render thread/INFO]: OpenGL debug message: id=1005, source=API, type=ERROR, severity=HIGH, message='No detailed debug message due to a non-debug context'
[08:36:55] [Render thread/INFO]: OpenGL debug message: id=1005, source=API, type=ERROR, severity=HIGH, message='No detailed debug message due to a non-debug context'
[08:36:55] [Render thread/INFO]: OpenGL debug message: id=1005, source=API, type=ERROR, severity=HIGH, message='No detailed debug message due to a non-debug context'
[08:36:55] [Render thread/INFO]: OpenGL debug message: id=1005, source=API, type=ERROR, severity=HIGH, message='No detailed debug message due to a non-debug context'
[08:36:55] [Render thread/INFO]: OpenGL debug message: id=1005, source=API, type=ERROR, severity=HIGH, message='No detailed debug message due to a non-debug context'
[08:36:55] [Render thread/INFO]: OpenGL debug message: id=1005, source=API, type=ERROR, severity=HIGH, message='No detailed debug message due to a non-debug context'
[08:36:55] [Render thread/INFO]: OpenGL debug message: id=1005, source=API, type=ERROR, severity=HIGH, message='No detailed debug message due to a non-debug context'
[08:36:55] [Render thread/INFO]: OpenGL debug message: id=1005, source=API, type=ERROR, severity=HIGH, message='No detailed debug message due to a non-debug context'
[08:36:55] [Render thread/INFO]: OpenGL debug message: id=1005, source=API, type=ERROR, severity=HIGH, message='No detailed debug message due to a non-debug context'
[08:36:55] [Render thread/INFO]: OpenGL debug message: id=1005, source=API, type=ERROR, severity=HIGH, message='No detailed debug message due to a non-debug context'
[08:36:55] [Render thread/INFO]: OpenGL debug message: id=1005, source=API, type=ERROR, severity=HIGH, message='No detailed debug message due to a non-debug context'
[08:36:55] [Render thread/INFO]: OpenGL debug message: id=1005, source=API, type=ERROR, severity=HIGH, message='No detailed debug message due to a non-debug context'
[08:36:55] [Render thread/INFO]: OpenGL debug message: id=1005, source=API, type=ERROR, severity=HIGH, message='No detailed debug message due to a non-debug context'
[08:36:55] [Render thread/INFO]: OpenGL debug message: id=1005, source=API, type=ERROR, severity=HIGH, message='No detailed debug message due to a non-debug context'
[08:36:55] [Render thread/INFO]: OpenGL debug message: id=1005, source=API, type=ERROR, severity=HIGH, message='No detailed debug message due to a non-debug context'
[08:36:55] [Render thread/INFO]: OpenGL debug message: id=1005, source=API, type=ERROR, severity=HIGH, message='No detailed debug message due to a non-debug context'
[08:36:55] [Render thread/INFO]: OpenGL debug message: id=1005, source=API, type=ERROR, severity=HIGH, message='No detailed debug message due to a non-debug context'
[08:36:55] [Render thread/INFO]: OpenGL debug message: id=1005, source=API, type=ERROR, severity=HIGH, message='No detailed debug message due to a non-debug context'
[08:36:55] [Render thread/INFO]: OpenGL debug message: id=1005, source=API, type=ERROR, severity=HIGH, message='No detailed debug message due to a non-debug context'
[08:36:55] [Render thread/INFO]: OpenGL debug message: id=1005, source=API, type=ERROR, severity=HIGH, message='No detailed debug message due to a non-debug context'
[08:36:55] [Render thread/INFO]: OpenGL debug message: id=1005, source=API, type=ERROR, severity=HIGH, message='No detailed debug message due to a non-debug context'
[08:36:55] [Render thread/INFO]: OpenGL debug message: id=1005, source=API, type=ERROR, severity=HIGH, message='No detailed debug message due to a non-debug context'
[08:36:56] [Render thread/INFO]: OpenGL debug message: id=1005, source=API, type=ERROR, severity=HIGH, message='No detailed debug message due to a non-debug context'
[08:36:56] [Render thread/INFO]: OpenGL debug message: id=1005, source=API, type=ERROR, severity=HIGH, message='No detailed debug message due to a non-debug context'
[08:36:56] [Render thread/INFO]: OpenGL debug message: id=1005, source=API, type=ERROR, severity=HIGH, message='No detailed debug message due to a non-debug context'
[08:36:56] [Render thread/INFO]: OpenGL debug message: id=1005, source=API, type=ERROR, severity=HIGH, message='No detailed debug message due to a non-debug context'
[08:36:56] [Render thread/INFO]: OpenGL debug message: id=1005, source=API, type=ERROR, severity=HIGH, message='No detailed debug message due to a non-debug context'
[08:36:56] [Render thread/INFO]: OpenGL debug message: id=1005, source=API, type=ERROR, severity=HIGH, message='No detailed debug message due to a non-debug context'
[08:36:56] [Render thread/INFO]: OpenGL debug message: id=1005, source=API, type=ERROR, severity=HIGH, message='No detailed debug message due to a non-debug context'
[08:36:56] [Render thread/INFO]: OpenGL debug message: id=1005, source=API, type=ERROR, severity=HIGH, message='No detailed debug message due to a non-debug context'
[08:36:56] [Render thread/INFO]: OpenGL debug message: id=1005, source=API, type=ERROR, severity=HIGH, message='No detailed debug message due to a non-debug context'
[08:36:56] [Render thread/INFO]: OpenGL debug message: id=1005, source=API, type=ERROR, severity=HIGH, message='No detailed debug message due to a non-debug context'
[08:36:56] [Render thread/INFO]: OpenGL debug message: id=1005, source=API, type=ERROR, severity=HIGH, message='No detailed debug message due to a non-debug context'
[08:36:56] [Render thread/INFO]: OpenGL debug message: id=1005, source=API, type=ERROR, severity=HIGH, message='No detailed debug message due to a non-debug context'
[08:36:56] [Render thread/INFO]: OpenGL debug message: id=1005, source=API, type=ERROR, severity=HIGH, message='No detailed debug message due to a non-debug context'
[08:36:56] [Render thread/INFO]: OpenGL debug message: id=1005, source=API, type=ERROR, severity=HIGH, message='No detailed debug message due to a non-debug context'
[08:36:56] [Render thread/INFO]: OpenGL debug message: id=1005, source=API, type=ERROR, severity=HIGH, message='No detailed debug message due to a non-debug context'
[08:36:56] [Render thread/INFO]: OpenGL debug message: id=1005, source=API, type=ERROR, severity=HIGH, message='No detailed debug message due to a non-debug context'
[08:36:56] [Render thread/INFO]: OpenGL debug message: id=1005, source=API, type=ERROR, severity=HIGH, message='No detailed debug message due to a non-debug context'
[08:36:56] [Render thread/INFO]: OpenGL debug message: id=1005, source=API, type=ERROR, severity=HIGH, message='No detailed debug message due to a non-debug context'
[08:36:56] [Render thread/INFO]: OpenGL debug message: id=1005, source=API, type=ERROR, severity=HIGH, message='No detailed debug message due to a non-debug context'
[08:36:56] [Render thread/INFO]: OpenGL debug message: id=1005, source=API, type=ERROR, severity=HIGH, message='No detailed debug message due to a non-debug context'
[08:36:56] [Render thread/INFO]: OpenGL debug message: id=1005, source=API, type=ERROR, severity=HIGH, message='No detailed debug message due to a non-debug context'
[08:36:56] [Render thread/INFO]: OpenGL debug message: id=1005, source=API, type=ERROR, severity=HIGH, message='No detailed debug message due to a non-debug context'
[08:36:56] [Render thread/INFO]: OpenGL debug message: id=1005, source=API, type=ERROR, severity=HIGH, message='No detailed debug message due to a non-debug context'
[08:36:56] [Render thread/INFO]: OpenGL debug message: id=1005, source=API, type=ERROR, severity=HIGH, message='No detailed debug message due to a non-debug context'
[08:36:56] [Render thread/INFO]: OpenGL debug message: id=1005, source=API, type=ERROR, severity=HIGH, message='No detailed debug message due to a non-debug context'
[08:36:56] [Render thread/INFO]: OpenGL debug message: id=1005, source=API, type=ERROR, severity=HIGH, message='No detailed debug message due to a non-debug context'
[08:36:56] [Render thread/INFO]: OpenGL debug message: id=1005, source=API, type=ERROR, severity=HIGH, message='No detailed debug message due to a non-debug context'
[08:36:56] [Render thread/INFO]: OpenGL debug message: id=1005, source=API, type=ERROR, severity=HIGH, message='No detailed debug message due to a non-debug context'
[08:36:56] [Render thread/INFO]: OpenGL debug message: id=1005, source=API, type=ERROR, severity=HIGH, message='No detailed debug message due to a non-debug context'
[08:36:56] [Render thread/INFO]: OpenGL debug message: id=1005, source=API, type=ERROR, severity=HIGH, message='No detailed debug message due to a non-debug context'
[08:36:56] [Render thread/INFO]: OpenGL debug message: id=1005, source=API, type=ERROR, severity=HIGH, message='No detailed debug message due to a non-debug context'
[08:36:56] [Render thread/INFO]: OpenGL debug message: id=1005, source=API, type=ERROR, severity=HIGH, message='No detailed debug message due to a non-debug context'
[08:36:56] [Render thread/INFO]: OpenGL debug message: id=1005, source=API, type=ERROR, severity=HIGH, message='No detailed debug message due to a non-debug context'
[08:36:56] [Render thread/INFO]: OpenGL debug message: id=1005, source=API, type=ERROR, severity=HIGH, message='No detailed debug message due to a non-debug context'
[08:36:56] [Render thread/INFO]: OpenGL debug message: id=1005, source=API, type=ERROR, severity=HIGH, message='No detailed debug message due to a non-debug context'
[08:36:56] [Render thread/INFO]: OpenGL debug message: id=1005, source=API, type=ERROR, severity=HIGH, message='No detailed debug message due to a non-debug context'
[08:36:56] [Render thread/INFO]: OpenGL debug message: id=1005, source=API, type=ERROR, severity=HIGH, message='No detailed debug message due to a non-debug context'
[08:36:56] [Render thread/INFO]: OpenGL debug message: id=1005, source=API, type=ERROR, severity=HIGH, message='No detailed debug message due to a non-debug context'
[08:36:56] [Render thread/INFO]: OpenGL debug message: id=1005, source=API, type=ERROR, severity=HIGH, message='No detailed debug message due to a non-debug context'
[08:36:56] [Render thread/INFO]: OpenGL debug message: id=1005, source=API, type=ERROR, severity=HIGH, message='No detailed debug message due to a non-debug context'
[08:36:56] [Render thread/INFO]: OpenGL debug message: id=1005, source=API, type=ERROR, severity=HIGH, message='No detailed debug message due to a non-debug context'
[08:36:56] [Render thread/INFO]: OpenGL debug message: id=1005, source=API, type=ERROR, severity=HIGH, message='No detailed debug message due to a non-debug context'
[08:36:56] [Render thread/INFO]: OpenGL debug message: id=1005, source=API, type=ERROR, severity=HIGH, message='No detailed debug message due to a non-debug context'
[08:36:56] [Render thread/INFO]: OpenGL debug message: id=1005, source=API, type=ERROR, severity=HIGH, message='No detailed debug message due to a non-debug context'
[08:36:56] [Render thread/INFO]: OpenGL debug message: id=1005, source=API, type=ERROR, severity=HIGH, message='No detailed debug message due to a non-debug context'
[08:36:56] [Render thread/INFO]: OpenGL debug message: id=1005, source=API, type=ERROR, severity=HIGH, message='No detailed debug message due to a non-debug context'
[08:36:56] [Render thread/INFO]: OpenGL debug message: id=1005, source=API, type=ERROR, severity=HIGH, message='No detailed debug message due to a non-debug context'
[08:36:56] [Render thread/INFO]: OpenGL debug message: id=1005, source=API, type=ERROR, severity=HIGH, message='No detailed debug message due to a non-debug context'
[08:36:56] [Render thread/INFO]: OpenGL debug message: id=1005, source=API, type=ERROR, severity=HIGH, message='No detailed debug message due to a non-debug context'
[08:36:56] [Render thread/INFO]: OpenGL debug message: id=1005, source=API, type=ERROR, severity=HIGH, message='No detailed debug message due to a non-debug context'
[08:36:56] [Render thread/INFO]: OpenGL debug message: id=1005, source=API, type=ERROR, severity=HIGH, message='No detailed debug message due to a non-debug context'
[08:36:56] [Render thread/INFO]: OpenGL debug message: id=1005, source=API, type=ERROR, severity=HIGH, message='No detailed debug message due to a non-debug context'
[08:36:56] [Render thread/INFO]: OpenGL debug message: id=1005, source=API, type=ERROR, severity=HIGH, message='No detailed debug message due to a non-debug context'
[08:36:56] [Render thread/INFO]: OpenGL debug message: id=1005, source=API, type=ERROR, severity=HIGH, message='No detailed debug message due to a non-debug context'
[08:36:56] [Render thread/INFO]: OpenGL debug message: id=1005, source=API, type=ERROR, severity=HIGH, message='No detailed debug message due to a non-debug context'
[08:36:56] [Render thread/INFO]: OpenGL debug message: id=1005, source=API, type=ERROR, severity=HIGH, message='No detailed debug message due to a non-debug context'
[08:36:56] [Render thread/INFO]: OpenGL debug message: id=1005, source=API, type=ERROR, severity=HIGH, message='No detailed debug message due to a non-debug context'
[08:36:56] [Render thread/INFO]: OpenGL debug message: id=1005, source=API, type=ERROR, severity=HIGH, message='No detailed debug message due to a non-debug context'
[08:36:56] [Render thread/INFO]: OpenGL debug message: id=1005, source=API, type=ERROR, severity=HIGH, message='No detailed debug message due to a non-debug context'
[08:36:56] [Render thread/INFO]: OpenGL debug message: id=1005, source=API, type=ERROR, severity=HIGH, message='No detailed debug message due to a non-debug context'
[08:36:57] [Render thread/INFO]: OpenGL debug message: id=1005, source=API, type=ERROR, severity=HIGH, message='No detailed debug message due to a non-debug context'
[08:36:57] [Render thread/INFO]: OpenGL debug message: id=1005, source=API, type=ERROR, severity=HIGH, message='No detailed debug message due to a non-debug context'
[08:36:57] [Render thread/INFO]: OpenGL debug message: id=1005, source=API, type=ERROR, severity=HIGH, message='No detailed debug message due to a non-debug context'
[08:36:57] [Render thread/INFO]: OpenGL debug message: id=1005, source=API, type=ERROR, severity=HIGH, message='No detailed debug message due to a non-debug context'
[08:36:57] [Render thread/INFO]: OpenGL debug message: id=1005, source=API, type=ERROR, severity=HIGH, message='No detailed debug message due to a non-debug context'
[08:36:57] [Render thread/INFO]: OpenGL debug message: id=1005, source=API, type=ERROR, severity=HIGH, message='No detailed debug message due to a non-debug context'
[08:36:57] [Render thread/INFO]: OpenGL debug message: id=1005, source=API, type=ERROR, severity=HIGH, message='No detailed debug message due to a non-debug context'
[08:36:57] [Render thread/INFO]: OpenGL debug message: id=1005, source=API, type=ERROR, severity=HIGH, message='No detailed debug message due to a non-debug context'
[08:36:57] [Render thread/INFO]: OpenGL debug message: id=1005, source=API, type=ERROR, severity=HIGH, message='No detailed debug message due to a non-debug context'
[08:36:57] [Render thread/INFO]: OpenGL debug message: id=1005, source=API, type=ERROR, severity=HIGH, message='No detailed debug message due to a non-debug context'
[08:36:57] [Render thread/INFO]: OpenGL debug message: id=1005, source=API, type=ERROR, severity=HIGH, message='No detailed debug message due to a non-debug context'
[08:36:57] [Render thread/INFO]: OpenGL debug message: id=1005, source=API, type=ERROR, severity=HIGH, message='No detailed debug message due to a non-debug context'
[08:36:57] [Render thread/INFO]: OpenGL debug message: id=1005, source=API, type=ERROR, severity=HIGH, message='No detailed debug message due to a non-debug context'
[08:36:57] [Render thread/INFO]: OpenGL debug message: id=1005, source=API, type=ERROR, severity=HIGH, message='No detailed debug message due to a non-debug context'
[08:36:57] [Render thread/INFO]: OpenGL debug message: id=1005, source=API, type=ERROR, severity=HIGH, message='No detailed debug message due to a non-debug context'
[08:36:57] [Render thread/INFO]: OpenGL debug message: id=1005, source=API, type=ERROR, severity=HIGH, message='No detailed debug message due to a non-debug context'
[08:36:57] [Render thread/INFO]: OpenGL debug message: id=1005, source=API, type=ERROR, severity=HIGH, message='No detailed debug message due to a non-debug context'
[08:36:57] [Render thread/INFO]: OpenGL debug message: id=1005, source=API, type=ERROR, severity=HIGH, message='No detailed debug message due to a non-debug context'
[08:36:57] [Render thread/INFO]: OpenGL debug message: id=1005, source=API, type=ERROR, severity=HIGH, message='No detailed debug message due to a non-debug context'
[08:36:57] [Render thread/INFO]: OpenGL debug message: id=1005, source=API, type=ERROR, severity=HIGH, message='No detailed debug message due to a non-debug context'
[08:36:57] [Render thread/INFO]: OpenGL debug message: id=1005, source=API, type=ERROR, severity=HIGH, message='No detailed debug message due to a non-debug context'
[08:36:57] [Render thread/INFO]: OpenGL debug message: id=1005, source=API, type=ERROR, severity=HIGH, message='No detailed debug message due to a non-debug context'
[08:36:57] [Render thread/INFO]: OpenGL debug message: id=1005, source=API, type=ERROR, severity=HIGH, message='No detailed debug message due to a non-debug context'
[08:36:57] [Render thread/INFO]: OpenGL debug message: id=1005, source=API, type=ERROR, severity=HIGH, message='No detailed debug message due to a non-debug context'
[08:36:57] [Render thread/INFO]: OpenGL debug message: id=1005, source=API, type=ERROR, severity=HIGH, message='No detailed debug message due to a non-debug context'
[08:36:57] [Render thread/INFO]: OpenGL debug message: id=1005, source=API, type=ERROR, severity=HIGH, message='No detailed debug message due to a non-debug context'
[08:36:57] [Render thread/INFO]: OpenGL debug message: id=1005, source=API, type=ERROR, severity=HIGH, message='No detailed debug message due to a non-debug context'
[08:36:57] [Render thread/INFO]: OpenGL debug message: id=1005, source=API, type=ERROR, severity=HIGH, message='No detailed debug message due to a non-debug context'
[08:36:57] [Render thread/INFO]: OpenGL debug message: id=1005, source=API, type=ERROR, severity=HIGH, message='No detailed debug message due to a non-debug context'
[08:36:57] [Render thread/INFO]: OpenGL debug message: id=1005, source=API, type=ERROR, severity=HIGH, message='No detailed debug message due to a non-debug context'
[08:36:57] [Render thread/INFO]: OpenGL debug message: id=1005, source=API, type=ERROR, severity=HIGH, message='No detailed debug message due to a non-debug context'
[08:36:57] [Render thread/INFO]: OpenGL debug message: id=1005, source=API, type=ERROR, severity=HIGH, message='No detailed debug message due to a non-debug context'
[08:36:57] [Render thread/INFO]: OpenGL debug message: id=1005, source=API, type=ERROR, severity=HIGH, message='No detailed debug message due to a non-debug context'
[08:36:57] [Render thread/INFO]: OpenGL debug message: id=1005, source=API, type=ERROR, severity=HIGH, message='No detailed debug message due to a non-debug context'
[08:36:57] [Render thread/INFO]: OpenGL debug message: id=1005, source=API, type=ERROR, severity=HIGH, message='No detailed debug message due to a non-debug context'
[08:36:57] [Render thread/INFO]: OpenGL debug message: id=1005, source=API, type=ERROR, severity=HIGH, message='No detailed debug message due to a non-debug context'
[08:36:57] [Render thread/INFO]: OpenGL debug message: id=1005, source=API, type=ERROR, severity=HIGH, message='No detailed debug message due to a non-debug context'
[08:36:57] [Render thread/INFO]: OpenGL debug message: id=1005, source=API, type=ERROR, severity=HIGH, message='No detailed debug message due to a non-debug context'
[08:36:57] [Render thread/INFO]: OpenGL debug message: id=1005, source=API, type=ERROR, severity=HIGH, message='No detailed debug message due to a non-debug context'
[08:36:57] [Render thread/INFO]: OpenGL debug message: id=1005, source=API, type=ERROR, severity=HIGH, message='No detailed debug message due to a non-debug context'
[08:36:57] [Render thread/INFO]: OpenGL debug message: id=1005, source=API, type=ERROR, severity=HIGH, message='No detailed debug message due to a non-debug context'
[08:36:57] [Render thread/INFO]: OpenGL debug message: id=1005, source=API, type=ERROR, severity=HIGH, message='No detailed debug message due to a non-debug context'
[08:36:57] [Render thread/INFO]: OpenGL debug message: id=1005, source=API, type=ERROR, severity=HIGH, message='No detailed debug message due to a non-debug context'
[08:36:57] [Render thread/INFO]: OpenGL debug message: id=1005, source=API, type=ERROR, severity=HIGH, message='No detailed debug message due to a non-debug context'
[08:36:57] [Render thread/INFO]: OpenGL debug message: id=1005, source=API, type=ERROR, severity=HIGH, message='No detailed debug message due to a non-debug context'
[08:36:57] [Render thread/INFO]: OpenGL debug message: id=1005, source=API, type=ERROR, severity=HIGH, message='No detailed debug message due to a non-debug context'
[08:36:57] [Render thread/INFO]: OpenGL debug message: id=1005, source=API, type=ERROR, severity=HIGH, message='No detailed debug message due to a non-debug context'
[08:36:57] [Render thread/INFO]: OpenGL debug message: id=1005, source=API, type=ERROR, severity=HIGH, message='No detailed debug message due to a non-debug context'
[08:36:57] [Render thread/INFO]: OpenGL debug message: id=1005, source=API, type=ERROR, severity=HIGH, message='No detailed debug message due to a non-debug context'
[08:36:57] [Render thread/INFO]: OpenGL debug message: id=1005, source=API, type=ERROR, severity=HIGH, message='No detailed debug message due to a non-debug context'
[08:36:57] [Render thread/INFO]: OpenGL debug message: id=1005, source=API, type=ERROR, severity=HIGH, message='No detailed debug message due to a non-debug context'
[08:36:57] [Render thread/INFO]: OpenGL debug message: id=1005, source=API, type=ERROR, severity=HIGH, message='No detailed debug message due to a non-debug context'
[08:36:57] [Render thread/INFO]: OpenGL debug message: id=1005, source=API, type=ERROR, severity=HIGH, message='No detailed debug message due to a non-debug context'
[08:36:57] [Render thread/INFO]: OpenGL debug message: id=1005, source=API, type=ERROR, severity=HIGH, message='No detailed debug message due to a non-debug context'
[08:36:58] [Render thread/INFO]: OpenGL debug message: id=1005, source=API, type=ERROR, severity=HIGH, message='No detailed debug message due to a non-debug context'
[08:36:58] [Render thread/INFO]: OpenGL debug message: id=1005, source=API, type=ERROR, severity=HIGH, message='No detailed debug message due to a non-debug context'
[08:36:58] [Render thread/INFO]: OpenGL debug message: id=1005, source=API, type=ERROR, severity=HIGH, message='No detailed debug message due to a non-debug context'
[08:36:58] [Render thread/INFO]: OpenGL debug message: id=1005, source=API, type=ERROR, severity=HIGH, message='No detailed debug message due to a non-debug context'
[08:36:58] [Render thread/INFO]: OpenGL debug message: id=1005, source=API, type=ERROR, severity=HIGH, message='No detailed debug message due to a non-debug context'
[08:36:58] [Render thread/INFO]: OpenGL debug message: id=1005, source=API, type=ERROR, severity=HIGH, message='No detailed debug message due to a non-debug context'
[08:36:58] [Render thread/INFO]: OpenGL debug message: id=1005, source=API, type=ERROR, severity=HIGH, message='No detailed debug message due to a non-debug context'
[08:36:58] [Render thread/INFO]: OpenGL debug message: id=1005, source=API, type=ERROR, severity=HIGH, message='No detailed debug message due to a non-debug context'
[08:36:58] [Render thread/INFO]: OpenGL debug message: id=1005, source=API, type=ERROR, severity=HIGH, message='No detailed debug message due to a non-debug context'
[08:36:58] [Render thread/INFO]: OpenGL debug message: id=1005, source=API, type=ERROR, severity=HIGH, message='No detailed debug message due to a non-debug context'
[08:36:58] [Render thread/INFO]: OpenGL debug message: id=1005, source=API, type=ERROR, severity=HIGH, message='No detailed debug message due to a non-debug context'
[08:36:58] [Render thread/INFO]: OpenGL debug message: id=1005, source=API, type=ERROR, severity=HIGH, message='No detailed debug message due to a non-debug context'
[08:36:58] [Render thread/INFO]: OpenGL debug message: id=1005, source=API, type=ERROR, severity=HIGH, message='No detailed debug message due to a non-debug context'
[08:36:58] [Render thread/INFO]: OpenGL debug message: id=1005, source=API, type=ERROR, severity=HIGH, message='No detailed debug message due to a non-debug context'
[08:36:58] [Render thread/INFO]: OpenGL debug message: id=1005, source=API, type=ERROR, severity=HIGH, message='No detailed debug message due to a non-debug context'
[08:36:58] [Render thread/INFO]: OpenGL debug message: id=1005, source=API, type=ERROR, severity=HIGH, message='No detailed debug message due to a non-debug context'
[08:36:58] [Render thread/INFO]: OpenGL debug message: id=1005, source=API, type=ERROR, severity=HIGH, message='No detailed debug message due to a non-debug context'
[08:36:58] [Render thread/INFO]: OpenGL debug message: id=1005, source=API, type=ERROR, severity=HIGH, message='No detailed debug message due to a non-debug context'
[08:36:58] [Render thread/INFO]: OpenGL debug message: id=1005, source=API, type=ERROR, severity=HIGH, message='No detailed debug message due to a non-debug context'
[08:36:58] [Render thread/INFO]: OpenGL debug message: id=1005, source=API, type=ERROR, severity=HIGH, message='No detailed debug message due to a non-debug context'
[08:36:58] [Render thread/INFO]: OpenGL debug message: id=1005, source=API, type=ERROR, severity=HIGH, message='No detailed debug message due to a non-debug context'
[08:36:58] [Render thread/INFO]: OpenGL debug message: id=1005, source=API, type=ERROR, severity=HIGH, message='No detailed debug message due to a non-debug context'
[08:36:58] [Render thread/INFO]: OpenGL debug message: id=1005, source=API, type=ERROR, severity=HIGH, message='No detailed debug message due to a non-debug context'
[08:36:58] [Render thread/INFO]: OpenGL debug message: id=1005, source=API, type=ERROR, severity=HIGH, message='No detailed debug message due to a non-debug context'
[08:36:58] [Render thread/INFO]: OpenGL debug message: id=1005, source=API, type=ERROR, severity=HIGH, message='No detailed debug message due to a non-debug context'
[08:36:58] [Render thread/INFO]: OpenGL debug message: id=1005, source=API, type=ERROR, severity=HIGH, message='No detailed debug message due to a non-debug context'
[08:36:58] [Render thread/INFO]: OpenGL debug message: id=1005, source=API, type=ERROR, severity=HIGH, message='No detailed debug message due to a non-debug context'
[08:36:58] [Render thread/INFO]: OpenGL debug message: id=1005, source=API, type=ERROR, severity=HIGH, message='No detailed debug message due to a non-debug context'
[08:36:58] [Render thread/INFO]: OpenGL debug message: id=1005, source=API, type=ERROR, severity=HIGH, message='No detailed debug message due to a non-debug context'
[08:36:58] [Render thread/INFO]: OpenGL debug message: id=1005, source=API, type=ERROR, severity=HIGH, message='No detailed debug message due to a non-debug context'
[08:36:58] [Render thread/INFO]: OpenGL debug message: id=1005, source=API, type=ERROR, severity=HIGH, message='No detailed debug message due to a non-debug context'
[08:36:58] [Render thread/INFO]: OpenGL debug message: id=1005, source=API, type=ERROR, severity=HIGH, message='No detailed debug message due to a non-debug context'
[08:36:58] [Render thread/INFO]: OpenGL debug message: id=1005, source=API, type=ERROR, severity=HIGH, message='No detailed debug message due to a non-debug context'
[08:36:58] [Render thread/INFO]: OpenGL debug message: id=1005, source=API, type=ERROR, severity=HIGH, message='No detailed debug message due to a non-debug context'
[08:36:58] [Render thread/INFO]: OpenGL debug message: id=1005, source=API, type=ERROR, severity=HIGH, message='No detailed debug message due to a non-debug context'
[08:36:58] [Render thread/INFO]: OpenGL debug message: id=1005, source=API, type=ERROR, severity=HIGH, message='No detailed debug message due to a non-debug context'
[08:36:58] [Render thread/INFO]: OpenGL debug message: id=1005, source=API, type=ERROR, severity=HIGH, message='No detailed debug message due to a non-debug context'
[08:36:58] [Render thread/INFO]: OpenGL debug message: id=1005, source=API, type=ERROR, severity=HIGH, message='No detailed debug message due to a non-debug context'
[08:36:58] [Render thread/INFO]: OpenGL debug message: id=1005, source=API, type=ERROR, severity=HIGH, message='No detailed debug message due to a non-debug context'
[08:36:58] [Render thread/INFO]: OpenGL debug message: id=1005, source=API, type=ERROR, severity=HIGH, message='No detailed debug message due to a non-debug context'
[08:36:58] [Render thread/INFO]: OpenGL debug message: id=1005, source=API, type=ERROR, severity=HIGH, message='No detailed debug message due to a non-debug context'
[08:36:58] [Render thread/INFO]: OpenGL debug message: id=1005, source=API, type=ERROR, severity=HIGH, message='No detailed debug message due to a non-debug context'
[08:36:58] [Render thread/INFO]: OpenGL debug message: id=1005, source=API, type=ERROR, severity=HIGH, message='No detailed debug message due to a non-debug context'
[08:36:58] [Render thread/INFO]: OpenGL debug message: id=1005, source=API, type=ERROR, severity=HIGH, message='No detailed debug message due to a non-debug context'
[08:36:58] [Render thread/INFO]: OpenGL debug message: id=1005, source=API, type=ERROR, severity=HIGH, message='No detailed debug message due to a non-debug context'
[08:36:58] [Render thread/INFO]: OpenGL debug message: id=1005, source=API, type=ERROR, severity=HIGH, message='No detailed debug message due to a non-debug context'
[08:36:58] [Render thread/INFO]: OpenGL debug message: id=1005, source=API, type=ERROR, severity=HIGH, message='No detailed debug message due to a non-debug context'
[08:36:58] [Render thread/INFO]: OpenGL debug message: id=1005, source=API, type=ERROR, severity=HIGH, message='No detailed debug message due to a non-debug context'
[08:36:58] [Render thread/INFO]: OpenGL debug message: id=1005, source=API, type=ERROR, severity=HIGH, message='No detailed debug message due to a non-debug context'
[08:36:58] [Render thread/INFO]: OpenGL debug message: id=1005, source=API, type=ERROR, severity=HIGH, message='No detailed debug message due to a non-debug context'
[08:36:58] [Render thread/INFO]: OpenGL debug message: id=1005, source=API, type=ERROR, severity=HIGH, message='No detailed debug message due to a non-debug context'
[08:36:58] [Render thread/INFO]: OpenGL debug message: id=1005, source=API, type=ERROR, severity=HIGH, message='No detailed debug message due to a non-debug context'
[08:36:58] [Render thread/INFO]: OpenGL debug message: id=1005, source=API, type=ERROR, severity=HIGH, message='No detailed debug message due to a non-debug context'
[08:36:58] [Render thread/INFO]: OpenGL debug message: id=1005, source=API, type=ERROR, severity=HIGH, message='No detailed debug message due to a non-debug context'
[08:36:58] [Render thread/INFO]: OpenGL debug message: id=1005, source=API, type=ERROR, severity=HIGH, message='No detailed debug message due to a non-debug context'
[08:36:58] [Render thread/INFO]: OpenGL debug message: id=1005, source=API, type=ERROR, severity=HIGH, message='No detailed debug message due to a non-debug context'
[08:36:58] [Render thread/INFO]: OpenGL debug message: id=1005, source=API, type=ERROR, severity=HIGH, message='No detailed debug message due to a non-debug context'
[08:36:59] [Render thread/INFO]: OpenGL debug message: id=1005, source=API, type=ERROR, severity=HIGH, message='No detailed debug message due to a non-debug context'
[08:36:59] [Render thread/INFO]: OpenGL debug message: id=1005, source=API, type=ERROR, severity=HIGH, message='No detailed debug message due to a non-debug context'
[08:36:59] [Render thread/INFO]: OpenGL debug message: id=1005, source=API, type=ERROR, severity=HIGH, message='No detailed debug message due to a non-debug context'
[08:36:59] [Render thread/INFO]: OpenGL debug message: id=1005, source=API, type=ERROR, severity=HIGH, message='No detailed debug message due to a non-debug context'
[08:36:59] [Render thread/INFO]: OpenGL debug message: id=1005, source=API, type=ERROR, severity=HIGH, message='No detailed debug message due to a non-debug context'
[08:36:59] [Render thread/INFO]: OpenGL debug message: id=1005, source=API, type=ERROR, severity=HIGH, message='No detailed debug message due to a non-debug context'
[08:36:59] [Render thread/INFO]: OpenGL debug message: id=1005, source=API, type=ERROR, severity=HIGH, message='No detailed debug message due to a non-debug context'
[08:36:59] [Render thread/INFO]: OpenGL debug message: id=1005, source=API, type=ERROR, severity=HIGH, message='No detailed debug message due to a non-debug context'
[08:36:59] [Render thread/INFO]: OpenGL debug message: id=1005, source=API, type=ERROR, severity=HIGH, message='No detailed debug message due to a non-debug context'
[08:36:59] [Render thread/INFO]: OpenGL debug message: id=1005, source=API, type=ERROR, severity=HIGH, message='No detailed debug message due to a non-debug context'
[08:36:59] [Render thread/INFO]: OpenGL debug message: id=1005, source=API, type=ERROR, severity=HIGH, message='No detailed debug message due to a non-debug context'
[08:36:59] [Render thread/INFO]: OpenGL debug message: id=1005, source=API, type=ERROR, severity=HIGH, message='No detailed debug message due to a non-debug context'
[08:36:59] [Render thread/INFO]: OpenGL debug message: id=1005, source=API, type=ERROR, severity=HIGH, message='No detailed debug message due to a non-debug context'
[08:36:59] [Render thread/INFO]: OpenGL debug message: id=1005, source=API, type=ERROR, severity=HIGH, message='No detailed debug message due to a non-debug context'
[08:36:59] [Render thread/INFO]: OpenGL debug message: id=1005, source=API, type=ERROR, severity=HIGH, message='No detailed debug message due to a non-debug context'
[08:36:59] [Render thread/INFO]: OpenGL debug message: id=1005, source=API, type=ERROR, severity=HIGH, message='No detailed debug message due to a non-debug context'
[08:36:59] [Render thread/INFO]: OpenGL debug message: id=1005, source=API, type=ERROR, severity=HIGH, message='No detailed debug message due to a non-debug context'
[08:36:59] [Render thread/INFO]: OpenGL debug message: id=1005, source=API, type=ERROR, severity=HIGH, message='No detailed debug message due to a non-debug context'
[08:36:59] [Render thread/INFO]: OpenGL debug message: id=1005, source=API, type=ERROR, severity=HIGH, message='No detailed debug message due to a non-debug context'
[08:36:59] [Render thread/INFO]: OpenGL debug message: id=1005, source=API, type=ERROR, severity=HIGH, message='No detailed debug message due to a non-debug context'
[08:36:59] [Render thread/INFO]: OpenGL debug message: id=1005, source=API, type=ERROR, severity=HIGH, message='No detailed debug message due to a non-debug context'
[08:36:59] [Render thread/INFO]: OpenGL debug message: id=1005, source=API, type=ERROR, severity=HIGH, message='No detailed debug message due to a non-debug context'
[08:36:59] [Render thread/INFO]: OpenGL debug message: id=1005, source=API, type=ERROR, severity=HIGH, message='No detailed debug message due to a non-debug context'
[08:36:59] [Render thread/INFO]: OpenGL debug message: id=1005, source=API, type=ERROR, severity=HIGH, message='No detailed debug message due to a non-debug context'
[08:36:59] [Render thread/INFO]: OpenGL debug message: id=1005, source=API, type=ERROR, severity=HIGH, message='No detailed debug message due to a non-debug context'
[08:36:59] [Render thread/INFO]: OpenGL debug message: id=1005, source=API, type=ERROR, severity=HIGH, message='No detailed debug message due to a non-debug context'
[08:36:59] [Render thread/INFO]: OpenGL debug message: id=1005, source=API, type=ERROR, severity=HIGH, message='No detailed debug message due to a non-debug context'
[08:36:59] [Render thread/INFO]: OpenGL debug message: id=1005, source=API, type=ERROR, severity=HIGH, message='No detailed debug message due to a non-debug context'
[08:36:59] [Render thread/INFO]: OpenGL debug message: id=1005, source=API, type=ERROR, severity=HIGH, message='No detailed debug message due to a non-debug context'
[08:36:59] [Render thread/INFO]: OpenGL debug message: id=1005, source=API, type=ERROR, severity=HIGH, message='No detailed debug message due to a non-debug context'
[08:36:59] [Render thread/INFO]: OpenGL debug message: id=1005, source=API, type=ERROR, severity=HIGH, message='No detailed debug message due to a non-debug context'
[08:36:59] [Render thread/INFO]: OpenGL debug message: id=1005, source=API, type=ERROR, severity=HIGH, message='No detailed debug message due to a non-debug context'
[08:36:59] [Render thread/INFO]: OpenGL debug message: id=1005, source=API, type=ERROR, severity=HIGH, message='No detailed debug message due to a non-debug context'
[08:36:59] [Render thread/INFO]: OpenGL debug message: id=1005, source=API, type=ERROR, severity=HIGH, message='No detailed debug message due to a non-debug context'
[08:36:59] [Render thread/INFO]: OpenGL debug message: id=1005, source=API, type=ERROR, severity=HIGH, message='No detailed debug message due to a non-debug context'
[08:36:59] [Render thread/INFO]: OpenGL debug message: id=1005, source=API, type=ERROR, severity=HIGH, message='No detailed debug message due to a non-debug context'
[08:36:59] [Render thread/INFO]: OpenGL debug message: id=1005, source=API, type=ERROR, severity=HIGH, message='No detailed debug message due to a non-debug context'
[08:36:59] [Render thread/INFO]: OpenGL debug message: id=1005, source=API, type=ERROR, severity=HIGH, message='No detailed debug message due to a non-debug context'
[08:36:59] [Render thread/INFO]: OpenGL debug message: id=1005, source=API, type=ERROR, severity=HIGH, message='No detailed debug message due to a non-debug context'
[08:36:59] [Render thread/INFO]: OpenGL debug message: id=1005, source=API, type=ERROR, severity=HIGH, message='No detailed debug message due to a non-debug context'
[08:36:59] [Render thread/INFO]: OpenGL debug message: id=1005, source=API, type=ERROR, severity=HIGH, message='No detailed debug message due to a non-debug context'
[08:36:59] [Render thread/INFO]: OpenGL debug message: id=1005, source=API, type=ERROR, severity=HIGH, message='No detailed debug message due to a non-debug context'
[08:36:59] [Render thread/INFO]: OpenGL debug message: id=1005, source=API, type=ERROR, severity=HIGH, message='No detailed debug message due to a non-debug context'
[08:36:59] [Render thread/INFO]: OpenGL debug message: id=1005, source=API, type=ERROR, severity=HIGH, message='No detailed debug message due to a non-debug context'
[08:36:59] [Render thread/INFO]: OpenGL debug message: id=1005, source=API, type=ERROR, severity=HIGH, message='No detailed debug message due to a non-debug context'
[08:36:59] [Render thread/INFO]: OpenGL debug message: id=1005, source=API, type=ERROR, severity=HIGH, message='No detailed debug message due to a non-debug context'
[08:36:59] [Render thread/INFO]: OpenGL debug message: id=1005, source=API, type=ERROR, severity=HIGH, message='No detailed debug message due to a non-debug context'
[08:36:59] [Render thread/INFO]: OpenGL debug message: id=1005, source=API, type=ERROR, severity=HIGH, message='No detailed debug message due to a non-debug context'
[08:36:59] [Render thread/INFO]: OpenGL debug message: id=1005, source=API, type=ERROR, severity=HIGH, message='No detailed debug message due to a non-debug context'
[08:36:59] [Render thread/INFO]: OpenGL debug message: id=1005, source=API, type=ERROR, severity=HIGH, message='No detailed debug message due to a non-debug context'
[08:36:59] [Render thread/INFO]: OpenGL debug message: id=1005, source=API, type=ERROR, severity=HIGH, message='No detailed debug message due to a non-debug context'
[08:36:59] [Render thread/INFO]: OpenGL debug message: id=1005, source=API, type=ERROR, severity=HIGH, message='No detailed debug message due to a non-debug context'
[08:36:59] [Render thread/INFO]: OpenGL debug message: id=1005, source=API, type=ERROR, severity=HIGH, message='No detailed debug message due to a non-debug context'
[08:36:59] [Render thread/INFO]: OpenGL debug message: id=1005, source=API, type=ERROR, severity=HIGH, message='No detailed debug message due to a non-debug context'
[08:36:59] [Render thread/INFO]: OpenGL debug message: id=1005, source=API, type=ERROR, severity=HIGH, message='No detailed debug message due to a non-debug context'
[08:36:59] [Render thread/INFO]: OpenGL debug message: id=1005, source=API, type=ERROR, severity=HIGH, message='No detailed debug message due to a non-debug context'
[08:36:59] [Render thread/INFO]: OpenGL debug message: id=1005, source=API, type=ERROR, severity=HIGH, message='No detailed debug message due to a non-debug context'
[08:36:59] [Render thread/INFO]: OpenGL debug message: id=1005, source=API, type=ERROR, severity=HIGH, message='No detailed debug message due to a non-debug context'
[08:36:59] [Render thread/INFO]: OpenGL debug message: id=1005, source=API, type=ERROR, severity=HIGH, message='No detailed debug message due to a non-debug context'
[08:36:59] [Render thread/INFO]: OpenGL debug message: id=1005, source=API, type=ERROR, severity=HIGH, message='No detailed debug message due to a non-debug context'
[08:37:00] [Render thread/INFO]: OpenGL debug message: id=1005, source=API, type=ERROR, severity=HIGH, message='No detailed debug message due to a non-debug context'
[08:37:00] [Render thread/INFO]: OpenGL debug message: id=1005, source=API, type=ERROR, severity=HIGH, message='No detailed debug message due to a non-debug context'
[08:37:00] [Render thread/INFO]: OpenGL debug message: id=1005, source=API, type=ERROR, severity=HIGH, message='No detailed debug message due to a non-debug context'
[08:37:00] [Render thread/INFO]: OpenGL debug message: id=1005, source=API, type=ERROR, severity=HIGH, message='No detailed debug message due to a non-debug context'
[08:37:00] [Render thread/INFO]: OpenGL debug message: id=1005, source=API, type=ERROR, severity=HIGH, message='No detailed debug message due to a non-debug context'
[08:37:00] [Render thread/INFO]: OpenGL debug message: id=1005, source=API, type=ERROR, severity=HIGH, message='No detailed debug message due to a non-debug context'
[08:37:00] [Render thread/INFO]: OpenGL debug message: id=1005, source=API, type=ERROR, severity=HIGH, message='No detailed debug message due to a non-debug context'
[08:37:00] [Render thread/INFO]: OpenGL debug message: id=1005, source=API, type=ERROR, severity=HIGH, message='No detailed debug message due to a non-debug context'
[08:37:00] [Render thread/INFO]: OpenGL debug message: id=1005, source=API, type=ERROR, severity=HIGH, message='No detailed debug message due to a non-debug context'
[08:37:00] [Render thread/INFO]: OpenGL debug message: id=1005, source=API, type=ERROR, severity=HIGH, message='No detailed debug message due to a non-debug context'
[08:37:00] [Render thread/INFO]: OpenGL debug message: id=1005, source=API, type=ERROR, severity=HIGH, message='No detailed debug message due to a non-debug context'
[08:37:00] [Render thread/INFO]: OpenGL debug message: id=1005, source=API, type=ERROR, severity=HIGH, message='No detailed debug message due to a non-debug context'
[08:37:00] [Render thread/INFO]: OpenGL debug message: id=1005, source=API, type=ERROR, severity=HIGH, message='No detailed debug message due to a non-debug context'
[08:37:00] [Render thread/INFO]: OpenGL debug message: id=1005, source=API, type=ERROR, severity=HIGH, message='No detailed debug message due to a non-debug context'
[08:37:00] [Render thread/INFO]: OpenGL debug message: id=1005, source=API, type=ERROR, severity=HIGH, message='No detailed debug message due to a non-debug context'
[08:37:00] [Render thread/INFO]: OpenGL debug message: id=1005, source=API, type=ERROR, severity=HIGH, message='No detailed debug message due to a non-debug context'
[08:37:00] [Render thread/INFO]: OpenGL debug message: id=1005, source=API, type=ERROR, severity=HIGH, message='No detailed debug message due to a non-debug context'
[08:37:00] [Render thread/INFO]: OpenGL debug message: id=1005, source=API, type=ERROR, severity=HIGH, message='No detailed debug message due to a non-debug context'
[08:37:00] [Render thread/INFO]: OpenGL debug message: id=1005, source=API, type=ERROR, severity=HIGH, message='No detailed debug message due to a non-debug context'
[08:37:00] [Render thread/INFO]: OpenGL debug message: id=1005, source=API, type=ERROR, severity=HIGH, message='No detailed debug message due to a non-debug context'
[08:37:00] [Render thread/INFO]: OpenGL debug message: id=1005, source=API, type=ERROR, severity=HIGH, message='No detailed debug message due to a non-debug context'
[08:37:00] [Render thread/INFO]: OpenGL debug message: id=1005, source=API, type=ERROR, severity=HIGH, message='No detailed debug message due to a non-debug context'
[08:37:00] [Render thread/INFO]: OpenGL debug message: id=1005, source=API, type=ERROR, severity=HIGH, message='No detailed debug message due to a non-debug context'
[08:37:00] [Render thread/INFO]: OpenGL debug message: id=1005, source=API, type=ERROR, severity=HIGH, message='No detailed debug message due to a non-debug context'
[08:37:00] [Render thread/INFO]: OpenGL debug message: id=1005, source=API, type=ERROR, severity=HIGH, message='No detailed debug message due to a non-debug context'
[08:37:00] [Render thread/INFO]: OpenGL debug message: id=1005, source=API, type=ERROR, severity=HIGH, message='No detailed debug message due to a non-debug context'
[08:37:00] [Render thread/INFO]: OpenGL debug message: id=1005, source=API, type=ERROR, severity=HIGH, message='No detailed debug message due to a non-debug context'
[08:37:00] [Render thread/INFO]: OpenGL debug message: id=1005, source=API, type=ERROR, severity=HIGH, message='No detailed debug message due to a non-debug context'
[08:37:00] [Render thread/INFO]: OpenGL debug message: id=1005, source=API, type=ERROR, severity=HIGH, message='No detailed debug message due to a non-debug context'
[08:37:00] [Render thread/INFO]: OpenGL debug message: id=1005, source=API, type=ERROR, severity=HIGH, message='No detailed debug message due to a non-debug context'
[08:37:00] [Render thread/INFO]: OpenGL debug message: id=1005, source=API, type=ERROR, severity=HIGH, message='No detailed debug message due to a non-debug context'
[08:37:00] [Render thread/INFO]: OpenGL debug message: id=1005, source=API, type=ERROR, severity=HIGH, message='No detailed debug message due to a non-debug context'
[08:37:00] [Render thread/INFO]: OpenGL debug message: id=1005, source=API, type=ERROR, severity=HIGH, message='No detailed debug message due to a non-debug context'
[08:37:00] [Render thread/INFO]: OpenGL debug message: id=1005, source=API, type=ERROR, severity=HIGH, message='No detailed debug message due to a non-debug context'
[08:37:00] [Render thread/INFO]: OpenGL debug message: id=1005, source=API, type=ERROR, severity=HIGH, message='No detailed debug message due to a non-debug context'
[08:37:00] [Render thread/INFO]: OpenGL debug message: id=1005, source=API, type=ERROR, severity=HIGH, message='No detailed debug message due to a non-debug context'
[08:37:00] [Render thread/INFO]: OpenGL debug message: id=1005, source=API, type=ERROR, severity=HIGH, message='No detailed debug message due to a non-debug context'
[08:37:00] [Render thread/INFO]: OpenGL debug message: id=1005, source=API, type=ERROR, severity=HIGH, message='No detailed debug message due to a non-debug context'
[08:37:00] [Render thread/INFO]: OpenGL debug message: id=1005, source=API, type=ERROR, severity=HIGH, message='No detailed debug message due to a non-debug context'
[08:37:00] [Render thread/INFO]: OpenGL debug message: id=1005, source=API, type=ERROR, severity=HIGH, message='No detailed debug message due to a non-debug context'
[08:37:00] [Render thread/INFO]: OpenGL debug message: id=1005, source=API, type=ERROR, severity=HIGH, message='No detailed debug message due to a non-debug context'
[08:37:00] [Render thread/INFO]: OpenGL debug message: id=1005, source=API, type=ERROR, severity=HIGH, message='No detailed debug message due to a non-debug context'
[08:37:00] [Render thread/INFO]: OpenGL debug message: id=1005, source=API, type=ERROR, severity=HIGH, message='No detailed debug message due to a non-debug context'
[08:37:00] [Render thread/INFO]: OpenGL debug message: id=1005, source=API, type=ERROR, severity=HIGH, message='No detailed debug message due to a non-debug context'
[08:37:00] [Render thread/INFO]: OpenGL debug message: id=1005, source=API, type=ERROR, severity=HIGH, message='No detailed debug message due to a non-debug context'
[08:37:00] [Render thread/INFO]: OpenGL debug message: id=1005, source=API, type=ERROR, severity=HIGH, message='No detailed debug message due to a non-debug context'
[08:37:00] [Render thread/INFO]: OpenGL debug message: id=1005, source=API, type=ERROR, severity=HIGH, message='No detailed debug message due to a non-debug context'
[08:37:00] [Render thread/INFO]: OpenGL debug message: id=1005, source=API, type=ERROR, severity=HIGH, message='No detailed debug message due to a non-debug context'
[08:37:00] [Render thread/INFO]: OpenGL debug message: id=1005, source=API, type=ERROR, severity=HIGH, message='No detailed debug message due to a non-debug context'
[08:37:00] [Render thread/INFO]: OpenGL debug message: id=1005, source=API, type=ERROR, severity=HIGH, message='No detailed debug message due to a non-debug context'
[08:37:00] [Render thread/INFO]: OpenGL debug message: id=1005, source=API, type=ERROR, severity=HIGH, message='No detailed debug message due to a non-debug context'
[08:37:00] [Render thread/INFO]: OpenGL debug message: id=1005, source=API, type=ERROR, severity=HIGH, message='No detailed debug message due to a non-debug context'
[08:37:00] [Render thread/INFO]: OpenGL debug message: id=1005, source=API, type=ERROR, severity=HIGH, message='No detailed debug message due to a non-debug context'
[08:37:00] [Render thread/INFO]: OpenGL debug message: id=1005, source=API, type=ERROR, severity=HIGH, message='No detailed debug message due to a non-debug context'
[08:37:00] [Render thread/INFO]: OpenGL debug message: id=1005, source=API, type=ERROR, severity=HIGH, message='No detailed debug message due to a non-debug context'
[08:37:00] [Render thread/INFO]: OpenGL debug message: id=1005, source=API, type=ERROR, severity=HIGH, message='No detailed debug message due to a non-debug context'
[08:37:00] [Render thread/INFO]: OpenGL debug message: id=1005, source=API, type=ERROR, severity=HIGH, message='No detailed debug message due to a non-debug context'
[08:37:00] [Render thread/INFO]: OpenGL debug message: id=1005, source=API, type=ERROR, severity=HIGH, message='No detailed debug message due to a non-debug context'
[08:37:00] [Render thread/INFO]: OpenGL debug message: id=1005, source=API, type=ERROR, severity=HIGH, message='No detailed debug message due to a non-debug context'
[08:37:00] [Render thread/INFO]: OpenGL debug message: id=1005, source=API, type=ERROR, severity=HIGH, message='No detailed debug message due to a non-debug context'
[08:37:01] [Render thread/INFO]: OpenGL debug message: id=1005, source=API, type=ERROR, severity=HIGH, message='No detailed debug message due to a non-debug context'
[08:37:01] [Render thread/INFO]: OpenGL debug message: id=1005, source=API, type=ERROR, severity=HIGH, message='No detailed debug message due to a non-debug context'
[08:37:01] [Render thread/INFO]: OpenGL debug message: id=1005, source=API, type=ERROR, severity=HIGH, message='No detailed debug message due to a non-debug context'
[08:37:01] [Render thread/INFO]: OpenGL debug message: id=1005, source=API, type=ERROR, severity=HIGH, message='No detailed debug message due to a non-debug context'
[08:37:01] [Render thread/INFO]: OpenGL debug message: id=1005, source=API, type=ERROR, severity=HIGH, message='No detailed debug message due to a non-debug context'
[08:37:01] [Render thread/INFO]: OpenGL debug message: id=1005, source=API, type=ERROR, severity=HIGH, message='No detailed debug message due to a non-debug context'
[08:37:01] [Render thread/INFO]: OpenGL debug message: id=1005, source=API, type=ERROR, severity=HIGH, message='No detailed debug message due to a non-debug context'
[08:37:01] [Render thread/INFO]: OpenGL debug message: id=1005, source=API, type=ERROR, severity=HIGH, message='No detailed debug message due to a non-debug context'
[08:37:01] [Render thread/INFO]: OpenGL debug message: id=1005, source=API, type=ERROR, severity=HIGH, message='No detailed debug message due to a non-debug context'
[08:37:01] [Render thread/INFO]: OpenGL debug message: id=1005, source=API, type=ERROR, severity=HIGH, message='No detailed debug message due to a non-debug context'
[08:37:01] [Render thread/INFO]: OpenGL debug message: id=1005, source=API, type=ERROR, severity=HIGH, message='No detailed debug message due to a non-debug context'
[08:37:01] [Render thread/INFO]: OpenGL debug message: id=1005, source=API, type=ERROR, severity=HIGH, message='No detailed debug message due to a non-debug context'
[08:37:01] [Render thread/INFO]: OpenGL debug message: id=1005, source=API, type=ERROR, severity=HIGH, message='No detailed debug message due to a non-debug context'
[08:37:01] [Render thread/INFO]: OpenGL debug message: id=1005, source=API, type=ERROR, severity=HIGH, message='No detailed debug message due to a non-debug context'
[08:37:01] [Render thread/INFO]: OpenGL debug message: id=1005, source=API, type=ERROR, severity=HIGH, message='No detailed debug message due to a non-debug context'
[08:37:01] [Render thread/INFO]: OpenGL debug message: id=1005, source=API, type=ERROR, severity=HIGH, message='No detailed debug message due to a non-debug context'
[08:37:01] [Render thread/INFO]: OpenGL debug message: id=1005, source=API, type=ERROR, severity=HIGH, message='No detailed debug message due to a non-debug context'
[08:37:01] [Render thread/INFO]: OpenGL debug message: id=1005, source=API, type=ERROR, severity=HIGH, message='No detailed debug message due to a non-debug context'
[08:37:01] [Render thread/INFO]: OpenGL debug message: id=1005, source=API, type=ERROR, severity=HIGH, message='No detailed debug message due to a non-debug context'
[08:37:01] [Render thread/INFO]: OpenGL debug message: id=1005, source=API, type=ERROR, severity=HIGH, message='No detailed debug message due to a non-debug context'
[08:37:01] [Render thread/INFO]: OpenGL debug message: id=1005, source=API, type=ERROR, severity=HIGH, message='No detailed debug message due to a non-debug context'
[08:37:01] [Render thread/INFO]: OpenGL debug message: id=1005, source=API, type=ERROR, severity=HIGH, message='No detailed debug message due to a non-debug context'
[08:37:01] [Render thread/INFO]: OpenGL debug message: id=1005, source=API, type=ERROR, severity=HIGH, message='No detailed debug message due to a non-debug context'
[08:37:01] [Render thread/INFO]: OpenGL debug message: id=1005, source=API, type=ERROR, severity=HIGH, message='No detailed debug message due to a non-debug context'
[08:37:01] [Render thread/INFO]: OpenGL debug message: id=1005, source=API, type=ERROR, severity=HIGH, message='No detailed debug message due to a non-debug context'
[08:37:01] [Render thread/INFO]: OpenGL debug message: id=1005, source=API, type=ERROR, severity=HIGH, message='No detailed debug message due to a non-debug context'
[08:37:01] [Render thread/INFO]: OpenGL debug message: id=1005, source=API, type=ERROR, severity=HIGH, message='No detailed debug message due to a non-debug context'
[08:37:01] [Render thread/INFO]: OpenGL debug message: id=1005, source=API, type=ERROR, severity=HIGH, message='No detailed debug message due to a non-debug context'
[08:37:01] [Render thread/INFO]: OpenGL debug message: id=1005, source=API, type=ERROR, severity=HIGH, message='No detailed debug message due to a non-debug context'
[08:37:01] [Render thread/INFO]: OpenGL debug message: id=1005, source=API, type=ERROR, severity=HIGH, message='No detailed debug message due to a non-debug context'
[08:37:01] [Render thread/INFO]: OpenGL debug message: id=1005, source=API, type=ERROR, severity=HIGH, message='No detailed debug message due to a non-debug context'
[08:37:01] [Render thread/INFO]: OpenGL debug message: id=1005, source=API, type=ERROR, severity=HIGH, message='No detailed debug message due to a non-debug context'
[08:37:01] [Render thread/INFO]: OpenGL debug message: id=1005, source=API, type=ERROR, severity=HIGH, message='No detailed debug message due to a non-debug context'
[08:37:01] [Render thread/INFO]: OpenGL debug message: id=1005, source=API, type=ERROR, severity=HIGH, message='No detailed debug message due to a non-debug context'
[08:37:01] [Render thread/INFO]: OpenGL debug message: id=1005, source=API, type=ERROR, severity=HIGH, message='No detailed debug message due to a non-debug context'
[08:37:01] [Render thread/INFO]: OpenGL debug message: id=1005, source=API, type=ERROR, severity=HIGH, message='No detailed debug message due to a non-debug context'
[08:37:01] [Render thread/INFO]: OpenGL debug message: id=1005, source=API, type=ERROR, severity=HIGH, message='No detailed debug message due to a non-debug context'
[08:37:01] [Render thread/INFO]: OpenGL debug message: id=1005, source=API, type=ERROR, severity=HIGH, message='No detailed debug message due to a non-debug context'
[08:37:01] [Render thread/INFO]: OpenGL debug message: id=1005, source=API, type=ERROR, severity=HIGH, message='No detailed debug message due to a non-debug context'
[08:37:01] [Render thread/INFO]: OpenGL debug message: id=1005, source=API, type=ERROR, severity=HIGH, message='No detailed debug message due to a non-debug context'
[08:37:01] [Render thread/INFO]: OpenGL debug message: id=1005, source=API, type=ERROR, severity=HIGH, message='No detailed debug message due to a non-debug context'
[08:37:01] [Render thread/INFO]: OpenGL debug message: id=1005, source=API, type=ERROR, severity=HIGH, message='No detailed debug message due to a non-debug context'
[08:37:01] [Render thread/INFO]: OpenGL debug message: id=1005, source=API, type=ERROR, severity=HIGH, message='No detailed debug message due to a non-debug context'
[08:37:01] [Render thread/INFO]: OpenGL debug message: id=1005, source=API, type=ERROR, severity=HIGH, message='No detailed debug message due to a non-debug context'
[08:37:01] [Render thread/INFO]: OpenGL debug message: id=1005, source=API, type=ERROR, severity=HIGH, message='No detailed debug message due to a non-debug context'
[08:37:01] [Render thread/INFO]: OpenGL debug message: id=1005, source=API, type=ERROR, severity=HIGH, message='No detailed debug message due to a non-debug context'
[08:37:01] [Render thread/INFO]: OpenGL debug message: id=1005, source=API, type=ERROR, severity=HIGH, message='No detailed debug message due to a non-debug context'
[08:37:01] [Render thread/INFO]: OpenGL debug message: id=1005, source=API, type=ERROR, severity=HIGH, message='No detailed debug message due to a non-debug context'
[08:37:01] [Render thread/INFO]: OpenGL debug message: id=1005, source=API, type=ERROR, severity=HIGH, message='No detailed debug message due to a non-debug context'
[08:37:01] [Render thread/INFO]: OpenGL debug message: id=1005, source=API, type=ERROR, severity=HIGH, message='No detailed debug message due to a non-debug context'
[08:37:01] [Render thread/INFO]: OpenGL debug message: id=1005, source=API, type=ERROR, severity=HIGH, message='No detailed debug message due to a non-debug context'
[08:37:01] [Render thread/INFO]: OpenGL debug message: id=1005, source=API, type=ERROR, severity=HIGH, message='No detailed debug message due to a non-debug context'
[08:37:01] [Render thread/INFO]: OpenGL debug message: id=1005, source=API, type=ERROR, severity=HIGH, message='No detailed debug message due to a non-debug context'
[08:37:01] [Render thread/INFO]: OpenGL debug message: id=1005, source=API, type=ERROR, severity=HIGH, message='No detailed debug message due to a non-debug context'
[08:37:01] [Render thread/INFO]: OpenGL debug message: id=1005, source=API, type=ERROR, severity=HIGH, message='No detailed debug message due to a non-debug context'
[08:37:01] [Render thread/INFO]: OpenGL debug message: id=1005, source=API, type=ERROR, severity=HIGH, message='No detailed debug message due to a non-debug context'
[08:37:01] [Render thread/INFO]: OpenGL debug message: id=1005, source=API, type=ERROR, severity=HIGH, message='No detailed debug message due to a non-debug context'
[08:37:01] [Render thread/INFO]: OpenGL debug message: id=1005, source=API, type=ERROR, severity=HIGH, message='No detailed debug message due to a non-debug context'
[08:37:01] [Render thread/INFO]: OpenGL debug message: id=1005, source=API, type=ERROR, severity=HIGH, message='No detailed debug message due to a non-debug context'
[08:37:02] [Render thread/INFO]: OpenGL debug message: id=1005, source=API, type=ERROR, severity=HIGH, message='No detailed debug message due to a non-debug context'
[08:37:02] [Render thread/INFO]: OpenGL debug message: id=1005, source=API, type=ERROR, severity=HIGH, message='No detailed debug message due to a non-debug context'
[08:37:02] [Render thread/INFO]: OpenGL debug message: id=1005, source=API, type=ERROR, severity=HIGH, message='No detailed debug message due to a non-debug context'
[08:37:02] [Render thread/INFO]: OpenGL debug message: id=1005, source=API, type=ERROR, severity=HIGH, message='No detailed debug message due to a non-debug context'
[08:37:02] [Render thread/INFO]: OpenGL debug message: id=1005, source=API, type=ERROR, severity=HIGH, message='No detailed debug message due to a non-debug context'
[08:37:02] [Render thread/INFO]: OpenGL debug message: id=1005, source=API, type=ERROR, severity=HIGH, message='No detailed debug message due to a non-debug context'
[08:37:02] [Render thread/INFO]: OpenGL debug message: id=1005, source=API, type=ERROR, severity=HIGH, message='No detailed debug message due to a non-debug context'
[08:37:02] [Render thread/INFO]: OpenGL debug message: id=1005, source=API, type=ERROR, severity=HIGH, message='No detailed debug message due to a non-debug context'
[08:37:02] [Render thread/INFO]: OpenGL debug message: id=1005, source=API, type=ERROR, severity=HIGH, message='No detailed debug message due to a non-debug context'
[08:37:02] [Render thread/INFO]: OpenGL debug message: id=1005, source=API, type=ERROR, severity=HIGH, message='No detailed debug message due to a non-debug context'
[08:37:02] [Render thread/INFO]: OpenGL debug message: id=1005, source=API, type=ERROR, severity=HIGH, message='No detailed debug message due to a non-debug context'
[08:37:02] [Render thread/INFO]: OpenGL debug message: id=1005, source=API, type=ERROR, severity=HIGH, message='No detailed debug message due to a non-debug context'
[08:37:02] [Render thread/INFO]: OpenGL debug message: id=1005, source=API, type=ERROR, severity=HIGH, message='No detailed debug message due to a non-debug context'
[08:37:02] [Render thread/INFO]: OpenGL debug message: id=1005, source=API, type=ERROR, severity=HIGH, message='No detailed debug message due to a non-debug context'
[08:37:02] [Render thread/INFO]: OpenGL debug message: id=1005, source=API, type=ERROR, severity=HIGH, message='No detailed debug message due to a non-debug context'
[08:37:02] [Render thread/INFO]: OpenGL debug message: id=1005, source=API, type=ERROR, severity=HIGH, message='No detailed debug message due to a non-debug context'
[08:37:02] [Render thread/INFO]: OpenGL debug message: id=1005, source=API, type=ERROR, severity=HIGH, message='No detailed debug message due to a non-debug context'
[08:37:02] [Render thread/INFO]: OpenGL debug message: id=1005, source=API, type=ERROR, severity=HIGH, message='No detailed debug message due to a non-debug context'
[08:37:02] [Render thread/INFO]: OpenGL debug message: id=1005, source=API, type=ERROR, severity=HIGH, message='No detailed debug message due to a non-debug context'
[08:37:02] [Render thread/INFO]: OpenGL debug message: id=1005, source=API, type=ERROR, severity=HIGH, message='No detailed debug message due to a non-debug context'
[08:37:02] [Render thread/INFO]: OpenGL debug message: id=1005, source=API, type=ERROR, severity=HIGH, message='No detailed debug message due to a non-debug context'
[08:37:02] [Render thread/INFO]: OpenGL debug message: id=1005, source=API, type=ERROR, severity=HIGH, message='No detailed debug message due to a non-debug context'
[08:37:02] [Render thread/INFO]: OpenGL debug message: id=1005, source=API, type=ERROR, severity=HIGH, message='No detailed debug message due to a non-debug context'
[08:37:02] [Render thread/INFO]: OpenGL debug message: id=1005, source=API, type=ERROR, severity=HIGH, message='No detailed debug message due to a non-debug context'
[08:37:02] [Render thread/INFO]: OpenGL debug message: id=1005, source=API, type=ERROR, severity=HIGH, message='No detailed debug message due to a non-debug context'
[08:37:02] [Render thread/INFO]: OpenGL debug message: id=1005, source=API, type=ERROR, severity=HIGH, message='No detailed debug message due to a non-debug context'
[08:37:02] [Render thread/INFO]: OpenGL debug message: id=1005, source=API, type=ERROR, severity=HIGH, message='No detailed debug message due to a non-debug context'
[08:37:02] [Render thread/INFO]: OpenGL debug message: id=1005, source=API, type=ERROR, severity=HIGH, message='No detailed debug message due to a non-debug context'
[08:37:02] [Render thread/INFO]: OpenGL debug message: id=1005, source=API, type=ERROR, severity=HIGH, message='No detailed debug message due to a non-debug context'
[08:37:02] [Render thread/INFO]: OpenGL debug message: id=1005, source=API, type=ERROR, severity=HIGH, message='No detailed debug message due to a non-debug context'
[08:37:02] [Render thread/INFO]: OpenGL debug message: id=1005, source=API, type=ERROR, severity=HIGH, message='No detailed debug message due to a non-debug context'
[08:37:02] [Render thread/INFO]: OpenGL debug message: id=1005, source=API, type=ERROR, severity=HIGH, message='No detailed debug message due to a non-debug context'
[08:37:02] [Render thread/INFO]: OpenGL debug message: id=1005, source=API, type=ERROR, severity=HIGH, message='No detailed debug message due to a non-debug context'
[08:37:02] [Render thread/INFO]: OpenGL debug message: id=1005, source=API, type=ERROR, severity=HIGH, message='No detailed debug message due to a non-debug context'
[08:37:02] [Render thread/INFO]: OpenGL debug message: id=1005, source=API, type=ERROR, severity=HIGH, message='No detailed debug message due to a non-debug context'
[08:37:02] [Render thread/INFO]: OpenGL debug message: id=1005, source=API, type=ERROR, severity=HIGH, message='No detailed debug message due to a non-debug context'
[08:37:02] [Render thread/INFO]: OpenGL debug message: id=1005, source=API, type=ERROR, severity=HIGH, message='No detailed debug message due to a non-debug context'
[08:37:02] [Render thread/INFO]: OpenGL debug message: id=1005, source=API, type=ERROR, severity=HIGH, message='No detailed debug message due to a non-debug context'
[08:37:02] [Render thread/INFO]: OpenGL debug message: id=1005, source=API, type=ERROR, severity=HIGH, message='No detailed debug message due to a non-debug context'
[08:37:02] [Render thread/INFO]: OpenGL debug message: id=1005, source=API, type=ERROR, severity=HIGH, message='No detailed debug message due to a non-debug context'
[08:37:02] [Render thread/INFO]: OpenGL debug message: id=1005, source=API, type=ERROR, severity=HIGH, message='No detailed debug message due to a non-debug context'
[08:37:02] [Render thread/INFO]: OpenGL debug message: id=1005, source=API, type=ERROR, severity=HIGH, message='No detailed debug message due to a non-debug context'
[08:37:02] [Render thread/INFO]: OpenGL debug message: id=1005, source=API, type=ERROR, severity=HIGH, message='No detailed debug message due to a non-debug context'
[08:37:02] [Render thread/INFO]: OpenGL debug message: id=1005, source=API, type=ERROR, severity=HIGH, message='No detailed debug message due to a non-debug context'
[08:37:02] [Render thread/INFO]: OpenGL debug message: id=1005, source=API, type=ERROR, severity=HIGH, message='No detailed debug message due to a non-debug context'
[08:37:02] [Render thread/INFO]: OpenGL debug message: id=1005, source=API, type=ERROR, severity=HIGH, message='No detailed debug message due to a non-debug context'
[08:37:02] [Render thread/INFO]: OpenGL debug message: id=1005, source=API, type=ERROR, severity=HIGH, message='No detailed debug message due to a non-debug context'
[08:37:02] [Render thread/INFO]: OpenGL debug message: id=1005, source=API, type=ERROR, severity=HIGH, message='No detailed debug message due to a non-debug context'
[08:37:02] [Render thread/INFO]: OpenGL debug message: id=1005, source=API, type=ERROR, severity=HIGH, message='No detailed debug message due to a non-debug context'
[08:37:02] [Render thread/INFO]: OpenGL debug message: id=1005, source=API, type=ERROR, severity=HIGH, message='No detailed debug message due to a non-debug context'
[08:37:02] [Render thread/INFO]: OpenGL debug message: id=1005, source=API, type=ERROR, severity=HIGH, message='No detailed debug message due to a non-debug context'
[08:37:02] [Render thread/INFO]: OpenGL debug message: id=1005, source=API, type=ERROR, severity=HIGH, message='No detailed debug message due to a non-debug context'
[08:37:02] [Render thread/INFO]: OpenGL debug message: id=1005, source=API, type=ERROR, severity=HIGH, message='No detailed debug message due to a non-debug context'
[08:37:02] [Render thread/INFO]: OpenGL debug message: id=1005, source=API, type=ERROR, severity=HIGH, message='No detailed debug message due to a non-debug context'
[08:37:02] [Render thread/INFO]: OpenGL debug message: id=1005, source=API, type=ERROR, severity=HIGH, message='No detailed debug message due to a non-debug context'
[08:37:02] [Render thread/INFO]: OpenGL debug message: id=1005, source=API, type=ERROR, severity=HIGH, message='No detailed debug message due to a non-debug context'
[08:37:02] [Render thread/INFO]: OpenGL debug message: id=1005, source=API, type=ERROR, severity=HIGH, message='No detailed debug message due to a non-debug context'
[08:37:02] [Render thread/INFO]: OpenGL debug message: id=1005, source=API, type=ERROR, severity=HIGH, message='No detailed debug message due to a non-debug context'
[08:37:02] [Render thread/INFO]: OpenGL debug message: id=1005, source=API, type=ERROR, severity=HIGH, message='No detailed debug message due to a non-debug context'
[08:37:02] [Render thread/INFO]: OpenGL debug message: id=1005, source=API, type=ERROR, severity=HIGH, message='No detailed debug message due to a non-debug context'
[08:37:03] [Render thread/INFO]: OpenGL debug message: id=1005, source=API, type=ERROR, severity=HIGH, message='No detailed debug message due to a non-debug context'
[08:37:03] [Render thread/INFO]: OpenGL debug message: id=1005, source=API, type=ERROR, severity=HIGH, message='No detailed debug message due to a non-debug context'
[08:37:03] [Render thread/INFO]: OpenGL debug message: id=1005, source=API, type=ERROR, severity=HIGH, message='No detailed debug message due to a non-debug context'
[08:37:03] [Render thread/INFO]: OpenGL debug message: id=1005, source=API, type=ERROR, severity=HIGH, message='No detailed debug message due to a non-debug context'
[08:37:03] [Render thread/INFO]: OpenGL debug message: id=1005, source=API, type=ERROR, severity=HIGH, message='No detailed debug message due to a non-debug context'
[08:37:03] [Render thread/INFO]: OpenGL debug message: id=1005, source=API, type=ERROR, severity=HIGH, message='No detailed debug message due to a non-debug context'
[08:37:03] [Render thread/INFO]: OpenGL debug message: id=1005, source=API, type=ERROR, severity=HIGH, message='No detailed debug message due to a non-debug context'
[08:37:03] [Render thread/INFO]: OpenGL debug message: id=1005, source=API, type=ERROR, severity=HIGH, message='No detailed debug message due to a non-debug context'
[08:37:03] [Render thread/INFO]: OpenGL debug message: id=1005, source=API, type=ERROR, severity=HIGH, message='No detailed debug message due to a non-debug context'
[08:37:03] [Render thread/INFO]: OpenGL debug message: id=1005, source=API, type=ERROR, severity=HIGH, message='No detailed debug message due to a non-debug context'
[08:37:03] [Render thread/INFO]: OpenGL debug message: id=1005, source=API, type=ERROR, severity=HIGH, message='No detailed debug message due to a non-debug context'
[08:37:03] [Render thread/INFO]: OpenGL debug message: id=1005, source=API, type=ERROR, severity=HIGH, message='No detailed debug message due to a non-debug context'
[08:37:03] [Render thread/INFO]: OpenGL debug message: id=1005, source=API, type=ERROR, severity=HIGH, message='No detailed debug message due to a non-debug context'
[08:37:03] [Render thread/INFO]: OpenGL debug message: id=1005, source=API, type=ERROR, severity=HIGH, message='No detailed debug message due to a non-debug context'
[08:37:03] [Render thread/INFO]: OpenGL debug message: id=1005, source=API, type=ERROR, severity=HIGH, message='No detailed debug message due to a non-debug context'
[08:37:03] [Render thread/INFO]: OpenGL debug message: id=1005, source=API, type=ERROR, severity=HIGH, message='No detailed debug message due to a non-debug context'
[08:37:03] [Render thread/INFO]: OpenGL debug message: id=1005, source=API, type=ERROR, severity=HIGH, message='No detailed debug message due to a non-debug context'
[08:37:03] [Render thread/INFO]: OpenGL debug message: id=1005, source=API, type=ERROR, severity=HIGH, message='No detailed debug message due to a non-debug context'
[08:37:03] [Render thread/INFO]: OpenGL debug message: id=1005, source=API, type=ERROR, severity=HIGH, message='No detailed debug message due to a non-debug context'
[08:37:03] [Render thread/INFO]: OpenGL debug message: id=1005, source=API, type=ERROR, severity=HIGH, message='No detailed debug message due to a non-debug context'
[08:37:03] [Render thread/INFO]: OpenGL debug message: id=1005, source=API, type=ERROR, severity=HIGH, message='No detailed debug message due to a non-debug context'
[08:37:03] [Render thread/INFO]: OpenGL debug message: id=1005, source=API, type=ERROR, severity=HIGH, message='No detailed debug message due to a non-debug context'
[08:37:03] [Render thread/INFO]: OpenGL debug message: id=1005, source=API, type=ERROR, severity=HIGH, message='No detailed debug message due to a non-debug context'
[08:37:03] [Render thread/INFO]: OpenGL debug message: id=1005, source=API, type=ERROR, severity=HIGH, message='No detailed debug message due to a non-debug context'
[08:37:03] [Render thread/INFO]: OpenGL debug message: id=1005, source=API, type=ERROR, severity=HIGH, message='No detailed debug message due to a non-debug context'
[08:37:03] [Render thread/INFO]: OpenGL debug message: id=1005, source=API, type=ERROR, severity=HIGH, message='No detailed debug message due to a non-debug context'
[08:37:03] [Render thread/INFO]: OpenGL debug message: id=1005, source=API, type=ERROR, severity=HIGH, message='No detailed debug message due to a non-debug context'
[08:37:03] [Render thread/INFO]: OpenGL debug message: id=1005, source=API, type=ERROR, severity=HIGH, message='No detailed debug message due to a non-debug context'
[08:37:03] [Render thread/INFO]: OpenGL debug message: id=1005, source=API, type=ERROR, severity=HIGH, message='No detailed debug message due to a non-debug context'
[08:37:03] [Render thread/INFO]: OpenGL debug message: id=1005, source=API, type=ERROR, severity=HIGH, message='No detailed debug message due to a non-debug context'
[08:37:03] [Render thread/INFO]: OpenGL debug message: id=1005, source=API, type=ERROR, severity=HIGH, message='No detailed debug message due to a non-debug context'
[08:37:03] [Render thread/INFO]: OpenGL debug message: id=1005, source=API, type=ERROR, severity=HIGH, message='No detailed debug message due to a non-debug context'
[08:37:03] [Render thread/INFO]: OpenGL debug message: id=1005, source=API, type=ERROR, severity=HIGH, message='No detailed debug message due to a non-debug context'
[08:37:03] [Render thread/INFO]: OpenGL debug message: id=1005, source=API, type=ERROR, severity=HIGH, message='No detailed debug message due to a non-debug context'
[08:37:03] [Render thread/INFO]: OpenGL debug message: id=1005, source=API, type=ERROR, severity=HIGH, message='No detailed debug message due to a non-debug context'
[08:37:03] [Render thread/INFO]: OpenGL debug message: id=1005, source=API, type=ERROR, severity=HIGH, message='No detailed debug message due to a non-debug context'
[08:37:03] [Render thread/INFO]: OpenGL debug message: id=1005, source=API, type=ERROR, severity=HIGH, message='No detailed debug message due to a non-debug context'
[08:37:03] [Render thread/INFO]: OpenGL debug message: id=1005, source=API, type=ERROR, severity=HIGH, message='No detailed debug message due to a non-debug context'
[08:37:03] [Render thread/INFO]: OpenGL debug message: id=1005, source=API, type=ERROR, severity=HIGH, message='No detailed debug message due to a non-debug context'
[08:37:03] [Render thread/INFO]: OpenGL debug message: id=1005, source=API, type=ERROR, severity=HIGH, message='No detailed debug message due to a non-debug context'
[08:37:03] [Render thread/INFO]: OpenGL debug message: id=1005, source=API, type=ERROR, severity=HIGH, message='No detailed debug message due to a non-debug context'
[08:37:03] [Render thread/INFO]: OpenGL debug message: id=1005, source=API, type=ERROR, severity=HIGH, message='No detailed debug message due to a non-debug context'
[08:37:03] [Render thread/INFO]: OpenGL debug message: id=1005, source=API, type=ERROR, severity=HIGH, message='No detailed debug message due to a non-debug context'
[08:37:03] [Render thread/INFO]: OpenGL debug message: id=1005, source=API, type=ERROR, severity=HIGH, message='No detailed debug message due to a non-debug context'
[08:37:03] [Render thread/INFO]: OpenGL debug message: id=1005, source=API, type=ERROR, severity=HIGH, message='No detailed debug message due to a non-debug context'
[08:37:03] [Render thread/INFO]: OpenGL debug message: id=1005, source=API, type=ERROR, severity=HIGH, message='No detailed debug message due to a non-debug context'
[08:37:03] [Render thread/INFO]: OpenGL debug message: id=1005, source=API, type=ERROR, severity=HIGH, message='No detailed debug message due to a non-debug context'
[08:37:03] [Render thread/INFO]: OpenGL debug message: id=1005, source=API, type=ERROR, severity=HIGH, message='No detailed debug message due to a non-debug context'
[08:37:03] [Render thread/INFO]: OpenGL debug message: id=1005, source=API, type=ERROR, severity=HIGH, message='No detailed debug message due to a non-debug context'
[08:37:03] [Render thread/INFO]: OpenGL debug message: id=1005, source=API, type=ERROR, severity=HIGH, message='No detailed debug message due to a non-debug context'
[08:37:03] [Render thread/INFO]: OpenGL debug message: id=1005, source=API, type=ERROR, severity=HIGH, message='No detailed debug message due to a non-debug context'
[08:37:03] [Render thread/INFO]: OpenGL debug message: id=1005, source=API, type=ERROR, severity=HIGH, message='No detailed debug message due to a non-debug context'
[08:37:03] [Render thread/INFO]: OpenGL debug message: id=1005, source=API, type=ERROR, severity=HIGH, message='No detailed debug message due to a non-debug context'
[08:37:03] [Render thread/INFO]: OpenGL debug message: id=1005, source=API, type=ERROR, severity=HIGH, message='No detailed debug message due to a non-debug context'
[08:37:03] [Render thread/INFO]: OpenGL debug message: id=1005, source=API, type=ERROR, severity=HIGH, message='No detailed debug message due to a non-debug context'
[08:37:03] [Render thread/INFO]: OpenGL debug message: id=1005, source=API, type=ERROR, severity=HIGH, message='No detailed debug message due to a non-debug context'
[08:37:03] [Render thread/INFO]: OpenGL debug message: id=1005, source=API, type=ERROR, severity=HIGH, message='No detailed debug message due to a non-debug context'
[08:37:03] [Render thread/INFO]: OpenGL debug message: id=1005, source=API, type=ERROR, severity=HIGH, message='No detailed debug message due to a non-debug context'
[08:37:04] [Render thread/INFO]: OpenGL debug message: id=1005, source=API, type=ERROR, severity=HIGH, message='No detailed debug message due to a non-debug context'
[08:37:04] [Render thread/INFO]: OpenGL debug message: id=1005, source=API, type=ERROR, severity=HIGH, message='No detailed debug message due to a non-debug context'
[08:37:04] [Render thread/INFO]: OpenGL debug message: id=1005, source=API, type=ERROR, severity=HIGH, message='No detailed debug message due to a non-debug context'
[08:37:04] [Render thread/INFO]: OpenGL debug message: id=1005, source=API, type=ERROR, severity=HIGH, message='No detailed debug message due to a non-debug context'
[08:37:04] [Render thread/INFO]: OpenGL debug message: id=1005, source=API, type=ERROR, severity=HIGH, message='No detailed debug message due to a non-debug context'
[08:37:04] [Render thread/INFO]: OpenGL debug message: id=1005, source=API, type=ERROR, severity=HIGH, message='No detailed debug message due to a non-debug context'
[08:37:04] [Render thread/INFO]: OpenGL debug message: id=1005, source=API, type=ERROR, severity=HIGH, message='No detailed debug message due to a non-debug context'
[08:37:04] [Render thread/INFO]: OpenGL debug message: id=1005, source=API, type=ERROR, severity=HIGH, message='No detailed debug message due to a non-debug context'
[08:37:04] [Render thread/INFO]: OpenGL debug message: id=1005, source=API, type=ERROR, severity=HIGH, message='No detailed debug message due to a non-debug context'
[08:37:04] [Render thread/INFO]: Loaded 51 advancements
[08:37:04] [Render thread/INFO]: OpenGL debug message: id=1005, source=API, type=ERROR, severity=HIGH, message='No detailed debug message due to a non-debug context'
[08:37:04] [Render thread/INFO]: OpenGL debug message: id=1005, source=API, type=ERROR, severity=HIGH, message='No detailed debug message due to a non-debug context'
[08:37:04] [Render thread/INFO]: OpenGL debug message: id=1005, source=API, type=ERROR, severity=HIGH, message='No detailed debug message due to a non-debug context'
[08:37:04] [Render thread/INFO]: OpenGL debug message: id=1005, source=API, type=ERROR, severity=HIGH, message='No detailed debug message due to a non-debug context'
[08:37:04] [Render thread/INFO]: OpenGL debug message: id=1005, source=API, type=ERROR, severity=HIGH, message='No detailed debug message due to a non-debug context'
[08:37:04] [Render thread/INFO]: OpenGL debug message: id=1005, source=API, type=ERROR, severity=HIGH, message='No detailed debug message due to a non-debug context'
[08:37:04] [Render thread/INFO]: OpenGL debug message: id=1005, source=API, type=ERROR, severity=HIGH, message='No detailed debug message due to a non-debug context'
[08:37:04] [Render thread/INFO]: OpenGL debug message: id=1005, source=API, type=ERROR, severity=HIGH, message='No detailed debug message due to a non-debug context'
[08:37:04] [Render thread/INFO]: OpenGL debug message: id=1005, source=API, type=ERROR, severity=HIGH, message='No detailed debug message due to a non-debug context'
[08:37:04] [Render thread/INFO]: OpenGL debug message: id=1005, source=API, type=ERROR, severity=HIGH, message='No detailed debug message due to a non-debug context'
[08:37:04] [Render thread/INFO]: OpenGL debug message: id=1005, source=API, type=ERROR, severity=HIGH, message='No detailed debug message due to a non-debug context'
[08:37:04] [Render thread/INFO]: OpenGL debug message: id=1005, source=API, type=ERROR, severity=HIGH, message='No detailed debug message due to a non-debug context'
[08:37:04] [Render thread/INFO]: OpenGL debug message: id=1005, source=API, type=ERROR, severity=HIGH, message='No detailed debug message due to a non-debug context'
[08:37:04] [Render thread/INFO]: OpenGL debug message: id=1005, source=API, type=ERROR, severity=HIGH, message='No detailed debug message due to a non-debug context'
[08:37:04] [Render thread/INFO]: OpenGL debug message: id=1005, source=API, type=ERROR, severity=HIGH, message='No detailed debug message due to a non-debug context'
[08:37:04] [Render thread/INFO]: OpenGL debug message: id=1005, source=API, type=ERROR, severity=HIGH, message='No detailed debug message due to a non-debug context'
[08:37:04] [Render thread/INFO]: OpenGL debug message: id=1005, source=API, type=ERROR, severity=HIGH, message='No detailed debug message due to a non-debug context'
[08:37:04] [Render thread/INFO]: OpenGL debug message: id=1005, source=API, type=ERROR, severity=HIGH, message='No detailed debug message due to a non-debug context'
[08:37:04] [Render thread/INFO]: OpenGL debug message: id=1005, source=API, type=ERROR, severity=HIGH, message='No detailed debug message due to a non-debug context'
[08:37:04] [Render thread/INFO]: OpenGL debug message: id=1005, source=API, type=ERROR, severity=HIGH, message='No detailed debug message due to a non-debug context'
[08:37:04] [Render thread/INFO]: OpenGL debug message: id=1005, source=API, type=ERROR, severity=HIGH, message='No detailed debug message due to a non-debug context'
[08:37:04] [Render thread/INFO]: OpenGL debug message: id=1005, source=API, type=ERROR, severity=HIGH, message='No detailed debug message due to a non-debug context'
[08:37:04] [Render thread/INFO]: OpenGL debug message: id=1005, source=API, type=ERROR, severity=HIGH, message='No detailed debug message due to a non-debug context'
[08:37:04] [Render thread/INFO]: OpenGL debug message: id=1005, source=API, type=ERROR, severity=HIGH, message='No detailed debug message due to a non-debug context'
[08:37:04] [Render thread/INFO]: OpenGL debug message: id=1005, source=API, type=ERROR, severity=HIGH, message='No detailed debug message due to a non-debug context'
[08:37:04] [Render thread/INFO]: OpenGL debug message: id=1005, source=API, type=ERROR, severity=HIGH, message='No detailed debug message due to a non-debug context'
[08:37:04] [Render thread/INFO]: OpenGL debug message: id=1005, source=API, type=ERROR, severity=HIGH, message='No detailed debug message due to a non-debug context'
[08:37:04] [Render thread/INFO]: OpenGL debug message: id=1005, source=API, type=ERROR, severity=HIGH, message='No detailed debug message due to a non-debug context'
[08:37:04] [Render thread/INFO]: OpenGL debug message: id=1005, source=API, type=ERROR, severity=HIGH, message='No detailed debug message due to a non-debug context'
[08:37:04] [Render thread/INFO]: OpenGL debug message: id=1005, source=API, type=ERROR, severity=HIGH, message='No detailed debug message due to a non-debug context'
[08:37:04] [Render thread/INFO]: OpenGL debug message: id=1005, source=API, type=ERROR, severity=HIGH, message='No detailed debug message due to a non-debug context'
[08:37:04] [Render thread/INFO]: OpenGL debug message: id=1005, source=API, type=ERROR, severity=HIGH, message='No detailed debug message due to a non-debug context'
[08:37:04] [Render thread/INFO]: OpenGL debug message: id=1005, source=API, type=ERROR, severity=HIGH, message='No detailed debug message due to a non-debug context'
[08:37:04] [Render thread/INFO]: OpenGL debug message: id=1005, source=API, type=ERROR, severity=HIGH, message='No detailed debug message due to a non-debug context'
[08:37:04] [Render thread/INFO]: OpenGL debug message: id=1005, source=API, type=ERROR, severity=HIGH, message='No detailed debug message due to a non-debug context'
[08:37:04] [Render thread/INFO]: OpenGL debug message: id=1005, source=API, type=ERROR, severity=HIGH, message='No detailed debug message due to a non-debug context'
[08:37:04] [Render thread/INFO]: OpenGL debug message: id=1005, source=API, type=ERROR, severity=HIGH, message='No detailed debug message due to a non-debug context'
[08:37:04] [Render thread/INFO]: OpenGL debug message: id=1005, source=API, type=ERROR, severity=HIGH, message='No detailed debug message due to a non-debug context'
[08:37:04] [Render thread/INFO]: OpenGL debug message: id=1005, source=API, type=ERROR, severity=HIGH, message='No detailed debug message due to a non-debug context'
[08:37:04] [Render thread/INFO]: OpenGL debug message: id=1005, source=API, type=ERROR, severity=HIGH, message='No detailed debug message due to a non-debug context'
[08:37:04] [Render thread/INFO]: OpenGL debug message: id=1005, source=API, type=ERROR, severity=HIGH, message='No detailed debug message due to a non-debug context'
[08:37:04] [Render thread/INFO]: OpenGL debug message: id=1005, source=API, type=ERROR, severity=HIGH, message='No detailed debug message due to a non-debug context'
[08:37:04] [Render thread/INFO]: OpenGL debug message: id=1005, source=API, type=ERROR, severity=HIGH, message='No detailed debug message due to a non-debug context'
[08:37:04] [Render thread/INFO]: OpenGL debug message: id=1005, source=API, type=ERROR, severity=HIGH, message='No detailed debug message due to a non-debug context'
[08:37:04] [Render thread/INFO]: OpenGL debug message: id=1005, source=API, type=ERROR, severity=HIGH, message='No detailed debug message due to a non-debug context'
[08:37:04] [Render thread/INFO]: OpenGL debug message: id=1005, source=API, type=ERROR, severity=HIGH, message='No detailed debug message due to a non-debug context'
[08:37:04] [Render thread/INFO]: OpenGL debug message: id=1005, source=API, type=ERROR, severity=HIGH, message='No detailed debug message due to a non-debug context'
[08:37:05] [Render thread/INFO]: OpenGL debug message: id=1005, source=API, type=ERROR, severity=HIGH, message='No detailed debug message due to a non-debug context'
[08:37:05] [Render thread/INFO]: OpenGL debug message: id=1005, source=API, type=ERROR, severity=HIGH, message='No detailed debug message due to a non-debug context'
[08:37:05] [Render thread/INFO]: OpenGL debug message: id=1005, source=API, type=ERROR, severity=HIGH, message='No detailed debug message due to a non-debug context'
[08:37:05] [Render thread/INFO]: OpenGL debug message: id=1005, source=API, type=ERROR, severity=HIGH, message='No detailed debug message due to a non-debug context'
[08:37:05] [Render thread/INFO]: OpenGL debug message: id=1005, source=API, type=ERROR, severity=HIGH, message='No detailed debug message due to a non-debug context'
[08:37:05] [Render thread/INFO]: OpenGL debug message: id=1005, source=API, type=ERROR, severity=HIGH, message='No detailed debug message due to a non-debug context'
[08:37:05] [Render thread/INFO]: OpenGL debug message: id=1005, source=API, type=ERROR, severity=HIGH, message='No detailed debug message due to a non-debug context'
[08:37:05] [Render thread/INFO]: OpenGL debug message: id=1005, source=API, type=ERROR, severity=HIGH, message='No detailed debug message due to a non-debug context'
[08:37:05] [Render thread/INFO]: OpenGL debug message: id=1005, source=API, type=ERROR, severity=HIGH, message='No detailed debug message due to a non-debug context'
[08:37:05] [Render thread/INFO]: OpenGL debug message: id=1005, source=API, type=ERROR, severity=HIGH, message='No detailed debug message due to a non-debug context'
[08:37:05] [Render thread/INFO]: OpenGL debug message: id=1005, source=API, type=ERROR, severity=HIGH, message='No detailed debug message due to a non-debug context'
[08:37:05] [Render thread/INFO]: OpenGL debug message: id=1005, source=API, type=ERROR, severity=HIGH, message='No detailed debug message due to a non-debug context'
[08:37:05] [Render thread/INFO]: OpenGL debug message: id=1005, source=API, type=ERROR, severity=HIGH, message='No detailed debug message due to a non-debug context'
[08:37:05] [Render thread/INFO]: OpenGL debug message: id=1005, source=API, type=ERROR, severity=HIGH, message='No detailed debug message due to a non-debug context'
[08:37:05] [Render thread/INFO]: OpenGL debug message: id=1005, source=API, type=ERROR, severity=HIGH, message='No detailed debug message due to a non-debug context'
[08:37:05] [Render thread/INFO]: OpenGL debug message: id=1005, source=API, type=ERROR, severity=HIGH, message='No detailed debug message due to a non-debug context'
[08:37:05] [Render thread/INFO]: OpenGL debug message: id=1005, source=API, type=ERROR, severity=HIGH, message='No detailed debug message due to a non-debug context'
[08:37:05] [Render thread/INFO]: OpenGL debug message: id=1005, source=API, type=ERROR, severity=HIGH, message='No detailed debug message due to a non-debug context'
[08:37:05] [Render thread/INFO]: OpenGL debug message: id=1005, source=API, type=ERROR, severity=HIGH, message='No detailed debug message due to a non-debug context'
[08:37:05] [Render thread/INFO]: OpenGL debug message: id=1005, source=API, type=ERROR, severity=HIGH, message='No detailed debug message due to a non-debug context'
[08:37:05] [Render thread/INFO]: OpenGL debug message: id=1005, source=API, type=ERROR, severity=HIGH, message='No detailed debug message due to a non-debug context'
[08:37:05] [Render thread/INFO]: OpenGL debug message: id=1005, source=API, type=ERROR, severity=HIGH, message='No detailed debug message due to a non-debug context'
[08:37:05] [Render thread/INFO]: OpenGL debug message: id=1005, source=API, type=ERROR, severity=HIGH, message='No detailed debug message due to a non-debug context'
[08:37:05] [Render thread/INFO]: OpenGL debug message: id=1005, source=API, type=ERROR, severity=HIGH, message='No detailed debug message due to a non-debug context'
[08:37:05] [Render thread/INFO]: OpenGL debug message: id=1005, source=API, type=ERROR, severity=HIGH, message='No detailed debug message due to a non-debug context'
[08:37:05] [Render thread/INFO]: OpenGL debug message: id=1005, source=API, type=ERROR, severity=HIGH, message='No detailed debug message due to a non-debug context'
[08:37:05] [Render thread/INFO]: OpenGL debug message: id=1005, source=API, type=ERROR, severity=HIGH, message='No detailed debug message due to a non-debug context'
[08:37:05] [Render thread/INFO]: OpenGL debug message: id=1005, source=API, type=ERROR, severity=HIGH, message='No detailed debug message due to a non-debug context'
[08:37:05] [Render thread/INFO]: OpenGL debug message: id=1005, source=API, type=ERROR, severity=HIGH, message='No detailed debug message due to a non-debug context'
[08:37:05] [Render thread/INFO]: OpenGL debug message: id=1005, source=API, type=ERROR, severity=HIGH, message='No detailed debug message due to a non-debug context'
[08:37:05] [Render thread/INFO]: OpenGL debug message: id=1005, source=API, type=ERROR, severity=HIGH, message='No detailed debug message due to a non-debug context'
[08:37:05] [Render thread/INFO]: OpenGL debug message: id=1005, source=API, type=ERROR, severity=HIGH, message='No detailed debug message due to a non-debug context'
[08:37:05] [Render thread/INFO]: OpenGL debug message: id=1005, source=API, type=ERROR, severity=HIGH, message='No detailed debug message due to a non-debug context'
[08:37:05] [Render thread/INFO]: OpenGL debug message: id=1005, source=API, type=ERROR, severity=HIGH, message='No detailed debug message due to a non-debug context'
[08:37:05] [Render thread/INFO]: OpenGL debug message: id=1005, source=API, type=ERROR, severity=HIGH, message='No detailed debug message due to a non-debug context'
[08:37:05] [Render thread/INFO]: OpenGL debug message: id=1005, source=API, type=ERROR, severity=HIGH, message='No detailed debug message due to a non-debug context'
[08:37:05] [Render thread/INFO]: OpenGL debug message: id=1005, source=API, type=ERROR, severity=HIGH, message='No detailed debug message due to a non-debug context'
[08:37:05] [Render thread/INFO]: OpenGL debug message: id=1005, source=API, type=ERROR, severity=HIGH, message='No detailed debug message due to a non-debug context'
[08:37:05] [Render thread/INFO]: OpenGL debug message: id=1005, source=API, type=ERROR, severity=HIGH, message='No detailed debug message due to a non-debug context'
[08:37:05] [Render thread/INFO]: OpenGL debug message: id=1005, source=API, type=ERROR, severity=HIGH, message='No detailed debug message due to a non-debug context'
[08:37:05] [Render thread/INFO]: OpenGL debug message: id=1005, source=API, type=ERROR, severity=HIGH, message='No detailed debug message due to a non-debug context'
[08:37:05] [Render thread/INFO]: OpenGL debug message: id=1005, source=API, type=ERROR, severity=HIGH, message='No detailed debug message due to a non-debug context'
[08:37:05] [Render thread/INFO]: OpenGL debug message: id=1005, source=API, type=ERROR, severity=HIGH, message='No detailed debug message due to a non-debug context'
[08:37:05] [Render thread/INFO]: OpenGL debug message: id=1005, source=API, type=ERROR, severity=HIGH, message='No detailed debug message due to a non-debug context'
[08:37:05] [Render thread/INFO]: OpenGL debug message: id=1005, source=API, type=ERROR, severity=HIGH, message='No detailed debug message due to a non-debug context'
[08:37:05] [Render thread/INFO]: OpenGL debug message: id=1005, source=API, type=ERROR, severity=HIGH, message='No detailed debug message due to a non-debug context'
[08:37:05] [Render thread/INFO]: OpenGL debug message: id=1005, source=API, type=ERROR, severity=HIGH, message='No detailed debug message due to a non-debug context'
[08:37:05] [Render thread/INFO]: OpenGL debug message: id=1005, source=API, type=ERROR, severity=HIGH, message='No detailed debug message due to a non-debug context'
[08:37:05] [Render thread/INFO]: OpenGL debug message: id=1005, source=API, type=ERROR, severity=HIGH, message='No detailed debug message due to a non-debug context'
[08:37:05] [Render thread/INFO]: OpenGL debug message: id=1005, source=API, type=ERROR, severity=HIGH, message='No detailed debug message due to a non-debug context'
[08:37:05] [Render thread/INFO]: OpenGL debug message: id=1005, source=API, type=ERROR, severity=HIGH, message='No detailed debug message due to a non-debug context'
[08:37:05] [Render thread/INFO]: OpenGL debug message: id=1005, source=API, type=ERROR, severity=HIGH, message='No detailed debug message due to a non-debug context'
[08:37:05] [Render thread/INFO]: OpenGL debug message: id=1005, source=API, type=ERROR, severity=HIGH, message='No detailed debug message due to a non-debug context'
[08:37:05] [Render thread/INFO]: OpenGL debug message: id=1005, source=API, type=ERROR, severity=HIGH, message='No detailed debug message due to a non-debug context'
[08:37:05] [Render thread/INFO]: OpenGL debug message: id=1005, source=API, type=ERROR, severity=HIGH, message='No detailed debug message due to a non-debug context'
[08:37:05] [Render thread/INFO]: OpenGL debug message: id=1005, source=API, type=ERROR, severity=HIGH, message='No detailed debug message due to a non-debug context'
[08:37:05] [Render thread/INFO]: OpenGL debug message: id=1005, source=API, type=ERROR, severity=HIGH, message='No detailed debug message due to a non-debug context'
[08:37:05] [Render thread/INFO]: OpenGL debug message: id=1005, source=API, type=ERROR, severity=HIGH, message='No detailed debug message due to a non-debug context'
[08:37:05] [Render thread/INFO]: OpenGL debug message: id=1005, source=API, type=ERROR, severity=HIGH, message='No detailed debug message due to a non-debug context'
[08:37:06] [Render thread/INFO]: OpenGL debug message: id=1005, source=API, type=ERROR, severity=HIGH, message='No detailed debug message due to a non-debug context'
[08:37:06] [Render thread/INFO]: OpenGL debug message: id=1005, source=API, type=ERROR, severity=HIGH, message='No detailed debug message due to a non-debug context'
[08:37:06] [Render thread/INFO]: OpenGL debug message: id=1005, source=API, type=ERROR, severity=HIGH, message='No detailed debug message due to a non-debug context'
[08:37:06] [Render thread/INFO]: OpenGL debug message: id=1005, source=API, type=ERROR, severity=HIGH, message='No detailed debug message due to a non-debug context'
[08:37:06] [Render thread/INFO]: OpenGL debug message: id=1005, source=API, type=ERROR, severity=HIGH, message='No detailed debug message due to a non-debug context'
[08:37:06] [Render thread/INFO]: OpenGL debug message: id=1005, source=API, type=ERROR, severity=HIGH, message='No detailed debug message due to a non-debug context'
[08:37:06] [Render thread/INFO]: OpenGL debug message: id=1005, source=API, type=ERROR, severity=HIGH, message='No detailed debug message due to a non-debug context'
[08:37:06] [Render thread/INFO]: OpenGL debug message: id=1005, source=API, type=ERROR, severity=HIGH, message='No detailed debug message due to a non-debug context'
[08:37:06] [Render thread/INFO]: OpenGL debug message: id=1005, source=API, type=ERROR, severity=HIGH, message='No detailed debug message due to a non-debug context'
[08:37:06] [Render thread/INFO]: OpenGL debug message: id=1005, source=API, type=ERROR, severity=HIGH, message='No detailed debug message due to a non-debug context'
[08:37:06] [Render thread/INFO]: OpenGL debug message: id=1005, source=API, type=ERROR, severity=HIGH, message='No detailed debug message due to a non-debug context'
[08:37:06] [Render thread/INFO]: OpenGL debug message: id=1005, source=API, type=ERROR, severity=HIGH, message='No detailed debug message due to a non-debug context'
[08:37:06] [Render thread/INFO]: OpenGL debug message: id=1005, source=API, type=ERROR, severity=HIGH, message='No detailed debug message due to a non-debug context'
[08:37:06] [Render thread/INFO]: OpenGL debug message: id=1005, source=API, type=ERROR, severity=HIGH, message='No detailed debug message due to a non-debug context'
[08:37:06] [Render thread/INFO]: OpenGL debug message: id=1005, source=API, type=ERROR, severity=HIGH, message='No detailed debug message due to a non-debug context'
[08:37:06] [Render thread/INFO]: OpenGL debug message: id=1005, source=API, type=ERROR, severity=HIGH, message='No detailed debug message due to a non-debug context'
[08:37:06] [Render thread/INFO]: OpenGL debug message: id=1005, source=API, type=ERROR, severity=HIGH, message='No detailed debug message due to a non-debug context'
[08:37:06] [Render thread/INFO]: OpenGL debug message: id=1005, source=API, type=ERROR, severity=HIGH, message='No detailed debug message due to a non-debug context'
[08:37:06] [Render thread/INFO]: OpenGL debug message: id=1005, source=API, type=ERROR, severity=HIGH, message='No detailed debug message due to a non-debug context'
[08:37:06] [Render thread/INFO]: OpenGL debug message: id=1005, source=API, type=ERROR, severity=HIGH, message='No detailed debug message due to a non-debug context'
[08:37:06] [Render thread/INFO]: OpenGL debug message: id=1005, source=API, type=ERROR, severity=HIGH, message='No detailed debug message due to a non-debug context'
[08:37:06] [Render thread/INFO]: OpenGL debug message: id=1005, source=API, type=ERROR, severity=HIGH, message='No detailed debug message due to a non-debug context'
[08:37:06] [Render thread/INFO]: OpenGL debug message: id=1005, source=API, type=ERROR, severity=HIGH, message='No detailed debug message due to a non-debug context'
[08:37:06] [Render thread/INFO]: OpenGL debug message: id=1005, source=API, type=ERROR, severity=HIGH, message='No detailed debug message due to a non-debug context'
[08:37:06] [Render thread/INFO]: OpenGL debug message: id=1005, source=API, type=ERROR, severity=HIGH, message='No detailed debug message due to a non-debug context'
[08:37:06] [Render thread/INFO]: OpenGL debug message: id=1005, source=API, type=ERROR, severity=HIGH, message='No detailed debug message due to a non-debug context'
[08:37:06] [Render thread/INFO]: OpenGL debug message: id=1005, source=API, type=ERROR, severity=HIGH, message='No detailed debug message due to a non-debug context'
[08:37:06] [Render thread/INFO]: OpenGL debug message: id=1005, source=API, type=ERROR, severity=HIGH, message='No detailed debug message due to a non-debug context'
[08:37:06] [Render thread/INFO]: OpenGL debug message: id=1005, source=API, type=ERROR, severity=HIGH, message='No detailed debug message due to a non-debug context'
[08:37:06] [Render thread/INFO]: OpenGL debug message: id=1005, source=API, type=ERROR, severity=HIGH, message='No detailed debug message due to a non-debug context'
[08:37:06] [Render thread/INFO]: OpenGL debug message: id=1005, source=API, type=ERROR, severity=HIGH, message='No detailed debug message due to a non-debug context'
[08:37:06] [Render thread/INFO]: OpenGL debug message: id=1005, source=API, type=ERROR, severity=HIGH, message='No detailed debug message due to a non-debug context'
[08:37:06] [Render thread/INFO]: OpenGL debug message: id=1005, source=API, type=ERROR, severity=HIGH, message='No detailed debug message due to a non-debug context'
[08:37:06] [Render thread/INFO]: OpenGL debug message: id=1005, source=API, type=ERROR, severity=HIGH, message='No detailed debug message due to a non-debug context'
[08:37:06] [Render thread/INFO]: OpenGL debug message: id=1005, source=API, type=ERROR, severity=HIGH, message='No detailed debug message due to a non-debug context'
[08:37:06] [Render thread/INFO]: OpenGL debug message: id=1005, source=API, type=ERROR, severity=HIGH, message='No detailed debug message due to a non-debug context'
[08:37:06] [Render thread/INFO]: OpenGL debug message: id=1005, source=API, type=ERROR, severity=HIGH, message='No detailed debug message due to a non-debug context'
[08:37:06] [Render thread/INFO]: OpenGL debug message: id=1005, source=API, type=ERROR, severity=HIGH, message='No detailed debug message due to a non-debug context'
[08:37:06] [Render thread/INFO]: OpenGL debug message: id=1005, source=API, type=ERROR, severity=HIGH, message='No detailed debug message due to a non-debug context'
[08:37:06] [Render thread/INFO]: OpenGL debug message: id=1005, source=API, type=ERROR, severity=HIGH, message='No detailed debug message due to a non-debug context'
[08:37:06] [Render thread/INFO]: OpenGL debug message: id=1005, source=API, type=ERROR, severity=HIGH, message='No detailed debug message due to a non-debug context'
[08:37:06] [Render thread/INFO]: OpenGL debug message: id=1005, source=API, type=ERROR, severity=HIGH, message='No detailed debug message due to a non-debug context'
[08:37:06] [Render thread/INFO]: OpenGL debug message: id=1005, source=API, type=ERROR, severity=HIGH, message='No detailed debug message due to a non-debug context'
[08:37:06] [Render thread/INFO]: OpenGL debug message: id=1005, source=API, type=ERROR, severity=HIGH, message='No detailed debug message due to a non-debug context'
[08:37:06] [Render thread/INFO]: OpenGL debug message: id=1005, source=API, type=ERROR, severity=HIGH, message='No detailed debug message due to a non-debug context'
[08:37:06] [Render thread/INFO]: OpenGL debug message: id=1005, source=API, type=ERROR, severity=HIGH, message='No detailed debug message due to a non-debug context'
[08:37:06] [Render thread/INFO]: OpenGL debug message: id=1005, source=API, type=ERROR, severity=HIGH, message='No detailed debug message due to a non-debug context'
[08:37:06] [Render thread/INFO]: OpenGL debug message: id=1005, source=API, type=ERROR, severity=HIGH, message='No detailed debug message due to a non-debug context'
[08:37:06] [Render thread/INFO]: OpenGL debug message: id=1005, source=API, type=ERROR, severity=HIGH, message='No detailed debug message due to a non-debug context'
[08:37:06] [Render thread/INFO]: OpenGL debug message: id=1005, source=API, type=ERROR, severity=HIGH, message='No detailed debug message due to a non-debug context'
[08:37:06] [Render thread/INFO]: OpenGL debug message: id=1005, source=API, type=ERROR, severity=HIGH, message='No detailed debug message due to a non-debug context'
[08:37:06] [Render thread/INFO]: OpenGL debug message: id=1005, source=API, type=ERROR, severity=HIGH, message='No detailed debug message due to a non-debug context'
[08:37:06] [Render thread/INFO]: OpenGL debug message: id=1005, source=API, type=ERROR, severity=HIGH, message='No detailed debug message due to a non-debug context'
[08:37:06] [Render thread/INFO]: OpenGL debug message: id=1005, source=API, type=ERROR, severity=HIGH, message='No detailed debug message due to a non-debug context'
[08:37:06] [Render thread/INFO]: OpenGL debug message: id=1005, source=API, type=ERROR, severity=HIGH, message='No detailed debug message due to a non-debug context'
[08:37:06] [Render thread/INFO]: OpenGL debug message: id=1005, source=API, type=ERROR, severity=HIGH, message='No detailed debug message due to a non-debug context'
[08:37:06] [Render thread/INFO]: OpenGL debug message: id=1005, source=API, type=ERROR, severity=HIGH, message='No detailed debug message due to a non-debug context'
[08:37:06] [Render thread/INFO]: OpenGL debug message: id=1005, source=API, type=ERROR, severity=HIGH, message='No detailed debug message due to a non-debug context'
[08:37:06] [Render thread/INFO]: OpenGL debug message: id=1005, source=API, type=ERROR, severity=HIGH, message='No detailed debug message due to a non-debug context'
[08:37:06] [Render thread/INFO]: OpenGL debug message: id=1005, source=API, type=ERROR, severity=HIGH, message='No detailed debug message due to a non-debug context'
[08:37:07] [Render thread/INFO]: OpenGL debug message: id=1005, source=API, type=ERROR, severity=HIGH, message='No detailed debug message due to a non-debug context'
[08:37:07] [Render thread/INFO]: OpenGL debug message: id=1005, source=API, type=ERROR, severity=HIGH, message='No detailed debug message due to a non-debug context'
[08:37:07] [Render thread/INFO]: OpenGL debug message: id=1005, source=API, type=ERROR, severity=HIGH, message='No detailed debug message due to a non-debug context'
[08:37:07] [Render thread/INFO]: OpenGL debug message: id=1005, source=API, type=ERROR, severity=HIGH, message='No detailed debug message due to a non-debug context'
[08:37:07] [Render thread/INFO]: OpenGL debug message: id=1005, source=API, type=ERROR, severity=HIGH, message='No detailed debug message due to a non-debug context'
[08:37:07] [Render thread/INFO]: OpenGL debug message: id=1005, source=API, type=ERROR, severity=HIGH, message='No detailed debug message due to a non-debug context'
[08:37:07] [Render thread/INFO]: OpenGL debug message: id=1005, source=API, type=ERROR, severity=HIGH, message='No detailed debug message due to a non-debug context'
[08:37:07] [Render thread/INFO]: OpenGL debug message: id=1005, source=API, type=ERROR, severity=HIGH, message='No detailed debug message due to a non-debug context'
[08:37:07] [Render thread/INFO]: OpenGL debug message: id=1005, source=API, type=ERROR, severity=HIGH, message='No detailed debug message due to a non-debug context'
[08:37:07] [Render thread/INFO]: OpenGL debug message: id=1005, source=API, type=ERROR, severity=HIGH, message='No detailed debug message due to a non-debug context'
[08:37:07] [Render thread/INFO]: OpenGL debug message: id=1005, source=API, type=ERROR, severity=HIGH, message='No detailed debug message due to a non-debug context'
[08:37:07] [Render thread/INFO]: OpenGL debug message: id=1005, source=API, type=ERROR, severity=HIGH, message='No detailed debug message due to a non-debug context'
[08:37:07] [Render thread/INFO]: OpenGL debug message: id=1005, source=API, type=ERROR, severity=HIGH, message='No detailed debug message due to a non-debug context'
[08:37:07] [Render thread/INFO]: OpenGL debug message: id=1005, source=API, type=ERROR, severity=HIGH, message='No detailed debug message due to a non-debug context'
[08:37:07] [Render thread/INFO]: OpenGL debug message: id=1005, source=API, type=ERROR, severity=HIGH, message='No detailed debug message due to a non-debug context'
[08:37:07] [Render thread/INFO]: OpenGL debug message: id=1005, source=API, type=ERROR, severity=HIGH, message='No detailed debug message due to a non-debug context'
[08:37:07] [Render thread/INFO]: OpenGL debug message: id=1005, source=API, type=ERROR, severity=HIGH, message='No detailed debug message due to a non-debug context'
[08:37:07] [Render thread/INFO]: OpenGL debug message: id=1005, source=API, type=ERROR, severity=HIGH, message='No detailed debug message due to a non-debug context'
[08:37:07] [Render thread/INFO]: OpenGL debug message: id=1005, source=API, type=ERROR, severity=HIGH, message='No detailed debug message due to a non-debug context'
[08:37:07] [Render thread/INFO]: OpenGL debug message: id=1005, source=API, type=ERROR, severity=HIGH, message='No detailed debug message due to a non-debug context'
[08:37:07] [Render thread/INFO]: OpenGL debug message: id=1005, source=API, type=ERROR, severity=HIGH, message='No detailed debug message due to a non-debug context'
[08:37:07] [Render thread/INFO]: OpenGL debug message: id=1005, source=API, type=ERROR, severity=HIGH, message='No detailed debug message due to a non-debug context'
[08:37:07] [Render thread/INFO]: OpenGL debug message: id=1005, source=API, type=ERROR, severity=HIGH, message='No detailed debug message due to a non-debug context'
[08:37:07] [Render thread/INFO]: OpenGL debug message: id=1005, source=API, type=ERROR, severity=HIGH, message='No detailed debug message due to a non-debug context'
[08:37:07] [Render thread/INFO]: OpenGL debug message: id=1005, source=API, type=ERROR, severity=HIGH, message='No detailed debug message due to a non-debug context'
[08:37:07] [Render thread/INFO]: OpenGL debug message: id=1005, source=API, type=ERROR, severity=HIGH, message='No detailed debug message due to a non-debug context'
[08:37:07] [Render thread/INFO]: OpenGL debug message: id=1005, source=API, type=ERROR, severity=HIGH, message='No detailed debug message due to a non-debug context'
[08:37:07] [Render thread/INFO]: OpenGL debug message: id=1005, source=API, type=ERROR, severity=HIGH, message='No detailed debug message due to a non-debug context'
[08:37:07] [Render thread/INFO]: OpenGL debug message: id=1005, source=API, type=ERROR, severity=HIGH, message='No detailed debug message due to a non-debug context'
[08:37:07] [Render thread/INFO]: OpenGL debug message: id=1005, source=API, type=ERROR, severity=HIGH, message='No detailed debug message due to a non-debug context'
[08:37:07] [Render thread/INFO]: OpenGL debug message: id=1005, source=API, type=ERROR, severity=HIGH, message='No detailed debug message due to a non-debug context'
[08:37:07] [Render thread/INFO]: OpenGL debug message: id=1005, source=API, type=ERROR, severity=HIGH, message='No detailed debug message due to a non-debug context'
[08:37:07] [Render thread/INFO]: OpenGL debug message: id=1005, source=API, type=ERROR, severity=HIGH, message='No detailed debug message due to a non-debug context'
[08:37:07] [Render thread/INFO]: OpenGL debug message: id=1005, source=API, type=ERROR, severity=HIGH, message='No detailed debug message due to a non-debug context'
[08:37:07] [Render thread/INFO]: OpenGL debug message: id=1005, source=API, type=ERROR, severity=HIGH, message='No detailed debug message due to a non-debug context'
[08:37:07] [Render thread/INFO]: OpenGL debug message: id=1005, source=API, type=ERROR, severity=HIGH, message='No detailed debug message due to a non-debug context'
[08:37:07] [Render thread/INFO]: OpenGL debug message: id=1005, source=API, type=ERROR, severity=HIGH, message='No detailed debug message due to a non-debug context'
[08:37:07] [Render thread/INFO]: OpenGL debug message: id=1005, source=API, type=ERROR, severity=HIGH, message='No detailed debug message due to a non-debug context'
[08:37:07] [Render thread/INFO]: OpenGL debug message: id=1005, source=API, type=ERROR, severity=HIGH, message='No detailed debug message due to a non-debug context'
[08:37:07] [Render thread/INFO]: OpenGL debug message: id=1005, source=API, type=ERROR, severity=HIGH, message='No detailed debug message due to a non-debug context'
[08:37:07] [Render thread/INFO]: OpenGL debug message: id=1005, source=API, type=ERROR, severity=HIGH, message='No detailed debug message due to a non-debug context'
[08:37:07] [Render thread/INFO]: OpenGL debug message: id=1005, source=API, type=ERROR, severity=HIGH, message='No detailed debug message due to a non-debug context'
[08:37:07] [Render thread/INFO]: OpenGL debug message: id=1005, source=API, type=ERROR, severity=HIGH, message='No detailed debug message due to a non-debug context'
[08:37:07] [Render thread/INFO]: OpenGL debug message: id=1005, source=API, type=ERROR, severity=HIGH, message='No detailed debug message due to a non-debug context'
[08:37:07] [Render thread/INFO]: OpenGL debug message: id=1005, source=API, type=ERROR, severity=HIGH, message='No detailed debug message due to a non-debug context'
[08:37:07] [Render thread/INFO]: OpenGL debug message: id=1005, source=API, type=ERROR, severity=HIGH, message='No detailed debug message due to a non-debug context'
[08:37:07] [Render thread/INFO]: OpenGL debug message: id=1005, source=API, type=ERROR, severity=HIGH, message='No detailed debug message due to a non-debug context'
[08:37:07] [Render thread/INFO]: OpenGL debug message: id=1005, source=API, type=ERROR, severity=HIGH, message='No detailed debug message due to a non-debug context'
[08:37:07] [Render thread/INFO]: OpenGL debug message: id=1005, source=API, type=ERROR, severity=HIGH, message='No detailed debug message due to a non-debug context'
[08:37:07] [Render thread/INFO]: OpenGL debug message: id=1005, source=API, type=ERROR, severity=HIGH, message='No detailed debug message due to a non-debug context'
[08:37:07] [Render thread/INFO]: OpenGL debug message: id=1005, source=API, type=ERROR, severity=HIGH, message='No detailed debug message due to a non-debug context'
[08:37:07] [Render thread/INFO]: OpenGL debug message: id=1005, source=API, type=ERROR, severity=HIGH, message='No detailed debug message due to a non-debug context'
[08:37:07] [Render thread/INFO]: OpenGL debug message: id=1005, source=API, type=ERROR, severity=HIGH, message='No detailed debug message due to a non-debug context'
[08:37:07] [Render thread/INFO]: OpenGL debug message: id=1005, source=API, type=ERROR, severity=HIGH, message='No detailed debug message due to a non-debug context'
[08:37:07] [Render thread/INFO]: OpenGL debug message: id=1005, source=API, type=ERROR, severity=HIGH, message='No detailed debug message due to a non-debug context'
[08:37:07] [Render thread/INFO]: OpenGL debug message: id=1005, source=API, type=ERROR, severity=HIGH, message='No detailed debug message due to a non-debug context'
[08:37:07] [Render thread/INFO]: OpenGL debug message: id=1005, source=API, type=ERROR, severity=HIGH, message='No detailed debug message due to a non-debug context'
[08:37:07] [Render thread/INFO]: OpenGL debug message: id=1005, source=API, type=ERROR, severity=HIGH, message='No detailed debug message due to a non-debug context'
[08:37:07] [Render thread/INFO]: OpenGL debug message: id=1005, source=API, type=ERROR, severity=HIGH, message='No detailed debug message due to a non-debug context'
[08:37:08] [Render thread/INFO]: OpenGL debug message: id=1005, source=API, type=ERROR, severity=HIGH, message='No detailed debug message due to a non-debug context'
[08:37:08] [Render thread/INFO]: OpenGL debug message: id=1005, source=API, type=ERROR, severity=HIGH, message='No detailed debug message due to a non-debug context'
[08:37:08] [Render thread/INFO]: OpenGL debug message: id=1005, source=API, type=ERROR, severity=HIGH, message='No detailed debug message due to a non-debug context'
[08:37:08] [Render thread/INFO]: OpenGL debug message: id=1005, source=API, type=ERROR, severity=HIGH, message='No detailed debug message due to a non-debug context'
[08:37:08] [Render thread/INFO]: OpenGL debug message: id=1005, source=API, type=ERROR, severity=HIGH, message='No detailed debug message due to a non-debug context'
[08:37:08] [Render thread/INFO]: OpenGL debug message: id=1005, source=API, type=ERROR, severity=HIGH, message='No detailed debug message due to a non-debug context'
[08:37:08] [Render thread/INFO]: OpenGL debug message: id=1005, source=API, type=ERROR, severity=HIGH, message='No detailed debug message due to a non-debug context'
[08:37:08] [Render thread/INFO]: OpenGL debug message: id=1005, source=API, type=ERROR, severity=HIGH, message='No detailed debug message due to a non-debug context'
[08:37:08] [Render thread/INFO]: OpenGL debug message: id=1005, source=API, type=ERROR, severity=HIGH, message='No detailed debug message due to a non-debug context'
[08:37:08] [Render thread/INFO]: OpenGL debug message: id=1005, source=API, type=ERROR, severity=HIGH, message='No detailed debug message due to a non-debug context'
[08:37:08] [Render thread/INFO]: OpenGL debug message: id=1005, source=API, type=ERROR, severity=HIGH, message='No detailed debug message due to a non-debug context'
[08:37:08] [Render thread/INFO]: OpenGL debug message: id=1005, source=API, type=ERROR, severity=HIGH, message='No detailed debug message due to a non-debug context'
[08:37:08] [Render thread/INFO]: OpenGL debug message: id=1005, source=API, type=ERROR, severity=HIGH, message='No detailed debug message due to a non-debug context'
[08:37:08] [Render thread/INFO]: OpenGL debug message: id=1005, source=API, type=ERROR, severity=HIGH, message='No detailed debug message due to a non-debug context'
[08:37:08] [Render thread/INFO]: OpenGL debug message: id=1005, source=API, type=ERROR, severity=HIGH, message='No detailed debug message due to a non-debug context'
[08:37:08] [Render thread/INFO]: OpenGL debug message: id=1005, source=API, type=ERROR, severity=HIGH, message='No detailed debug message due to a non-debug context'
[08:37:08] [Render thread/INFO]: OpenGL debug message: id=1005, source=API, type=ERROR, severity=HIGH, message='No detailed debug message due to a non-debug context'
[08:37:08] [Render thread/INFO]: OpenGL debug message: id=1005, source=API, type=ERROR, severity=HIGH, message='No detailed debug message due to a non-debug context'
[08:37:08] [Render thread/INFO]: OpenGL debug message: id=1005, source=API, type=ERROR, severity=HIGH, message='No detailed debug message due to a non-debug context'
[08:37:08] [Render thread/INFO]: OpenGL debug message: id=1005, source=API, type=ERROR, severity=HIGH, message='No detailed debug message due to a non-debug context'
[08:37:08] [Render thread/INFO]: OpenGL debug message: id=1005, source=API, type=ERROR, severity=HIGH, message='No detailed debug message due to a non-debug context'
[08:37:08] [Render thread/INFO]: OpenGL debug message: id=1005, source=API, type=ERROR, severity=HIGH, message='No detailed debug message due to a non-debug context'
[08:37:08] [Render thread/INFO]: OpenGL debug message: id=1005, source=API, type=ERROR, severity=HIGH, message='No detailed debug message due to a non-debug context'
[08:37:08] [Render thread/INFO]: OpenGL debug message: id=1005, source=API, type=ERROR, severity=HIGH, message='No detailed debug message due to a non-debug context'
[08:37:08] [Render thread/INFO]: OpenGL debug message: id=1005, source=API, type=ERROR, severity=HIGH, message='No detailed debug message due to a non-debug context'
[08:37:08] [Render thread/INFO]: OpenGL debug message: id=1005, source=API, type=ERROR, severity=HIGH, message='No detailed debug message due to a non-debug context'
[08:37:08] [Render thread/INFO]: OpenGL debug message: id=1005, source=API, type=ERROR, severity=HIGH, message='No detailed debug message due to a non-debug context'
[08:37:08] [Render thread/INFO]: OpenGL debug message: id=1005, source=API, type=ERROR, severity=HIGH, message='No detailed debug message due to a non-debug context'
[08:37:08] [Render thread/INFO]: OpenGL debug message: id=1005, source=API, type=ERROR, severity=HIGH, message='No detailed debug message due to a non-debug context'
[08:37:08] [Render thread/INFO]: OpenGL debug message: id=1005, source=API, type=ERROR, severity=HIGH, message='No detailed debug message due to a non-debug context'
[08:37:08] [Render thread/INFO]: OpenGL debug message: id=1005, source=API, type=ERROR, severity=HIGH, message='No detailed debug message due to a non-debug context'
[08:37:08] [Render thread/INFO]: OpenGL debug message: id=1005, source=API, type=ERROR, severity=HIGH, message='No detailed debug message due to a non-debug context'
[08:37:08] [Render thread/INFO]: OpenGL debug message: id=1005, source=API, type=ERROR, severity=HIGH, message='No detailed debug message due to a non-debug context'
[08:37:08] [Render thread/INFO]: OpenGL debug message: id=1005, source=API, type=ERROR, severity=HIGH, message='No detailed debug message due to a non-debug context'
[08:37:08] [Render thread/INFO]: OpenGL debug message: id=1005, source=API, type=ERROR, severity=HIGH, message='No detailed debug message due to a non-debug context'
[08:37:08] [Render thread/INFO]: OpenGL debug message: id=1005, source=API, type=ERROR, severity=HIGH, message='No detailed debug message due to a non-debug context'
[08:37:08] [Render thread/INFO]: OpenGL debug message: id=1005, source=API, type=ERROR, severity=HIGH, message='No detailed debug message due to a non-debug context'
[08:37:08] [Render thread/INFO]: OpenGL debug message: id=1005, source=API, type=ERROR, severity=HIGH, message='No detailed debug message due to a non-debug context'
[08:37:08] [Render thread/INFO]: OpenGL debug message: id=1005, source=API, type=ERROR, severity=HIGH, message='No detailed debug message due to a non-debug context'
[08:37:08] [Render thread/INFO]: OpenGL debug message: id=1005, source=API, type=ERROR, severity=HIGH, message='No detailed debug message due to a non-debug context'
[08:37:08] [Render thread/INFO]: OpenGL debug message: id=1005, source=API, type=ERROR, severity=HIGH, message='No detailed debug message due to a non-debug context'
[08:37:08] [Render thread/INFO]: OpenGL debug message: id=1005, source=API, type=ERROR, severity=HIGH, message='No detailed debug message due to a non-debug context'
[08:37:08] [Render thread/INFO]: OpenGL debug message: id=1005, source=API, type=ERROR, severity=HIGH, message='No detailed debug message due to a non-debug context'
[08:37:08] [Render thread/INFO]: OpenGL debug message: id=1005, source=API, type=ERROR, severity=HIGH, message='No detailed debug message due to a non-debug context'
[08:37:08] [Render thread/INFO]: OpenGL debug message: id=1005, source=API, type=ERROR, severity=HIGH, message='No detailed debug message due to a non-debug context'
[08:37:08] [Render thread/INFO]: OpenGL debug message: id=1005, source=API, type=ERROR, severity=HIGH, message='No detailed debug message due to a non-debug context'
[08:37:08] [Render thread/INFO]: OpenGL debug message: id=1005, source=API, type=ERROR, severity=HIGH, message='No detailed debug message due to a non-debug context'
[08:37:08] [Render thread/INFO]: OpenGL debug message: id=1005, source=API, type=ERROR, severity=HIGH, message='No detailed debug message due to a non-debug context'
[08:37:08] [Render thread/INFO]: OpenGL debug message: id=1005, source=API, type=ERROR, severity=HIGH, message='No detailed debug message due to a non-debug context'
[08:37:08] [Render thread/INFO]: OpenGL debug message: id=1005, source=API, type=ERROR, severity=HIGH, message='No detailed debug message due to a non-debug context'
[08:37:08] [Render thread/INFO]: OpenGL debug message: id=1005, source=API, type=ERROR, severity=HIGH, message='No detailed debug message due to a non-debug context'
[08:37:08] [Render thread/INFO]: OpenGL debug message: id=1005, source=API, type=ERROR, severity=HIGH, message='No detailed debug message due to a non-debug context'
[08:37:08] [Render thread/INFO]: OpenGL debug message: id=1005, source=API, type=ERROR, severity=HIGH, message='No detailed debug message due to a non-debug context'
[08:37:08] [Render thread/INFO]: OpenGL debug message: id=1005, source=API, type=ERROR, severity=HIGH, message='No detailed debug message due to a non-debug context'
[08:37:08] [Render thread/INFO]: OpenGL debug message: id=1005, source=API, type=ERROR, severity=HIGH, message='No detailed debug message due to a non-debug context'
[08:37:08] [Render thread/INFO]: OpenGL debug message: id=1005, source=API, type=ERROR, severity=HIGH, message='No detailed debug message due to a non-debug context'
[08:37:08] [Render thread/INFO]: OpenGL debug message: id=1005, source=API, type=ERROR, severity=HIGH, message='No detailed debug message due to a non-debug context'
[08:37:08] [Render thread/INFO]: OpenGL debug message: id=1005, source=API, type=ERROR, severity=HIGH, message='No detailed debug message due to a non-debug context'
[08:37:08] [Render thread/INFO]: OpenGL debug message: id=1005, source=API, type=ERROR, severity=HIGH, message='No detailed debug message due to a non-debug context'
[08:37:08] [Render thread/INFO]: OpenGL debug message: id=1005, source=API, type=ERROR, severity=HIGH, message='No detailed debug message due to a non-debug context'
[08:37:09] [Render thread/INFO]: OpenGL debug message: id=1005, source=API, type=ERROR, severity=HIGH, message='No detailed debug message due to a non-debug context'
[08:37:09] [Render thread/INFO]: OpenGL debug message: id=1005, source=API, type=ERROR, severity=HIGH, message='No detailed debug message due to a non-debug context'
[08:37:09] [Render thread/INFO]: OpenGL debug message: id=1005, source=API, type=ERROR, severity=HIGH, message='No detailed debug message due to a non-debug context'
[08:37:09] [Render thread/INFO]: OpenGL debug message: id=1005, source=API, type=ERROR, severity=HIGH, message='No detailed debug message due to a non-debug context'
[08:37:09] [Render thread/INFO]: OpenGL debug message: id=1005, source=API, type=ERROR, severity=HIGH, message='No detailed debug message due to a non-debug context'
[08:37:09] [Render thread/INFO]: OpenGL debug message: id=1005, source=API, type=ERROR, severity=HIGH, message='No detailed debug message due to a non-debug context'
[08:37:09] [Render thread/INFO]: OpenGL debug message: id=1005, source=API, type=ERROR, severity=HIGH, message='No detailed debug message due to a non-debug context'
[08:37:09] [Render thread/INFO]: OpenGL debug message: id=1005, source=API, type=ERROR, severity=HIGH, message='No detailed debug message due to a non-debug context'
[08:37:09] [Render thread/INFO]: OpenGL debug message: id=1005, source=API, type=ERROR, severity=HIGH, message='No detailed debug message due to a non-debug context'
[08:37:09] [Render thread/INFO]: OpenGL debug message: id=1005, source=API, type=ERROR, severity=HIGH, message='No detailed debug message due to a non-debug context'
[08:37:09] [Render thread/INFO]: OpenGL debug message: id=1005, source=API, type=ERROR, severity=HIGH, message='No detailed debug message due to a non-debug context'
[08:37:09] [Render thread/INFO]: OpenGL debug message: id=1005, source=API, type=ERROR, severity=HIGH, message='No detailed debug message due to a non-debug context'
[08:37:09] [Render thread/INFO]: OpenGL debug message: id=1005, source=API, type=ERROR, severity=HIGH, message='No detailed debug message due to a non-debug context'
[08:37:09] [Render thread/INFO]: OpenGL debug message: id=1005, source=API, type=ERROR, severity=HIGH, message='No detailed debug message due to a non-debug context'
[08:37:09] [Render thread/INFO]: OpenGL debug message: id=1005, source=API, type=ERROR, severity=HIGH, message='No detailed debug message due to a non-debug context'
[08:37:09] [Render thread/INFO]: OpenGL debug message: id=1005, source=API, type=ERROR, severity=HIGH, message='No detailed debug message due to a non-debug context'
[08:37:09] [Render thread/INFO]: OpenGL debug message: id=1005, source=API, type=ERROR, severity=HIGH, message='No detailed debug message due to a non-debug context'
[08:37:09] [Render thread/INFO]: OpenGL debug message: id=1005, source=API, type=ERROR, severity=HIGH, message='No detailed debug message due to a non-debug context'
[08:37:09] [Render thread/INFO]: OpenGL debug message: id=1005, source=API, type=ERROR, severity=HIGH, message='No detailed debug message due to a non-debug context'
[08:37:09] [Render thread/INFO]: OpenGL debug message: id=1005, source=API, type=ERROR, severity=HIGH, message='No detailed debug message due to a non-debug context'
[08:37:09] [Render thread/INFO]: OpenGL debug message: id=1005, source=API, type=ERROR, severity=HIGH, message='No detailed debug message due to a non-debug context'
[08:37:09] [Render thread/INFO]: OpenGL debug message: id=1005, source=API, type=ERROR, severity=HIGH, message='No detailed debug message due to a non-debug context'
[08:37:09] [Render thread/INFO]: OpenGL debug message: id=1005, source=API, type=ERROR, severity=HIGH, message='No detailed debug message due to a non-debug context'
[08:37:09] [Render thread/INFO]: OpenGL debug message: id=1005, source=API, type=ERROR, severity=HIGH, message='No detailed debug message due to a non-debug context'
[08:37:09] [Render thread/INFO]: OpenGL debug message: id=1005, source=API, type=ERROR, severity=HIGH, message='No detailed debug message due to a non-debug context'
[08:37:09] [Render thread/INFO]: OpenGL debug message: id=1005, source=API, type=ERROR, severity=HIGH, message='No detailed debug message due to a non-debug context'
[08:37:09] [Render thread/INFO]: OpenGL debug message: id=1005, source=API, type=ERROR, severity=HIGH, message='No detailed debug message due to a non-debug context'
[08:37:09] [Render thread/INFO]: OpenGL debug message: id=1005, source=API, type=ERROR, severity=HIGH, message='No detailed debug message due to a non-debug context'
[08:37:09] [Render thread/INFO]: OpenGL debug message: id=1005, source=API, type=ERROR, severity=HIGH, message='No detailed debug message due to a non-debug context'
[08:37:09] [Render thread/INFO]: OpenGL debug message: id=1005, source=API, type=ERROR, severity=HIGH, message='No detailed debug message due to a non-debug context'
[08:37:09] [Render thread/INFO]: OpenGL debug message: id=1005, source=API, type=ERROR, severity=HIGH, message='No detailed debug message due to a non-debug context'
[08:37:09] [Render thread/INFO]: OpenGL debug message: id=1005, source=API, type=ERROR, severity=HIGH, message='No detailed debug message due to a non-debug context'
[08:37:09] [Render thread/INFO]: OpenGL debug message: id=1005, source=API, type=ERROR, severity=HIGH, message='No detailed debug message due to a non-debug context'
[08:37:09] [Render thread/INFO]: OpenGL debug message: id=1005, source=API, type=ERROR, severity=HIGH, message='No detailed debug message due to a non-debug context'
[08:37:09] [Render thread/INFO]: OpenGL debug message: id=1005, source=API, type=ERROR, severity=HIGH, message='No detailed debug message due to a non-debug context'
[08:37:09] [Render thread/INFO]: OpenGL debug message: id=1005, source=API, type=ERROR, severity=HIGH, message='No detailed debug message due to a non-debug context'
[08:37:09] [Render thread/INFO]: OpenGL debug message: id=1005, source=API, type=ERROR, severity=HIGH, message='No detailed debug message due to a non-debug context'
[08:37:09] [Render thread/INFO]: OpenGL debug message: id=1005, source=API, type=ERROR, severity=HIGH, message='No detailed debug message due to a non-debug context'
[08:37:09] [Render thread/INFO]: OpenGL debug message: id=1005, source=API, type=ERROR, severity=HIGH, message='No detailed debug message due to a non-debug context'
[08:37:09] [Render thread/INFO]: OpenGL debug message: id=1005, source=API, type=ERROR, severity=HIGH, message='No detailed debug message due to a non-debug context'
[08:37:09] [Render thread/INFO]: OpenGL debug message: id=1005, source=API, type=ERROR, severity=HIGH, message='No detailed debug message due to a non-debug context'
[08:37:09] [Render thread/INFO]: OpenGL debug message: id=1005, source=API, type=ERROR, severity=HIGH, message='No detailed debug message due to a non-debug context'
[08:37:09] [Render thread/INFO]: OpenGL debug message: id=1005, source=API, type=ERROR, severity=HIGH, message='No detailed debug message due to a non-debug context'
[08:37:09] [Render thread/INFO]: OpenGL debug message: id=1005, source=API, type=ERROR, severity=HIGH, message='No detailed debug message due to a non-debug context'
[08:37:09] [Render thread/INFO]: OpenGL debug message: id=1005, source=API, type=ERROR, severity=HIGH, message='No detailed debug message due to a non-debug context'
[08:37:09] [Render thread/INFO]: OpenGL debug message: id=1005, source=API, type=ERROR, severity=HIGH, message='No detailed debug message due to a non-debug context'
[08:37:09] [Render thread/INFO]: OpenGL debug message: id=1005, source=API, type=ERROR, severity=HIGH, message='No detailed debug message due to a non-debug context'
[08:37:09] [Render thread/INFO]: OpenGL debug message: id=1005, source=API, type=ERROR, severity=HIGH, message='No detailed debug message due to a non-debug context'
[08:37:09] [Render thread/INFO]: OpenGL debug message: id=1005, source=API, type=ERROR, severity=HIGH, message='No detailed debug message due to a non-debug context'
[08:37:09] [Render thread/INFO]: OpenGL debug message: id=1005, source=API, type=ERROR, severity=HIGH, message='No detailed debug message due to a non-debug context'
[08:37:09] [Render thread/INFO]: OpenGL debug message: id=1005, source=API, type=ERROR, severity=HIGH, message='No detailed debug message due to a non-debug context'
[08:37:09] [Render thread/INFO]: OpenGL debug message: id=1005, source=API, type=ERROR, severity=HIGH, message='No detailed debug message due to a non-debug context'
[08:37:09] [Render thread/INFO]: OpenGL debug message: id=1005, source=API, type=ERROR, severity=HIGH, message='No detailed debug message due to a non-debug context'
[08:37:09] [Render thread/INFO]: OpenGL debug message: id=1005, source=API, type=ERROR, severity=HIGH, message='No detailed debug message due to a non-debug context'
[08:37:09] [Render thread/INFO]: OpenGL debug message: id=1005, source=API, type=ERROR, severity=HIGH, message='No detailed debug message due to a non-debug context'
[08:37:09] [Render thread/INFO]: OpenGL debug message: id=1005, source=API, type=ERROR, severity=HIGH, message='No detailed debug message due to a non-debug context'
[08:37:09] [Render thread/INFO]: OpenGL debug message: id=1005, source=API, type=ERROR, severity=HIGH, message='No detailed debug message due to a non-debug context'
[08:37:09] [Render thread/INFO]: OpenGL debug message: id=1005, source=API, type=ERROR, severity=HIGH, message='No detailed debug message due to a non-debug context'
[08:37:10] [Render thread/INFO]: OpenGL debug message: id=1005, source=API, type=ERROR, severity=HIGH, message='No detailed debug message due to a non-debug context'
[08:37:10] [Render thread/INFO]: OpenGL debug message: id=1005, source=API, type=ERROR, severity=HIGH, message='No detailed debug message due to a non-debug context'
[08:37:10] [Render thread/INFO]: OpenGL debug message: id=1005, source=API, type=ERROR, severity=HIGH, message='No detailed debug message due to a non-debug context'
[08:37:10] [Render thread/INFO]: OpenGL debug message: id=1005, source=API, type=ERROR, severity=HIGH, message='No detailed debug message due to a non-debug context'
[08:37:10] [Render thread/INFO]: OpenGL debug message: id=1005, source=API, type=ERROR, severity=HIGH, message='No detailed debug message due to a non-debug context'
[08:37:10] [Render thread/INFO]: OpenGL debug message: id=1005, source=API, type=ERROR, severity=HIGH, message='No detailed debug message due to a non-debug context'
[08:37:10] [Render thread/INFO]: OpenGL debug message: id=1005, source=API, type=ERROR, severity=HIGH, message='No detailed debug message due to a non-debug context'
[08:37:10] [Render thread/INFO]: OpenGL debug message: id=1005, source=API, type=ERROR, severity=HIGH, message='No detailed debug message due to a non-debug context'
[08:37:10] [Render thread/INFO]: OpenGL debug message: id=1005, source=API, type=ERROR, severity=HIGH, message='No detailed debug message due to a non-debug context'
[08:37:10] [Render thread/INFO]: OpenGL debug message: id=1005, source=API, type=ERROR, severity=HIGH, message='No detailed debug message due to a non-debug context'
[08:37:10] [Render thread/INFO]: OpenGL debug message: id=1005, source=API, type=ERROR, severity=HIGH, message='No detailed debug message due to a non-debug context'
[08:37:10] [Render thread/INFO]: OpenGL debug message: id=1005, source=API, type=ERROR, severity=HIGH, message='No detailed debug message due to a non-debug context'
[08:37:10] [Render thread/INFO]: OpenGL debug message: id=1005, source=API, type=ERROR, severity=HIGH, message='No detailed debug message due to a non-debug context'
[08:37:10] [Render thread/INFO]: OpenGL debug message: id=1005, source=API, type=ERROR, severity=HIGH, message='No detailed debug message due to a non-debug context'
[08:37:10] [Render thread/INFO]: OpenGL debug message: id=1005, source=API, type=ERROR, severity=HIGH, message='No detailed debug message due to a non-debug context'
[08:37:10] [Render thread/INFO]: OpenGL debug message: id=1005, source=API, type=ERROR, severity=HIGH, message='No detailed debug message due to a non-debug context'
[08:37:10] [Render thread/INFO]: OpenGL debug message: id=1005, source=API, type=ERROR, severity=HIGH, message='No detailed debug message due to a non-debug context'
[08:37:10] [Render thread/INFO]: OpenGL debug message: id=1005, source=API, type=ERROR, severity=HIGH, message='No detailed debug message due to a non-debug context'
[08:37:10] [Render thread/INFO]: OpenGL debug message: id=1005, source=API, type=ERROR, severity=HIGH, message='No detailed debug message due to a non-debug context'
[08:37:10] [Render thread/INFO]: OpenGL debug message: id=1005, source=API, type=ERROR, severity=HIGH, message='No detailed debug message due to a non-debug context'
[08:37:10] [Render thread/INFO]: OpenGL debug message: id=1005, source=API, type=ERROR, severity=HIGH, message='No detailed debug message due to a non-debug context'
[08:37:10] [Render thread/INFO]: OpenGL debug message: id=1005, source=API, type=ERROR, severity=HIGH, message='No detailed debug message due to a non-debug context'
[08:37:10] [Render thread/INFO]: OpenGL debug message: id=1005, source=API, type=ERROR, severity=HIGH, message='No detailed debug message due to a non-debug context'
[08:37:10] [Render thread/INFO]: OpenGL debug message: id=1005, source=API, type=ERROR, severity=HIGH, message='No detailed debug message due to a non-debug context'
[08:37:10] [Render thread/INFO]: OpenGL debug message: id=1005, source=API, type=ERROR, severity=HIGH, message='No detailed debug message due to a non-debug context'
[08:37:10] [Render thread/INFO]: OpenGL debug message: id=1005, source=API, type=ERROR, severity=HIGH, message='No detailed debug message due to a non-debug context'
[08:37:10] [Render thread/INFO]: OpenGL debug message: id=1005, source=API, type=ERROR, severity=HIGH, message='No detailed debug message due to a non-debug context'
[08:37:10] [Render thread/INFO]: OpenGL debug message: id=1005, source=API, type=ERROR, severity=HIGH, message='No detailed debug message due to a non-debug context'
[08:37:10] [Render thread/INFO]: OpenGL debug message: id=1005, source=API, type=ERROR, severity=HIGH, message='No detailed debug message due to a non-debug context'
[08:37:10] [Render thread/INFO]: OpenGL debug message: id=1005, source=API, type=ERROR, severity=HIGH, message='No detailed debug message due to a non-debug context'
[08:37:10] [Render thread/INFO]: OpenGL debug message: id=1005, source=API, type=ERROR, severity=HIGH, message='No detailed debug message due to a non-debug context'
[08:37:10] [Render thread/INFO]: OpenGL debug message: id=1005, source=API, type=ERROR, severity=HIGH, message='No detailed debug message due to a non-debug context'
[08:37:10] [Render thread/INFO]: OpenGL debug message: id=1005, source=API, type=ERROR, severity=HIGH, message='No detailed debug message due to a non-debug context'
[08:37:10] [Render thread/INFO]: OpenGL debug message: id=1005, source=API, type=ERROR, severity=HIGH, message='No detailed debug message due to a non-debug context'
[08:37:10] [Render thread/INFO]: OpenGL debug message: id=1005, source=API, type=ERROR, severity=HIGH, message='No detailed debug message due to a non-debug context'
[08:37:10] [Render thread/INFO]: OpenGL debug message: id=1005, source=API, type=ERROR, severity=HIGH, message='No detailed debug message due to a non-debug context'
[08:37:10] [Render thread/INFO]: OpenGL debug message: id=1005, source=API, type=ERROR, severity=HIGH, message='No detailed debug message due to a non-debug context'
[08:37:10] [Render thread/INFO]: OpenGL debug message: id=1005, source=API, type=ERROR, severity=HIGH, message='No detailed debug message due to a non-debug context'
[08:37:10] [Render thread/INFO]: OpenGL debug message: id=1005, source=API, type=ERROR, severity=HIGH, message='No detailed debug message due to a non-debug context'
[08:37:10] [Render thread/INFO]: OpenGL debug message: id=1005, source=API, type=ERROR, severity=HIGH, message='No detailed debug message due to a non-debug context'
[08:37:10] [Render thread/INFO]: OpenGL debug message: id=1005, source=API, type=ERROR, severity=HIGH, message='No detailed debug message due to a non-debug context'
[08:37:10] [Render thread/INFO]: OpenGL debug message: id=1005, source=API, type=ERROR, severity=HIGH, message='No detailed debug message due to a non-debug context'
[08:37:10] [Render thread/INFO]: OpenGL debug message: id=1005, source=API, type=ERROR, severity=HIGH, message='No detailed debug message due to a non-debug context'
[08:37:10] [Render thread/INFO]: OpenGL debug message: id=1005, source=API, type=ERROR, severity=HIGH, message='No detailed debug message due to a non-debug context'
[08:37:10] [Render thread/INFO]: OpenGL debug message: id=1005, source=API, type=ERROR, severity=HIGH, message='No detailed debug message due to a non-debug context'
[08:37:10] [Render thread/INFO]: OpenGL debug message: id=1005, source=API, type=ERROR, severity=HIGH, message='No detailed debug message due to a non-debug context'
[08:37:10] [Render thread/INFO]: OpenGL debug message: id=1005, source=API, type=ERROR, severity=HIGH, message='No detailed debug message due to a non-debug context'
[08:37:10] [Render thread/INFO]: OpenGL debug message: id=1005, source=API, type=ERROR, severity=HIGH, message='No detailed debug message due to a non-debug context'
[08:37:10] [Render thread/INFO]: OpenGL debug message: id=1005, source=API, type=ERROR, severity=HIGH, message='No detailed debug message due to a non-debug context'
[08:37:10] [Render thread/INFO]: OpenGL debug message: id=1005, source=API, type=ERROR, severity=HIGH, message='No detailed debug message due to a non-debug context'
[08:37:10] [Render thread/INFO]: OpenGL debug message: id=1005, source=API, type=ERROR, severity=HIGH, message='No detailed debug message due to a non-debug context'
[08:37:10] [Render thread/INFO]: OpenGL debug message: id=1005, source=API, type=ERROR, severity=HIGH, message='No detailed debug message due to a non-debug context'
[08:37:10] [Render thread/INFO]: OpenGL debug message: id=1005, source=API, type=ERROR, severity=HIGH, message='No detailed debug message due to a non-debug context'
[08:37:10] [Render thread/INFO]: OpenGL debug message: id=1005, source=API, type=ERROR, severity=HIGH, message='No detailed debug message due to a non-debug context'
[08:37:10] [Render thread/INFO]: OpenGL debug message: id=1005, source=API, type=ERROR, severity=HIGH, message='No detailed debug message due to a non-debug context'
[08:37:10] [Render thread/INFO]: OpenGL debug message: id=1005, source=API, type=ERROR, severity=HIGH, message='No detailed debug message due to a non-debug context'
[08:37:10] [Render thread/INFO]: OpenGL debug message: id=1005, source=API, type=ERROR, severity=HIGH, message='No detailed debug message due to a non-debug context'
[08:37:10] [Render thread/INFO]: OpenGL debug message: id=1005, source=API, type=ERROR, severity=HIGH, message='No detailed debug message due to a non-debug context'
[08:37:10] [Render thread/INFO]: OpenGL debug message: id=1005, source=API, type=ERROR, severity=HIGH, message='No detailed debug message due to a non-debug context'
[08:37:11] [Render thread/INFO]: OpenGL debug message: id=1005, source=API, type=ERROR, severity=HIGH, message='No detailed debug message due to a non-debug context'
[08:37:11] [Render thread/INFO]: OpenGL debug message: id=1005, source=API, type=ERROR, severity=HIGH, message='No detailed debug message due to a non-debug context'
[08:37:11] [Render thread/INFO]: OpenGL debug message: id=1005, source=API, type=ERROR, severity=HIGH, message='No detailed debug message due to a non-debug context'
[08:37:11] [Render thread/INFO]: OpenGL debug message: id=1005, source=API, type=ERROR, severity=HIGH, message='No detailed debug message due to a non-debug context'
[08:37:11] [Render thread/INFO]: OpenGL debug message: id=1005, source=API, type=ERROR, severity=HIGH, message='No detailed debug message due to a non-debug context'
[08:37:11] [Render thread/INFO]: OpenGL debug message: id=1005, source=API, type=ERROR, severity=HIGH, message='No detailed debug message due to a non-debug context'
[08:37:11] [Render thread/INFO]: OpenGL debug message: id=1005, source=API, type=ERROR, severity=HIGH, message='No detailed debug message due to a non-debug context'
[08:37:11] [Render thread/INFO]: OpenGL debug message: id=1005, source=API, type=ERROR, severity=HIGH, message='No detailed debug message due to a non-debug context'
[08:37:11] [Render thread/INFO]: OpenGL debug message: id=1005, source=API, type=ERROR, severity=HIGH, message='No detailed debug message due to a non-debug context'
[08:37:11] [Render thread/INFO]: OpenGL debug message: id=1005, source=API, type=ERROR, severity=HIGH, message='No detailed debug message due to a non-debug context'
[08:37:11] [Render thread/INFO]: OpenGL debug message: id=1005, source=API, type=ERROR, severity=HIGH, message='No detailed debug message due to a non-debug context'
[08:37:11] [Render thread/INFO]: OpenGL debug message: id=1005, source=API, type=ERROR, severity=HIGH, message='No detailed debug message due to a non-debug context'
[08:37:11] [Render thread/INFO]: OpenGL debug message: id=1005, source=API, type=ERROR, severity=HIGH, message='No detailed debug message due to a non-debug context'
[08:37:11] [Render thread/INFO]: OpenGL debug message: id=1005, source=API, type=ERROR, severity=HIGH, message='No detailed debug message due to a non-debug context'
[08:37:11] [Render thread/INFO]: OpenGL debug message: id=1005, source=API, type=ERROR, severity=HIGH, message='No detailed debug message due to a non-debug context'
[08:37:11] [Render thread/INFO]: OpenGL debug message: id=1005, source=API, type=ERROR, severity=HIGH, message='No detailed debug message due to a non-debug context'
[08:37:11] [Render thread/INFO]: OpenGL debug message: id=1005, source=API, type=ERROR, severity=HIGH, message='No detailed debug message due to a non-debug context'
[08:37:11] [Render thread/INFO]: OpenGL debug message: id=1005, source=API, type=ERROR, severity=HIGH, message='No detailed debug message due to a non-debug context'
[08:37:11] [Render thread/INFO]: OpenGL debug message: id=1005, source=API, type=ERROR, severity=HIGH, message='No detailed debug message due to a non-debug context'
[08:37:11] [Render thread/INFO]: OpenGL debug message: id=1005, source=API, type=ERROR, severity=HIGH, message='No detailed debug message due to a non-debug context'
[08:37:11] [Render thread/INFO]: OpenGL debug message: id=1005, source=API, type=ERROR, severity=HIGH, message='No detailed debug message due to a non-debug context'
[08:37:11] [Render thread/INFO]: OpenGL debug message: id=1005, source=API, type=ERROR, severity=HIGH, message='No detailed debug message due to a non-debug context'
[08:37:11] [Render thread/INFO]: OpenGL debug message: id=1005, source=API, type=ERROR, severity=HIGH, message='No detailed debug message due to a non-debug context'
[08:37:11] [Render thread/INFO]: OpenGL debug message: id=1005, source=API, type=ERROR, severity=HIGH, message='No detailed debug message due to a non-debug context'
[08:37:11] [Render thread/INFO]: OpenGL debug message: id=1005, source=API, type=ERROR, severity=HIGH, message='No detailed debug message due to a non-debug context'
[08:37:11] [Render thread/INFO]: OpenGL debug message: id=1005, source=API, type=ERROR, severity=HIGH, message='No detailed debug message due to a non-debug context'
[08:37:11] [Render thread/INFO]: OpenGL debug message: id=1005, source=API, type=ERROR, severity=HIGH, message='No detailed debug message due to a non-debug context'
[08:37:11] [Render thread/INFO]: OpenGL debug message: id=1005, source=API, type=ERROR, severity=HIGH, message='No detailed debug message due to a non-debug context'
[08:37:11] [Render thread/INFO]: OpenGL debug message: id=1005, source=API, type=ERROR, severity=HIGH, message='No detailed debug message due to a non-debug context'
[08:37:11] [Render thread/INFO]: OpenGL debug message: id=1005, source=API, type=ERROR, severity=HIGH, message='No detailed debug message due to a non-debug context'
[08:37:11] [Render thread/INFO]: OpenGL debug message: id=1005, source=API, type=ERROR, severity=HIGH, message='No detailed debug message due to a non-debug context'
[08:37:11] [Render thread/INFO]: OpenGL debug message: id=1005, source=API, type=ERROR, severity=HIGH, message='No detailed debug message due to a non-debug context'
[08:37:11] [Render thread/INFO]: OpenGL debug message: id=1005, source=API, type=ERROR, severity=HIGH, message='No detailed debug message due to a non-debug context'
[08:37:11] [Render thread/INFO]: OpenGL debug message: id=1005, source=API, type=ERROR, severity=HIGH, message='No detailed debug message due to a non-debug context'
[08:37:11] [Render thread/INFO]: OpenGL debug message: id=1005, source=API, type=ERROR, severity=HIGH, message='No detailed debug message due to a non-debug context'
[08:37:11] [Render thread/INFO]: OpenGL debug message: id=1005, source=API, type=ERROR, severity=HIGH, message='No detailed debug message due to a non-debug context'
[08:37:11] [Render thread/INFO]: OpenGL debug message: id=1005, source=API, type=ERROR, severity=HIGH, message='No detailed debug message due to a non-debug context'
[08:37:11] [Render thread/INFO]: OpenGL debug message: id=1005, source=API, type=ERROR, severity=HIGH, message='No detailed debug message due to a non-debug context'
[08:37:11] [Render thread/INFO]: OpenGL debug message: id=1005, source=API, type=ERROR, severity=HIGH, message='No detailed debug message due to a non-debug context'
[08:37:11] [Render thread/INFO]: OpenGL debug message: id=1005, source=API, type=ERROR, severity=HIGH, message='No detailed debug message due to a non-debug context'
[08:37:11] [Render thread/INFO]: OpenGL debug message: id=1005, source=API, type=ERROR, severity=HIGH, message='No detailed debug message due to a non-debug context'
[08:37:11] [Render thread/INFO]: OpenGL debug message: id=1005, source=API, type=ERROR, severity=HIGH, message='No detailed debug message due to a non-debug context'
[08:37:11] [Render thread/INFO]: OpenGL debug message: id=1005, source=API, type=ERROR, severity=HIGH, message='No detailed debug message due to a non-debug context'
[08:37:11] [Render thread/INFO]: OpenGL debug message: id=1005, source=API, type=ERROR, severity=HIGH, message='No detailed debug message due to a non-debug context'
[08:37:11] [Render thread/INFO]: OpenGL debug message: id=1005, source=API, type=ERROR, severity=HIGH, message='No detailed debug message due to a non-debug context'
[08:37:11] [Render thread/INFO]: OpenGL debug message: id=1005, source=API, type=ERROR, severity=HIGH, message='No detailed debug message due to a non-debug context'
[08:37:11] [Render thread/INFO]: OpenGL debug message: id=1005, source=API, type=ERROR, severity=HIGH, message='No detailed debug message due to a non-debug context'
[08:37:11] [Render thread/INFO]: OpenGL debug message: id=1005, source=API, type=ERROR, severity=HIGH, message='No detailed debug message due to a non-debug context'
[08:37:11] [Render thread/INFO]: OpenGL debug message: id=1005, source=API, type=ERROR, severity=HIGH, message='No detailed debug message due to a non-debug context'
[08:37:11] [Render thread/INFO]: OpenGL debug message: id=1005, source=API, type=ERROR, severity=HIGH, message='No detailed debug message due to a non-debug context'
[08:37:11] [Render thread/INFO]: OpenGL debug message: id=1005, source=API, type=ERROR, severity=HIGH, message='No detailed debug message due to a non-debug context'
[08:37:11] [Render thread/INFO]: OpenGL debug message: id=1005, source=API, type=ERROR, severity=HIGH, message='No detailed debug message due to a non-debug context'
[08:37:11] [Render thread/INFO]: OpenGL debug message: id=1005, source=API, type=ERROR, severity=HIGH, message='No detailed debug message due to a non-debug context'
[08:37:11] [Render thread/INFO]: OpenGL debug message: id=1005, source=API, type=ERROR, severity=HIGH, message='No detailed debug message due to a non-debug context'
[08:37:11] [Render thread/INFO]: OpenGL debug message: id=1005, source=API, type=ERROR, severity=HIGH, message='No detailed debug message due to a non-debug context'
[08:37:11] [Render thread/INFO]: OpenGL debug message: id=1005, source=API, type=ERROR, severity=HIGH, message='No detailed debug message due to a non-debug context'
[08:37:11] [Render thread/INFO]: OpenGL debug message: id=1005, source=API, type=ERROR, severity=HIGH, message='No detailed debug message due to a non-debug context'
[08:37:11] [Render thread/INFO]: OpenGL debug message: id=1005, source=API, type=ERROR, severity=HIGH, message='No detailed debug message due to a non-debug context'
[08:37:12] [Render thread/INFO]: OpenGL debug message: id=1005, source=API, type=ERROR, severity=HIGH, message='No detailed debug message due to a non-debug context'
[08:37:12] [Render thread/INFO]: OpenGL debug message: id=1005, source=API, type=ERROR, severity=HIGH, message='No detailed debug message due to a non-debug context'
[08:37:12] [Render thread/INFO]: OpenGL debug message: id=1005, source=API, type=ERROR, severity=HIGH, message='No detailed debug message due to a non-debug context'
[08:37:12] [Render thread/INFO]: OpenGL debug message: id=1005, source=API, type=ERROR, severity=HIGH, message='No detailed debug message due to a non-debug context'
[08:37:12] [Render thread/INFO]: OpenGL debug message: id=1005, source=API, type=ERROR, severity=HIGH, message='No detailed debug message due to a non-debug context'
[08:37:12] [Render thread/INFO]: OpenGL debug message: id=1005, source=API, type=ERROR, severity=HIGH, message='No detailed debug message due to a non-debug context'
[08:37:12] [Render thread/INFO]: OpenGL debug message: id=1005, source=API, type=ERROR, severity=HIGH, message='No detailed debug message due to a non-debug context'
[08:37:12] [Render thread/INFO]: OpenGL debug message: id=1005, source=API, type=ERROR, severity=HIGH, message='No detailed debug message due to a non-debug context'
[08:37:12] [Render thread/INFO]: OpenGL debug message: id=1005, source=API, type=ERROR, severity=HIGH, message='No detailed debug message due to a non-debug context'
[08:37:12] [Render thread/INFO]: OpenGL debug message: id=1005, source=API, type=ERROR, severity=HIGH, message='No detailed debug message due to a non-debug context'
[08:37:12] [Render thread/INFO]: OpenGL debug message: id=1005, source=API, type=ERROR, severity=HIGH, message='No detailed debug message due to a non-debug context'
[08:37:12] [Render thread/INFO]: OpenGL debug message: id=1005, source=API, type=ERROR, severity=HIGH, message='No detailed debug message due to a non-debug context'
[08:37:12] [Render thread/INFO]: OpenGL debug message: id=1005, source=API, type=ERROR, severity=HIGH, message='No detailed debug message due to a non-debug context'
[08:37:12] [Render thread/INFO]: OpenGL debug message: id=1005, source=API, type=ERROR, severity=HIGH, message='No detailed debug message due to a non-debug context'
[08:37:12] [Render thread/INFO]: OpenGL debug message: id=1005, source=API, type=ERROR, severity=HIGH, message='No detailed debug message due to a non-debug context'
[08:37:12] [Render thread/INFO]: OpenGL debug message: id=1005, source=API, type=ERROR, severity=HIGH, message='No detailed debug message due to a non-debug context'
[08:37:12] [Render thread/INFO]: OpenGL debug message: id=1005, source=API, type=ERROR, severity=HIGH, message='No detailed debug message due to a non-debug context'
[08:37:12] [Render thread/INFO]: OpenGL debug message: id=1005, source=API, type=ERROR, severity=HIGH, message='No detailed debug message due to a non-debug context'
[08:37:12] [Render thread/INFO]: OpenGL debug message: id=1005, source=API, type=ERROR, severity=HIGH, message='No detailed debug message due to a non-debug context'
[08:37:12] [Render thread/INFO]: OpenGL debug message: id=1005, source=API, type=ERROR, severity=HIGH, message='No detailed debug message due to a non-debug context'
[08:37:12] [Render thread/INFO]: OpenGL debug message: id=1005, source=API, type=ERROR, severity=HIGH, message='No detailed debug message due to a non-debug context'
[08:37:12] [Render thread/INFO]: OpenGL debug message: id=1005, source=API, type=ERROR, severity=HIGH, message='No detailed debug message due to a non-debug context'
[08:37:12] [Render thread/INFO]: OpenGL debug message: id=1005, source=API, type=ERROR, severity=HIGH, message='No detailed debug message due to a non-debug context'
[08:37:12] [Render thread/INFO]: OpenGL debug message: id=1005, source=API, type=ERROR, severity=HIGH, message='No detailed debug message due to a non-debug context'
[08:37:12] [Render thread/INFO]: OpenGL debug message: id=1005, source=API, type=ERROR, severity=HIGH, message='No detailed debug message due to a non-debug context'
[08:37:12] [Render thread/INFO]: OpenGL debug message: id=1005, source=API, type=ERROR, severity=HIGH, message='No detailed debug message due to a non-debug context'
[08:37:12] [Render thread/INFO]: OpenGL debug message: id=1005, source=API, type=ERROR, severity=HIGH, message='No detailed debug message due to a non-debug context'
[08:37:12] [Render thread/INFO]: OpenGL debug message: id=1005, source=API, type=ERROR, severity=HIGH, message='No detailed debug message due to a non-debug context'
[08:37:12] [Render thread/INFO]: OpenGL debug message: id=1005, source=API, type=ERROR, severity=HIGH, message='No detailed debug message due to a non-debug context'
[08:37:12] [Render thread/INFO]: OpenGL debug message: id=1005, source=API, type=ERROR, severity=HIGH, message='No detailed debug message due to a non-debug context'
[08:37:12] [Render thread/INFO]: OpenGL debug message: id=1005, source=API, type=ERROR, severity=HIGH, message='No detailed debug message due to a non-debug context'
[08:37:12] [Render thread/INFO]: OpenGL debug message: id=1005, source=API, type=ERROR, severity=HIGH, message='No detailed debug message due to a non-debug context'
[08:37:12] [Render thread/INFO]: OpenGL debug message: id=1005, source=API, type=ERROR, severity=HIGH, message='No detailed debug message due to a non-debug context'
[08:37:12] [Render thread/INFO]: OpenGL debug message: id=1005, source=API, type=ERROR, severity=HIGH, message='No detailed debug message due to a non-debug context'
[08:37:12] [Render thread/INFO]: OpenGL debug message: id=1005, source=API, type=ERROR, severity=HIGH, message='No detailed debug message due to a non-debug context'
[08:37:12] [Render thread/INFO]: OpenGL debug message: id=1005, source=API, type=ERROR, severity=HIGH, message='No detailed debug message due to a non-debug context'
[08:37:12] [Render thread/INFO]: OpenGL debug message: id=1005, source=API, type=ERROR, severity=HIGH, message='No detailed debug message due to a non-debug context'
[08:37:12] [Render thread/INFO]: OpenGL debug message: id=1005, source=API, type=ERROR, severity=HIGH, message='No detailed debug message due to a non-debug context'
[08:37:12] [Render thread/INFO]: OpenGL debug message: id=1005, source=API, type=ERROR, severity=HIGH, message='No detailed debug message due to a non-debug context'
[08:37:12] [Render thread/INFO]: OpenGL debug message: id=1005, source=API, type=ERROR, severity=HIGH, message='No detailed debug message due to a non-debug context'
[08:37:12] [Render thread/INFO]: OpenGL debug message: id=1005, source=API, type=ERROR, severity=HIGH, message='No detailed debug message due to a non-debug context'
[08:37:12] [Render thread/INFO]: OpenGL debug message: id=1005, source=API, type=ERROR, severity=HIGH, message='No detailed debug message due to a non-debug context'
[08:37:12] [Render thread/INFO]: OpenGL debug message: id=1005, source=API, type=ERROR, severity=HIGH, message='No detailed debug message due to a non-debug context'
[08:37:12] [Render thread/INFO]: OpenGL debug message: id=1005, source=API, type=ERROR, severity=HIGH, message='No detailed debug message due to a non-debug context'
[08:37:12] [Render thread/INFO]: OpenGL debug message: id=1005, source=API, type=ERROR, severity=HIGH, message='No detailed debug message due to a non-debug context'
[08:37:12] [Render thread/INFO]: OpenGL debug message: id=1005, source=API, type=ERROR, severity=HIGH, message='No detailed debug message due to a non-debug context'
[08:37:12] [Render thread/INFO]: OpenGL debug message: id=1005, source=API, type=ERROR, severity=HIGH, message='No detailed debug message due to a non-debug context'
[08:37:12] [Render thread/INFO]: OpenGL debug message: id=1005, source=API, type=ERROR, severity=HIGH, message='No detailed debug message due to a non-debug context'
[08:37:12] [Render thread/INFO]: OpenGL debug message: id=1005, source=API, type=ERROR, severity=HIGH, message='No detailed debug message due to a non-debug context'
[08:37:12] [Render thread/INFO]: OpenGL debug message: id=1005, source=API, type=ERROR, severity=HIGH, message='No detailed debug message due to a non-debug context'
[08:37:12] [Render thread/INFO]: OpenGL debug message: id=1005, source=API, type=ERROR, severity=HIGH, message='No detailed debug message due to a non-debug context'
[08:37:12] [Render thread/INFO]: OpenGL debug message: id=1005, source=API, type=ERROR, severity=HIGH, message='No detailed debug message due to a non-debug context'
[08:37:12] [Render thread/INFO]: OpenGL debug message: id=1005, source=API, type=ERROR, severity=HIGH, message='No detailed debug message due to a non-debug context'
[08:37:12] [Render thread/INFO]: OpenGL debug message: id=1005, source=API, type=ERROR, severity=HIGH, message='No detailed debug message due to a non-debug context'
[08:37:12] [Render thread/INFO]: OpenGL debug message: id=1005, source=API, type=ERROR, severity=HIGH, message='No detailed debug message due to a non-debug context'
[08:37:12] [Render thread/INFO]: OpenGL debug message: id=1005, source=API, type=ERROR, severity=HIGH, message='No detailed debug message due to a non-debug context'
[08:37:12] [Render thread/INFO]: OpenGL debug message: id=1005, source=API, type=ERROR, severity=HIGH, message='No detailed debug message due to a non-debug context'
[08:37:13] [Render thread/INFO]: OpenGL debug message: id=1005, source=API, type=ERROR, severity=HIGH, message='No detailed debug message due to a non-debug context'
[08:37:13] [Render thread/INFO]: OpenGL debug message: id=1005, source=API, type=ERROR, severity=HIGH, message='No detailed debug message due to a non-debug context'
[08:37:13] [Render thread/INFO]: OpenGL debug message: id=1005, source=API, type=ERROR, severity=HIGH, message='No detailed debug message due to a non-debug context'
[08:37:13] [Render thread/INFO]: OpenGL debug message: id=1005, source=API, type=ERROR, severity=HIGH, message='No detailed debug message due to a non-debug context'
[08:37:13] [Render thread/INFO]: OpenGL debug message: id=1005, source=API, type=ERROR, severity=HIGH, message='No detailed debug message due to a non-debug context'
[08:37:13] [Render thread/INFO]: OpenGL debug message: id=1005, source=API, type=ERROR, severity=HIGH, message='No detailed debug message due to a non-debug context'
[08:37:13] [Render thread/INFO]: OpenGL debug message: id=1005, source=API, type=ERROR, severity=HIGH, message='No detailed debug message due to a non-debug context'
[08:37:13] [Render thread/INFO]: OpenGL debug message: id=1005, source=API, type=ERROR, severity=HIGH, message='No detailed debug message due to a non-debug context'
[08:37:13] [Render thread/INFO]: [System] [CHAT] Ð? lýu ?nh ch?p màn h?nh v?i tên 2026-05-15_08.37.12.png
[08:37:13] [Render thread/INFO]: OpenGL debug message: id=1005, source=API, type=ERROR, severity=HIGH, message='No detailed debug message due to a non-debug context'
[08:37:13] [Render thread/INFO]: OpenGL debug message: id=1005, source=API, type=ERROR, severity=HIGH, message='No detailed debug message due to a non-debug context'
[08:37:13] [Render thread/INFO]: OpenGL debug message: id=1005, source=API, type=ERROR, severity=HIGH, message='No detailed debug message due to a non-debug context'
[08:37:13] [Render thread/INFO]: OpenGL debug message: id=1005, source=API, type=ERROR, severity=HIGH, message='No detailed debug message due to a non-debug context'
[08:37:13] [Render thread/INFO]: OpenGL debug message: id=1005, source=API, type=ERROR, severity=HIGH, message='No detailed debug message due to a non-debug context'
[08:37:13] [Render thread/INFO]: OpenGL debug message: id=1005, source=API, type=ERROR, severity=HIGH, message='No detailed debug message due to a non-debug context'
[08:37:13] [Render thread/INFO]: OpenGL debug message: id=1005, source=API, type=ERROR, severity=HIGH, message='No detailed debug message due to a non-debug context'
[08:37:13] [Render thread/INFO]: OpenGL debug message: id=1005, source=API, type=ERROR, severity=HIGH, message='No detailed debug message due to a non-debug context'
[08:37:13] [Render thread/INFO]: OpenGL debug message: id=1005, source=API, type=ERROR, severity=HIGH, message='No detailed debug message due to a non-debug context'
[08:37:13] [Render thread/INFO]: OpenGL debug message: id=1005, source=API, type=ERROR, severity=HIGH, message='No detailed debug message due to a non-debug context'
[08:37:13] [Render thread/INFO]: OpenGL debug message: id=1005, source=API, type=ERROR, severity=HIGH, message='No detailed debug message due to a non-debug context'
[08:37:13] [Render thread/INFO]: OpenGL debug message: id=1005, source=API, type=ERROR, severity=HIGH, message='No detailed debug message due to a non-debug context'
[08:37:13] [Render thread/INFO]: OpenGL debug message: id=1005, source=API, type=ERROR, severity=HIGH, message='No detailed debug message due to a non-debug context'
[08:37:13] [Render thread/INFO]: OpenGL debug message: id=1005, source=API, type=ERROR, severity=HIGH, message='No detailed debug message due to a non-debug context'
[08:37:13] [Render thread/INFO]: OpenGL debug message: id=1005, source=API, type=ERROR, severity=HIGH, message='No detailed debug message due to a non-debug context'
[08:37:13] [Render thread/INFO]: OpenGL debug message: id=1005, source=API, type=ERROR, severity=HIGH, message='No detailed debug message due to a non-debug context'
[08:37:13] [Render thread/INFO]: OpenGL debug message: id=1005, source=API, type=ERROR, severity=HIGH, message='No detailed debug message due to a non-debug context'
[08:37:13] [Render thread/INFO]: OpenGL debug message: id=1005, source=API, type=ERROR, severity=HIGH, message='No detailed debug message due to a non-debug context'
[08:37:13] [Render thread/INFO]: OpenGL debug message: id=1005, source=API, type=ERROR, severity=HIGH, message='No detailed debug message due to a non-debug context'
[08:37:13] [Render thread/INFO]: OpenGL debug message: id=1005, source=API, type=ERROR, severity=HIGH, message='No detailed debug message due to a non-debug context'
[08:37:13] [Render thread/INFO]: OpenGL debug message: id=1005, source=API, type=ERROR, severity=HIGH, message='No detailed debug message due to a non-debug context'
[08:37:13] [Render thread/INFO]: OpenGL debug message: id=1005, source=API, type=ERROR, severity=HIGH, message='No detailed debug message due to a non-debug context'
[08:37:13] [Render thread/INFO]: OpenGL debug message: id=1005, source=API, type=ERROR, severity=HIGH, message='No detailed debug message due to a non-debug context'
[08:37:13] [Render thread/INFO]: OpenGL debug message: id=1005, source=API, type=ERROR, severity=HIGH, message='No detailed debug message due to a non-debug context'
[08:37:13] [Render thread/INFO]: OpenGL debug message: id=1005, source=API, type=ERROR, severity=HIGH, message='No detailed debug message due to a non-debug context'
[08:37:13] [Render thread/INFO]: OpenGL debug message: id=1005, source=API, type=ERROR, severity=HIGH, message='No detailed debug message due to a non-debug context'
[08:37:13] [Render thread/INFO]: OpenGL debug message: id=1005, source=API, type=ERROR, severity=HIGH, message='No detailed debug message due to a non-debug context'
[08:37:13] [Render thread/INFO]: OpenGL debug message: id=1005, source=API, type=ERROR, severity=HIGH, message='No detailed debug message due to a non-debug context'
[08:37:13] [Render thread/INFO]: OpenGL debug message: id=1005, source=API, type=ERROR, severity=HIGH, message='No detailed debug message due to a non-debug context'
[08:37:13] [Render thread/INFO]: OpenGL debug message: id=1005, source=API, type=ERROR, severity=HIGH, message='No detailed debug message due to a non-debug context'
[08:37:13] [Render thread/INFO]: OpenGL debug message: id=1005, source=API, type=ERROR, severity=HIGH, message='No detailed debug message due to a non-debug context'
[08:37:13] [Render thread/INFO]: OpenGL debug message: id=1005, source=API, type=ERROR, severity=HIGH, message='No detailed debug message due to a non-debug context'
[08:37:13] [Render thread/INFO]: OpenGL debug message: id=1005, source=API, type=ERROR, severity=HIGH, message='No detailed debug message due to a non-debug context'
[08:37:13] [Render thread/INFO]: OpenGL debug message: id=1005, source=API, type=ERROR, severity=HIGH, message='No detailed debug message due to a non-debug context'
[08:37:13] [Render thread/INFO]: OpenGL debug message: id=1005, source=API, type=ERROR, severity=HIGH, message='No detailed debug message due to a non-debug context'
[08:37:13] [Render thread/INFO]: OpenGL debug message: id=1005, source=API, type=ERROR, severity=HIGH, message='No detailed debug message due to a non-debug context'
[08:37:13] [Render thread/INFO]: OpenGL debug message: id=1005, source=API, type=ERROR, severity=HIGH, message='No detailed debug message due to a non-debug context'
[08:37:13] [Render thread/INFO]: OpenGL debug message: id=1005, source=API, type=ERROR, severity=HIGH, message='No detailed debug message due to a non-debug context'
[08:37:13] [Render thread/INFO]: OpenGL debug message: id=1005, source=API, type=ERROR, severity=HIGH, message='No detailed debug message due to a non-debug context'
[08:37:13] [Render thread/INFO]: OpenGL debug message: id=1005, source=API, type=ERROR, severity=HIGH, message='No detailed debug message due to a non-debug context'
[08:37:13] [Render thread/INFO]: OpenGL debug message: id=1005, source=API, type=ERROR, severity=HIGH, message='No detailed debug message due to a non-debug context'
[08:37:13] [Render thread/INFO]: OpenGL debug message: id=1005, source=API, type=ERROR, severity=HIGH, message='No detailed debug message due to a non-debug context'
[08:37:13] [Render thread/INFO]: OpenGL debug message: id=1005, source=API, type=ERROR, severity=HIGH, message='No detailed debug message due to a non-debug context'
[08:37:13] [Render thread/INFO]: OpenGL debug message: id=1005, source=API, type=ERROR, severity=HIGH, message='No detailed debug message due to a non-debug context'
[08:37:13] [Render thread/INFO]: OpenGL debug message: id=1005, source=API, type=ERROR, severity=HIGH, message='No detailed debug message due to a non-debug context'
[08:37:13] [Render thread/INFO]: OpenGL debug message: id=1005, source=API, type=ERROR, severity=HIGH, message='No detailed debug message due to a non-debug context'
[08:37:13] [Render thread/INFO]: OpenGL debug message: id=1005, source=API, type=ERROR, severity=HIGH, message='No detailed debug message due to a non-debug context'
[08:37:13] [Render thread/INFO]: OpenGL debug message: id=1005, source=API, type=ERROR, severity=HIGH, message='No detailed debug message due to a non-debug context'
[08:37:13] [Render thread/INFO]: OpenGL debug message: id=1005, source=API, type=ERROR, severity=HIGH, message='No detailed debug message due to a non-debug context'
[08:37:13] [Server thread/INFO]: [ben10: Ð? ch?nh ch? ð? chõi cho b?n thân thành Ch? ð? sinh t?n]
[08:37:13] [Render thread/INFO]: [System] [CHAT] Ð? ch?nh ch? ð? chõi cho b?n thân thành Ch? ð? sinh t?n
[08:37:13] [Render thread/INFO]: OpenGL debug message: id=1005, source=API, type=ERROR, severity=HIGH, message='No detailed debug message due to a non-debug context'
[08:37:13] [Render thread/INFO]: OpenGL debug message: id=1005, source=API, type=ERROR, severity=HIGH, message='No detailed debug message due to a non-debug context'
[08:37:14] [Render thread/INFO]: OpenGL debug message: id=1005, source=API, type=ERROR, severity=HIGH, message='No detailed debug message due to a non-debug context'
[08:37:14] [Render thread/INFO]: OpenGL debug message: id=1005, source=API, type=ERROR, severity=HIGH, message='No detailed debug message due to a non-debug context'
[08:37:14] [Render thread/INFO]: OpenGL debug message: id=1005, source=API, type=ERROR, severity=HIGH, message='No detailed debug message due to a non-debug context'
[08:37:14] [Render thread/INFO]: OpenGL debug message: id=1005, source=API, type=ERROR, severity=HIGH, message='No detailed debug message due to a non-debug context'
[08:37:14] [Render thread/INFO]: OpenGL debug message: id=1005, source=API, type=ERROR, severity=HIGH, message='No detailed debug message due to a non-debug context'
[08:37:14] [Render thread/INFO]: OpenGL debug message: id=1005, source=API, type=ERROR, severity=HIGH, message='No detailed debug message due to a non-debug context'
[08:37:14] [Render thread/INFO]: OpenGL debug message: id=1005, source=API, type=ERROR, severity=HIGH, message='No detailed debug message due to a non-debug context'
[08:37:14] [Render thread/INFO]: OpenGL debug message: id=1005, source=API, type=ERROR, severity=HIGH, message='No detailed debug message due to a non-debug context'
[08:37:14] [Render thread/INFO]: OpenGL debug message: id=1005, source=API, type=ERROR, severity=HIGH, message='No detailed debug message due to a non-debug context'
[08:37:14] [Render thread/INFO]: OpenGL debug message: id=1005, source=API, type=ERROR, severity=HIGH, message='No detailed debug message due to a non-debug context'
[08:37:14] [Render thread/INFO]: OpenGL debug message: id=1005, source=API, type=ERROR, severity=HIGH, message='No detailed debug message due to a non-debug context'
[08:37:14] [Render thread/INFO]: OpenGL debug message: id=1005, source=API, type=ERROR, severity=HIGH, message='No detailed debug message due to a non-debug context'
[08:37:14] [Render thread/INFO]: OpenGL debug message: id=1005, source=API, type=ERROR, severity=HIGH, message='No detailed debug message due to a non-debug context'
[08:37:14] [Render thread/INFO]: OpenGL debug message: id=1005, source=API, type=ERROR, severity=HIGH, message='No detailed debug message due to a non-debug context'
[08:37:14] [Render thread/INFO]: OpenGL debug message: id=1005, source=API, type=ERROR, severity=HIGH, message='No detailed debug message due to a non-debug context'
[08:37:14] [Render thread/INFO]: OpenGL debug message: id=1005, source=API, type=ERROR, severity=HIGH, message='No detailed debug message due to a non-debug context'
[08:37:14] [Render thread/INFO]: OpenGL debug message: id=1005, source=API, type=ERROR, severity=HIGH, message='No detailed debug message due to a non-debug context'
[08:37:14] [Render thread/INFO]: OpenGL debug message: id=1005, source=API, type=ERROR, severity=HIGH, message='No detailed debug message due to a non-debug context'
[08:37:14] [Render thread/INFO]: OpenGL debug message: id=1005, source=API, type=ERROR, severity=HIGH, message='No detailed debug message due to a non-debug context'
[08:37:14] [Render thread/INFO]: OpenGL debug message: id=1005, source=API, type=ERROR, severity=HIGH, message='No detailed debug message due to a non-debug context'
[08:37:14] [Render thread/INFO]: OpenGL debug message: id=1005, source=API, type=ERROR, severity=HIGH, message='No detailed debug message due to a non-debug context'
[08:37:14] [Render thread/INFO]: OpenGL debug message: id=1005, source=API, type=ERROR, severity=HIGH, message='No detailed debug message due to a non-debug context'
[08:37:14] [Render thread/INFO]: OpenGL debug message: id=1005, source=API, type=ERROR, severity=HIGH, message='No detailed debug message due to a non-debug context'
[08:37:14] [Render thread/INFO]: OpenGL debug message: id=1005, source=API, type=ERROR, severity=HIGH, message='No detailed debug message due to a non-debug context'
[08:37:14] [Render thread/INFO]: OpenGL debug message: id=1005, source=API, type=ERROR, severity=HIGH, message='No detailed debug message due to a non-debug context'
[08:37:14] [Render thread/INFO]: OpenGL debug message: id=1005, source=API, type=ERROR, severity=HIGH, message='No detailed debug message due to a non-debug context'
[08:37:14] [Render thread/INFO]: OpenGL debug message: id=1005, source=API, type=ERROR, severity=HIGH, message='No detailed debug message due to a non-debug context'
[08:37:14] [Render thread/INFO]: OpenGL debug message: id=1005, source=API, type=ERROR, severity=HIGH, message='No detailed debug message due to a non-debug context'
[08:37:14] [Render thread/INFO]: OpenGL debug message: id=1005, source=API, type=ERROR, severity=HIGH, message='No detailed debug message due to a non-debug context'
[08:37:14] [Render thread/INFO]: OpenGL debug message: id=1005, source=API, type=ERROR, severity=HIGH, message='No detailed debug message due to a non-debug context'
[08:37:14] [Render thread/INFO]: OpenGL debug message: id=1005, source=API, type=ERROR, severity=HIGH, message='No detailed debug message due to a non-debug context'
[08:37:14] [Render thread/INFO]: OpenGL debug message: id=1005, source=API, type=ERROR, severity=HIGH, message='No detailed debug message due to a non-debug context'
[08:37:14] [Render thread/INFO]: OpenGL debug message: id=1005, source=API, type=ERROR, severity=HIGH, message='No detailed debug message due to a non-debug context'
[08:37:14] [Render thread/INFO]: OpenGL debug message: id=1005, source=API, type=ERROR, severity=HIGH, message='No detailed debug message due to a non-debug context'
[08:37:14] [Render thread/INFO]: OpenGL debug message: id=1005, source=API, type=ERROR, severity=HIGH, message='No detailed debug message due to a non-debug context'
[08:37:14] [Render thread/INFO]: OpenGL debug message: id=1005, source=API, type=ERROR, severity=HIGH, message='No detailed debug message due to a non-debug context'
[08:37:14] [Render thread/INFO]: OpenGL debug message: id=1005, source=API, type=ERROR, severity=HIGH, message='No detailed debug message due to a non-debug context'
[08:37:14] [Render thread/INFO]: OpenGL debug message: id=1005, source=API, type=ERROR, severity=HIGH, message='No detailed debug message due to a non-debug context'
[08:37:14] [Render thread/INFO]: OpenGL debug message: id=1005, source=API, type=ERROR, severity=HIGH, message='No detailed debug message due to a non-debug context'
[08:37:14] [Render thread/INFO]: OpenGL debug message: id=1005, source=API, type=ERROR, severity=HIGH, message='No detailed debug message due to a non-debug context'
[08:37:14] [Render thread/INFO]: OpenGL debug message: id=1005, source=API, type=ERROR, severity=HIGH, message='No detailed debug message due to a non-debug context'
[08:37:14] [Render thread/INFO]: OpenGL debug message: id=1005, source=API, type=ERROR, severity=HIGH, message='No detailed debug message due to a non-debug context'
[08:37:14] [Render thread/INFO]: OpenGL debug message: id=1005, source=API, type=ERROR, severity=HIGH, message='No detailed debug message due to a non-debug context'
[08:37:14] [Render thread/INFO]: OpenGL debug message: id=1005, source=API, type=ERROR, severity=HIGH, message='No detailed debug message due to a non-debug context'
[08:37:14] [Render thread/INFO]: OpenGL debug message: id=1005, source=API, type=ERROR, severity=HIGH, message='No detailed debug message due to a non-debug context'
[08:37:14] [Render thread/INFO]: OpenGL debug message: id=1005, source=API, type=ERROR, severity=HIGH, message='No detailed debug message due to a non-debug context'
[08:37:14] [Render thread/INFO]: OpenGL debug message: id=1005, source=API, type=ERROR, severity=HIGH, message='No detailed debug message due to a non-debug context'
[08:37:14] [Render thread/INFO]: OpenGL debug message: id=1005, source=API, type=ERROR, severity=HIGH, message='No detailed debug message due to a non-debug context'
[08:37:14] [Render thread/INFO]: OpenGL debug message: id=1005, source=API, type=ERROR, severity=HIGH, message='No detailed debug message due to a non-debug context'
[08:37:14] [Render thread/INFO]: OpenGL debug message: id=1005, source=API, type=ERROR, severity=HIGH, message='No detailed debug message due to a non-debug context'
[08:37:14] [Render thread/INFO]: OpenGL debug message: id=1005, source=API, type=ERROR, severity=HIGH, message='No detailed debug message due to a non-debug context'
[08:37:14] [Render thread/INFO]: OpenGL debug message: id=1005, source=API, type=ERROR, severity=HIGH, message='No detailed debug message due to a non-debug context'
[08:37:14] [Render thread/INFO]: OpenGL debug message: id=1005, source=API, type=ERROR, severity=HIGH, message='No detailed debug message due to a non-debug context'
[08:37:14] [Render thread/INFO]: OpenGL debug message: id=1005, source=API, type=ERROR, severity=HIGH, message='No detailed debug message due to a non-debug context'
[08:37:14] [Render thread/INFO]: OpenGL debug message: id=1005, source=API, type=ERROR, severity=HIGH, message='No detailed debug message due to a non-debug context'
[08:37:14] [Render thread/INFO]: OpenGL debug message: id=1005, source=API, type=ERROR, severity=HIGH, message='No detailed debug message due to a non-debug context'
[08:37:14] [Render thread/INFO]: OpenGL debug message: id=1005, source=API, type=ERROR, severity=HIGH, message='No detailed debug message due to a non-debug context'
[08:37:14] [Render thread/INFO]: OpenGL debug message: id=1005, source=API, type=ERROR, severity=HIGH, message='No detailed debug message due to a non-debug context'
[08:37:15] [Render thread/INFO]: OpenGL debug message: id=1005, source=API, type=ERROR, severity=HIGH, message='No detailed debug message due to a non-debug context'
[08:37:15] [Render thread/INFO]: OpenGL debug message: id=1005, source=API, type=ERROR, severity=HIGH, message='No detailed debug message due to a non-debug context'
[08:37:15] [Render thread/INFO]: OpenGL debug message: id=1005, source=API, type=ERROR, severity=HIGH, message='No detailed debug message due to a non-debug context'
[08:37:15] [Render thread/INFO]: OpenGL debug message: id=1005, source=API, type=ERROR, severity=HIGH, message='No detailed debug message due to a non-debug context'
[08:37:15] [Render thread/INFO]: OpenGL debug message: id=1005, source=API, type=ERROR, severity=HIGH, message='No detailed debug message due to a non-debug context'
[08:37:15] [Render thread/INFO]: OpenGL debug message: id=1005, source=API, type=ERROR, severity=HIGH, message='No detailed debug message due to a non-debug context'
[08:37:15] [Render thread/INFO]: OpenGL debug message: id=1005, source=API, type=ERROR, severity=HIGH, message='No detailed debug message due to a non-debug context'
[08:37:15] [Render thread/INFO]: OpenGL debug message: id=1005, source=API, type=ERROR, severity=HIGH, message='No detailed debug message due to a non-debug context'
[08:37:15] [Render thread/INFO]: OpenGL debug message: id=1005, source=API, type=ERROR, severity=HIGH, message='No detailed debug message due to a non-debug context'
[08:37:15] [Render thread/INFO]: OpenGL debug message: id=1005, source=API, type=ERROR, severity=HIGH, message='No detailed debug message due to a non-debug context'
[08:37:15] [Render thread/INFO]: OpenGL debug message: id=1005, source=API, type=ERROR, severity=HIGH, message='No detailed debug message due to a non-debug context'
[08:37:15] [Render thread/INFO]: OpenGL debug message: id=1005, source=API, type=ERROR, severity=HIGH, message='No detailed debug message due to a non-debug context'
[08:37:15] [Render thread/INFO]: OpenGL debug message: id=1005, source=API, type=ERROR, severity=HIGH, message='No detailed debug message due to a non-debug context'
[08:37:15] [Render thread/INFO]: OpenGL debug message: id=1005, source=API, type=ERROR, severity=HIGH, message='No detailed debug message due to a non-debug context'
[08:37:15] [Render thread/INFO]: OpenGL debug message: id=1005, source=API, type=ERROR, severity=HIGH, message='No detailed debug message due to a non-debug context'
[08:37:15] [Render thread/INFO]: OpenGL debug message: id=1005, source=API, type=ERROR, severity=HIGH, message='No detailed debug message due to a non-debug context'
[08:37:15] [Render thread/INFO]: OpenGL debug message: id=1005, source=API, type=ERROR, severity=HIGH, message='No detailed debug message due to a non-debug context'
[08:37:15] [Render thread/INFO]: OpenGL debug message: id=1005, source=API, type=ERROR, severity=HIGH, message='No detailed debug message due to a non-debug context'
[08:37:15] [Render thread/INFO]: OpenGL debug message: id=1005, source=API, type=ERROR, severity=HIGH, message='No detailed debug message due to a non-debug context'
[08:37:15] [Render thread/INFO]: OpenGL debug message: id=1005, source=API, type=ERROR, severity=HIGH, message='No detailed debug message due to a non-debug context'
[08:37:15] [Render thread/INFO]: OpenGL debug message: id=1005, source=API, type=ERROR, severity=HIGH, message='No detailed debug message due to a non-debug context'
[08:37:15] [Render thread/INFO]: OpenGL debug message: id=1005, source=API, type=ERROR, severity=HIGH, message='No detailed debug message due to a non-debug context'
[08:37:15] [Render thread/INFO]: OpenGL debug message: id=1005, source=API, type=ERROR, severity=HIGH, message='No detailed debug message due to a non-debug context'
[08:37:15] [Render thread/INFO]: OpenGL debug message: id=1005, source=API, type=ERROR, severity=HIGH, message='No detailed debug message due to a non-debug context'
[08:37:15] [Render thread/INFO]: OpenGL debug message: id=1005, source=API, type=ERROR, severity=HIGH, message='No detailed debug message due to a non-debug context'
[08:37:15] [Render thread/INFO]: OpenGL debug message: id=1005, source=API, type=ERROR, severity=HIGH, message='No detailed debug message due to a non-debug context'
[08:37:15] [Render thread/INFO]: OpenGL debug message: id=1005, source=API, type=ERROR, severity=HIGH, message='No detailed debug message due to a non-debug context'
[08:37:15] [Render thread/INFO]: OpenGL debug message: id=1005, source=API, type=ERROR, severity=HIGH, message='No detailed debug message due to a non-debug context'
[08:37:15] [Render thread/INFO]: OpenGL debug message: id=1005, source=API, type=ERROR, severity=HIGH, message='No detailed debug message due to a non-debug context'
[08:37:15] [Render thread/INFO]: OpenGL debug message: id=1005, source=API, type=ERROR, severity=HIGH, message='No detailed debug message due to a non-debug context'
[08:37:15] [Render thread/INFO]: OpenGL debug message: id=1005, source=API, type=ERROR, severity=HIGH, message='No detailed debug message due to a non-debug context'
[08:37:15] [Render thread/INFO]: OpenGL debug message: id=1005, source=API, type=ERROR, severity=HIGH, message='No detailed debug message due to a non-debug context'
[08:37:15] [Render thread/INFO]: OpenGL debug message: id=1005, source=API, type=ERROR, severity=HIGH, message='No detailed debug message due to a non-debug context'
[08:37:15] [Render thread/INFO]: OpenGL debug message: id=1005, source=API, type=ERROR, severity=HIGH, message='No detailed debug message due to a non-debug context'
[08:37:15] [Render thread/INFO]: OpenGL debug message: id=1005, source=API, type=ERROR, severity=HIGH, message='No detailed debug message due to a non-debug context'
[08:37:15] [Render thread/INFO]: OpenGL debug message: id=1005, source=API, type=ERROR, severity=HIGH, message='No detailed debug message due to a non-debug context'
[08:37:15] [Render thread/INFO]: OpenGL debug message: id=1005, source=API, type=ERROR, severity=HIGH, message='No detailed debug message due to a non-debug context'
[08:37:15] [Render thread/INFO]: OpenGL debug message: id=1005, source=API, type=ERROR, severity=HIGH, message='No detailed debug message due to a non-debug context'
[08:37:15] [Render thread/INFO]: OpenGL debug message: id=1005, source=API, type=ERROR, severity=HIGH, message='No detailed debug message due to a non-debug context'
[08:37:15] [Render thread/INFO]: OpenGL debug message: id=1005, source=API, type=ERROR, severity=HIGH, message='No detailed debug message due to a non-debug context'
[08:37:15] [Render thread/INFO]: OpenGL debug message: id=1005, source=API, type=ERROR, severity=HIGH, message='No detailed debug message due to a non-debug context'
[08:37:15] [Render thread/INFO]: OpenGL debug message: id=1005, source=API, type=ERROR, severity=HIGH, message='No detailed debug message due to a non-debug context'
[08:37:15] [Render thread/INFO]: OpenGL debug message: id=1005, source=API, type=ERROR, severity=HIGH, message='No detailed debug message due to a non-debug context'
[08:37:15] [Render thread/INFO]: OpenGL debug message: id=1005, source=API, type=ERROR, severity=HIGH, message='No detailed debug message due to a non-debug context'
[08:37:15] [Render thread/INFO]: OpenGL debug message: id=1005, source=API, type=ERROR, severity=HIGH, message='No detailed debug message due to a non-debug context'
[08:37:15] [Render thread/INFO]: OpenGL debug message: id=1005, source=API, type=ERROR, severity=HIGH, message='No detailed debug message due to a non-debug context'
[08:37:15] [Render thread/INFO]: OpenGL debug message: id=1005, source=API, type=ERROR, severity=HIGH, message='No detailed debug message due to a non-debug context'
[08:37:15] [Render thread/INFO]: OpenGL debug message: id=1005, source=API, type=ERROR, severity=HIGH, message='No detailed debug message due to a non-debug context'
[08:37:15] [Render thread/INFO]: Loaded 79 advancements
[08:37:15] [Render thread/INFO]: OpenGL debug message: id=1005, source=API, type=ERROR, severity=HIGH, message='No detailed debug message due to a non-debug context'
[08:37:15] [Render thread/INFO]: OpenGL debug message: id=1005, source=API, type=ERROR, severity=HIGH, message='No detailed debug message due to a non-debug context'
[08:37:15] [Render thread/INFO]: OpenGL debug message: id=1005, source=API, type=ERROR, severity=HIGH, message='No detailed debug message due to a non-debug context'
[08:37:15] [Render thread/INFO]: OpenGL debug message: id=1005, source=API, type=ERROR, severity=HIGH, message='No detailed debug message due to a non-debug context'
[08:37:15] [Render thread/INFO]: OpenGL debug message: id=1005, source=API, type=ERROR, severity=HIGH, message='No detailed debug message due to a non-debug context'
[08:37:15] [Render thread/INFO]: OpenGL debug message: id=1005, source=API, type=ERROR, severity=HIGH, message='No detailed debug message due to a non-debug context'
[08:37:15] [Render thread/INFO]: OpenGL debug message: id=1005, source=API, type=ERROR, severity=HIGH, message='No detailed debug message due to a non-debug context'
[08:37:15] [Render thread/INFO]: OpenGL debug message: id=1005, source=API, type=ERROR, severity=HIGH, message='No detailed debug message due to a non-debug context'
[08:37:15] [Render thread/INFO]: OpenGL debug message: id=1005, source=API, type=ERROR, severity=HIGH, message='No detailed debug message due to a non-debug context'
[08:37:15] [Render thread/INFO]: OpenGL debug message: id=1005, source=API, type=ERROR, severity=HIGH, message='No detailed debug message due to a non-debug context'
[08:37:16] [Render thread/INFO]: OpenGL debug message: id=1005, source=API, type=ERROR, severity=HIGH, message='No detailed debug message due to a non-debug context'
[08:37:16] [Render thread/INFO]: OpenGL debug message: id=1005, source=API, type=ERROR, severity=HIGH, message='No detailed debug message due to a non-debug context'
[08:37:16] [Render thread/INFO]: OpenGL debug message: id=1005, source=API, type=ERROR, severity=HIGH, message='No detailed debug message due to a non-debug context'
[08:37:16] [Render thread/INFO]: OpenGL debug message: id=1005, source=API, type=ERROR, severity=HIGH, message='No detailed debug message due to a non-debug context'
[08:37:16] [Render thread/INFO]: OpenGL debug message: id=1005, source=API, type=ERROR, severity=HIGH, message='No detailed debug message due to a non-debug context'
[08:37:16] [Render thread/INFO]: OpenGL debug message: id=1005, source=API, type=ERROR, severity=HIGH, message='No detailed debug message due to a non-debug context'
[08:37:16] [Render thread/INFO]: OpenGL debug message: id=1005, source=API, type=ERROR, severity=HIGH, message='No detailed debug message due to a non-debug context'
[08:37:16] [Render thread/INFO]: OpenGL debug message: id=1005, source=API, type=ERROR, severity=HIGH, message='No detailed debug message due to a non-debug context'
[08:37:16] [Render thread/INFO]: OpenGL debug message: id=1005, source=API, type=ERROR, severity=HIGH, message='No detailed debug message due to a non-debug context'
[08:37:16] [Render thread/INFO]: OpenGL debug message: id=1005, source=API, type=ERROR, severity=HIGH, message='No detailed debug message due to a non-debug context'
[08:37:16] [Render thread/INFO]: OpenGL debug message: id=1005, source=API, type=ERROR, severity=HIGH, message='No detailed debug message due to a non-debug context'
[08:37:16] [Render thread/INFO]: OpenGL debug message: id=1005, source=API, type=ERROR, severity=HIGH, message='No detailed debug message due to a non-debug context'
[08:37:16] [Render thread/INFO]: OpenGL debug message: id=1005, source=API, type=ERROR, severity=HIGH, message='No detailed debug message due to a non-debug context'
[08:37:16] [Render thread/INFO]: OpenGL debug message: id=1005, source=API, type=ERROR, severity=HIGH, message='No detailed debug message due to a non-debug context'
[08:37:16] [Render thread/INFO]: OpenGL debug message: id=1005, source=API, type=ERROR, severity=HIGH, message='No detailed debug message due to a non-debug context'
[08:37:16] [Render thread/INFO]: OpenGL debug message: id=1005, source=API, type=ERROR, severity=HIGH, message='No detailed debug message due to a non-debug context'
[08:37:16] [Render thread/INFO]: OpenGL debug message: id=1005, source=API, type=ERROR, severity=HIGH, message='No detailed debug message due to a non-debug context'
[08:37:16] [Render thread/INFO]: OpenGL debug message: id=1005, source=API, type=ERROR, severity=HIGH, message='No detailed debug message due to a non-debug context'
[08:37:16] [Render thread/INFO]: OpenGL debug message: id=1005, source=API, type=ERROR, severity=HIGH, message='No detailed debug message due to a non-debug context'
[08:37:16] [Render thread/INFO]: OpenGL debug message: id=1005, source=API, type=ERROR, severity=HIGH, message='No detailed debug message due to a non-debug context'
[08:37:16] [Render thread/INFO]: OpenGL debug message: id=1005, source=API, type=ERROR, severity=HIGH, message='No detailed debug message due to a non-debug context'
[08:37:16] [Render thread/INFO]: OpenGL debug message: id=1005, source=API, type=ERROR, severity=HIGH, message='No detailed debug message due to a non-debug context'
[08:37:16] [Render thread/INFO]: OpenGL debug message: id=1005, source=API, type=ERROR, severity=HIGH, message='No detailed debug message due to a non-debug context'
[08:37:16] [Render thread/INFO]: OpenGL debug message: id=1005, source=API, type=ERROR, severity=HIGH, message='No detailed debug message due to a non-debug context'
[08:37:16] [Render thread/INFO]: OpenGL debug message: id=1005, source=API, type=ERROR, severity=HIGH, message='No detailed debug message due to a non-debug context'
[08:37:16] [Render thread/INFO]: OpenGL debug message: id=1005, source=API, type=ERROR, severity=HIGH, message='No detailed debug message due to a non-debug context'
[08:37:16] [Render thread/INFO]: OpenGL debug message: id=1005, source=API, type=ERROR, severity=HIGH, message='No detailed debug message due to a non-debug context'
[08:37:16] [Render thread/INFO]: OpenGL debug message: id=1005, source=API, type=ERROR, severity=HIGH, message='No detailed debug message due to a non-debug context'
[08:37:16] [Render thread/INFO]: OpenGL debug message: id=1005, source=API, type=ERROR, severity=HIGH, message='No detailed debug message due to a non-debug context'
[08:37:16] [Render thread/INFO]: OpenGL debug message: id=1005, source=API, type=ERROR, severity=HIGH, message='No detailed debug message due to a non-debug context'
[08:37:16] [Render thread/INFO]: OpenGL debug message: id=1005, source=API, type=ERROR, severity=HIGH, message='No detailed debug message due to a non-debug context'
[08:37:16] [Render thread/INFO]: OpenGL debug message: id=1005, source=API, type=ERROR, severity=HIGH, message='No detailed debug message due to a non-debug context'
[08:37:16] [Render thread/INFO]: OpenGL debug message: id=1005, source=API, type=ERROR, severity=HIGH, message='No detailed debug message due to a non-debug context'
[08:37:16] [Render thread/INFO]: OpenGL debug message: id=1005, source=API, type=ERROR, severity=HIGH, message='No detailed debug message due to a non-debug context'
[08:37:16] [Render thread/INFO]: OpenGL debug message: id=1005, source=API, type=ERROR, severity=HIGH, message='No detailed debug message due to a non-debug context'
[08:37:16] [Render thread/INFO]: OpenGL debug message: id=1005, source=API, type=ERROR, severity=HIGH, message='No detailed debug message due to a non-debug context'
[08:37:16] [Render thread/INFO]: OpenGL debug message: id=1005, source=API, type=ERROR, severity=HIGH, message='No detailed debug message due to a non-debug context'
[08:37:16] [Render thread/INFO]: OpenGL debug message: id=1005, source=API, type=ERROR, severity=HIGH, message='No detailed debug message due to a non-debug context'
[08:37:16] [Render thread/INFO]: OpenGL debug message: id=1005, source=API, type=ERROR, severity=HIGH, message='No detailed debug message due to a non-debug context'
[08:37:16] [Render thread/INFO]: OpenGL debug message: id=1005, source=API, type=ERROR, severity=HIGH, message='No detailed debug message due to a non-debug context'
[08:37:16] [Render thread/INFO]: OpenGL debug message: id=1005, source=API, type=ERROR, severity=HIGH, message='No detailed debug message due to a non-debug context'
[08:37:16] [Render thread/INFO]: OpenGL debug message: id=1005, source=API, type=ERROR, severity=HIGH, message='No detailed debug message due to a non-debug context'
[08:37:16] [Render thread/INFO]: OpenGL debug message: id=1005, source=API, type=ERROR, severity=HIGH, message='No detailed debug message due to a non-debug context'
[08:37:16] [Render thread/INFO]: OpenGL debug message: id=1005, source=API, type=ERROR, severity=HIGH, message='No detailed debug message due to a non-debug context'
[08:37:16] [Render thread/INFO]: OpenGL debug message: id=1005, source=API, type=ERROR, severity=HIGH, message='No detailed debug message due to a non-debug context'
[08:37:16] [Render thread/INFO]: OpenGL debug message: id=1005, source=API, type=ERROR, severity=HIGH, message='No detailed debug message due to a non-debug context'
[08:37:16] [Render thread/INFO]: OpenGL debug message: id=1005, source=API, type=ERROR, severity=HIGH, message='No detailed debug message due to a non-debug context'
[08:37:16] [Render thread/INFO]: OpenGL debug message: id=1005, source=API, type=ERROR, severity=HIGH, message='No detailed debug message due to a non-debug context'
[08:37:16] [Render thread/INFO]: OpenGL debug message: id=1005, source=API, type=ERROR, severity=HIGH, message='No detailed debug message due to a non-debug context'
[08:37:16] [Render thread/INFO]: OpenGL debug message: id=1005, source=API, type=ERROR, severity=HIGH, message='No detailed debug message due to a non-debug context'
[08:37:16] [Render thread/INFO]: OpenGL debug message: id=1005, source=API, type=ERROR, severity=HIGH, message='No detailed debug message due to a non-debug context'
[08:37:16] [Render thread/INFO]: OpenGL debug message: id=1005, source=API, type=ERROR, severity=HIGH, message='No detailed debug message due to a non-debug context'
[08:37:16] [Render thread/INFO]: OpenGL debug message: id=1005, source=API, type=ERROR, severity=HIGH, message='No detailed debug message due to a non-debug context'
[08:37:16] [Render thread/INFO]: OpenGL debug message: id=1005, source=API, type=ERROR, severity=HIGH, message='No detailed debug message due to a non-debug context'
[08:37:16] [Render thread/INFO]: OpenGL debug message: id=1005, source=API, type=ERROR, severity=HIGH, message='No detailed debug message due to a non-debug context'
[08:37:16] [Render thread/INFO]: OpenGL debug message: id=1005, source=API, type=ERROR, severity=HIGH, message='No detailed debug message due to a non-debug context'
[08:37:16] [Render thread/INFO]: OpenGL debug message: id=1005, source=API, type=ERROR, severity=HIGH, message='No detailed debug message due to a non-debug context'
[08:37:16] [Render thread/INFO]: OpenGL debug message: id=1005, source=API, type=ERROR, severity=HIGH, message='No detailed debug message due to a non-debug context'
[08:37:16] [Render thread/INFO]: OpenGL debug message: id=1005, source=API, type=ERROR, severity=HIGH, message='No detailed debug message due to a non-debug context'
[08:37:16] [Render thread/INFO]: OpenGL debug message: id=1005, source=API, type=ERROR, severity=HIGH, message='No detailed debug message due to a non-debug context'
[08:37:17] [Render thread/INFO]: OpenGL debug message: id=1005, source=API, type=ERROR, severity=HIGH, message='No detailed debug message due to a non-debug context'
[08:37:17] [Render thread/INFO]: OpenGL debug message: id=1005, source=API, type=ERROR, severity=HIGH, message='No detailed debug message due to a non-debug context'
[08:37:17] [Render thread/INFO]: OpenGL debug message: id=1005, source=API, type=ERROR, severity=HIGH, message='No detailed debug message due to a non-debug context'
[08:37:17] [Render thread/INFO]: OpenGL debug message: id=1005, source=API, type=ERROR, severity=HIGH, message='No detailed debug message due to a non-debug context'
[08:37:17] [Render thread/INFO]: OpenGL debug message: id=1005, source=API, type=ERROR, severity=HIGH, message='No detailed debug message due to a non-debug context'
[08:37:17] [Render thread/INFO]: OpenGL debug message: id=1005, source=API, type=ERROR, severity=HIGH, message='No detailed debug message due to a non-debug context'
[08:37:17] [Render thread/INFO]: OpenGL debug message: id=1005, source=API, type=ERROR, severity=HIGH, message='No detailed debug message due to a non-debug context'
[08:37:17] [Render thread/INFO]: OpenGL debug message: id=1005, source=API, type=ERROR, severity=HIGH, message='No detailed debug message due to a non-debug context'
[08:37:17] [Render thread/INFO]: OpenGL debug message: id=1005, source=API, type=ERROR, severity=HIGH, message='No detailed debug message due to a non-debug context'
[08:37:17] [Render thread/INFO]: OpenGL debug message: id=1005, source=API, type=ERROR, severity=HIGH, message='No detailed debug message due to a non-debug context'
[08:37:17] [Render thread/INFO]: OpenGL debug message: id=1005, source=API, type=ERROR, severity=HIGH, message='No detailed debug message due to a non-debug context'
[08:37:17] [Render thread/INFO]: OpenGL debug message: id=1005, source=API, type=ERROR, severity=HIGH, message='No detailed debug message due to a non-debug context'
[08:37:17] [Render thread/INFO]: OpenGL debug message: id=1005, source=API, type=ERROR, severity=HIGH, message='No detailed debug message due to a non-debug context'
[08:37:17] [Render thread/INFO]: OpenGL debug message: id=1005, source=API, type=ERROR, severity=HIGH, message='No detailed debug message due to a non-debug context'
[08:37:17] [Render thread/INFO]: OpenGL debug message: id=1005, source=API, type=ERROR, severity=HIGH, message='No detailed debug message due to a non-debug context'
[08:37:17] [Render thread/INFO]: OpenGL debug message: id=1005, source=API, type=ERROR, severity=HIGH, message='No detailed debug message due to a non-debug context'
[08:37:17] [Render thread/INFO]: OpenGL debug message: id=1005, source=API, type=ERROR, severity=HIGH, message='No detailed debug message due to a non-debug context'
[08:37:17] [Render thread/INFO]: OpenGL debug message: id=1005, source=API, type=ERROR, severity=HIGH, message='No detailed debug message due to a non-debug context'
[08:37:17] [Render thread/INFO]: OpenGL debug message: id=1005, source=API, type=ERROR, severity=HIGH, message='No detailed debug message due to a non-debug context'
[08:37:17] [Render thread/INFO]: OpenGL debug message: id=1005, source=API, type=ERROR, severity=HIGH, message='No detailed debug message due to a non-debug context'
[08:37:17] [Render thread/INFO]: OpenGL debug message: id=1005, source=API, type=ERROR, severity=HIGH, message='No detailed debug message due to a non-debug context'
[08:37:17] [Render thread/INFO]: OpenGL debug message: id=1005, source=API, type=ERROR, severity=HIGH, message='No detailed debug message due to a non-debug context'
[08:37:17] [Render thread/INFO]: OpenGL debug message: id=1005, source=API, type=ERROR, severity=HIGH, message='No detailed debug message due to a non-debug context'
[08:37:17] [Render thread/INFO]: OpenGL debug message: id=1005, source=API, type=ERROR, severity=HIGH, message='No detailed debug message due to a non-debug context'
[08:37:17] [Render thread/INFO]: OpenGL debug message: id=1005, source=API, type=ERROR, severity=HIGH, message='No detailed debug message due to a non-debug context'
[08:37:17] [Render thread/INFO]: OpenGL debug message: id=1005, source=API, type=ERROR, severity=HIGH, message='No detailed debug message due to a non-debug context'
[08:37:17] [Render thread/INFO]: OpenGL debug message: id=1005, source=API, type=ERROR, severity=HIGH, message='No detailed debug message due to a non-debug context'
[08:37:17] [Render thread/INFO]: OpenGL debug message: id=1005, source=API, type=ERROR, severity=HIGH, message='No detailed debug message due to a non-debug context'
[08:37:17] [Render thread/INFO]: OpenGL debug message: id=1005, source=API, type=ERROR, severity=HIGH, message='No detailed debug message due to a non-debug context'
[08:37:17] [Render thread/INFO]: OpenGL debug message: id=1005, source=API, type=ERROR, severity=HIGH, message='No detailed debug message due to a non-debug context'
[08:37:17] [Render thread/INFO]: OpenGL debug message: id=1005, source=API, type=ERROR, severity=HIGH, message='No detailed debug message due to a non-debug context'
[08:37:17] [Render thread/INFO]: OpenGL debug message: id=1005, source=API, type=ERROR, severity=HIGH, message='No detailed debug message due to a non-debug context'
[08:37:17] [Render thread/INFO]: OpenGL debug message: id=1005, source=API, type=ERROR, severity=HIGH, message='No detailed debug message due to a non-debug context'
[08:37:17] [Render thread/INFO]: OpenGL debug message: id=1005, source=API, type=ERROR, severity=HIGH, message='No detailed debug message due to a non-debug context'
[08:37:17] [Render thread/INFO]: OpenGL debug message: id=1005, source=API, type=ERROR, severity=HIGH, message='No detailed debug message due to a non-debug context'
[08:37:17] [Render thread/INFO]: OpenGL debug message: id=1005, source=API, type=ERROR, severity=HIGH, message='No detailed debug message due to a non-debug context'
[08:37:17] [Render thread/INFO]: OpenGL debug message: id=1005, source=API, type=ERROR, severity=HIGH, message='No detailed debug message due to a non-debug context'
[08:37:17] [Render thread/INFO]: OpenGL debug message: id=1005, source=API, type=ERROR, severity=HIGH, message='No detailed debug message due to a non-debug context'
[08:37:17] [Render thread/INFO]: OpenGL debug message: id=1005, source=API, type=ERROR, severity=HIGH, message='No detailed debug message due to a non-debug context'
[08:37:17] [Render thread/INFO]: OpenGL debug message: id=1005, source=API, type=ERROR, severity=HIGH, message='No detailed debug message due to a non-debug context'
[08:37:17] [Render thread/INFO]: OpenGL debug message: id=1005, source=API, type=ERROR, severity=HIGH, message='No detailed debug message due to a non-debug context'
[08:37:17] [Render thread/INFO]: OpenGL debug message: id=1005, source=API, type=ERROR, severity=HIGH, message='No detailed debug message due to a non-debug context'
[08:37:17] [Render thread/INFO]: OpenGL debug message: id=1005, source=API, type=ERROR, severity=HIGH, message='No detailed debug message due to a non-debug context'
[08:37:17] [Render thread/INFO]: OpenGL debug message: id=1005, source=API, type=ERROR, severity=HIGH, message='No detailed debug message due to a non-debug context'
[08:37:17] [Render thread/INFO]: OpenGL debug message: id=1005, source=API, type=ERROR, severity=HIGH, message='No detailed debug message due to a non-debug context'
[08:37:17] [Render thread/INFO]: OpenGL debug message: id=1005, source=API, type=ERROR, severity=HIGH, message='No detailed debug message due to a non-debug context'
[08:37:17] [Render thread/INFO]: OpenGL debug message: id=1005, source=API, type=ERROR, severity=HIGH, message='No detailed debug message due to a non-debug context'
[08:37:17] [Render thread/INFO]: OpenGL debug message: id=1005, source=API, type=ERROR, severity=HIGH, message='No detailed debug message due to a non-debug context'
[08:37:17] [Render thread/INFO]: OpenGL debug message: id=1005, source=API, type=ERROR, severity=HIGH, message='No detailed debug message due to a non-debug context'
[08:37:17] [Render thread/INFO]: OpenGL debug message: id=1005, source=API, type=ERROR, severity=HIGH, message='No detailed debug message due to a non-debug context'
[08:37:17] [Render thread/INFO]: OpenGL debug message: id=1005, source=API, type=ERROR, severity=HIGH, message='No detailed debug message due to a non-debug context'
[08:37:17] [Render thread/INFO]: OpenGL debug message: id=1005, source=API, type=ERROR, severity=HIGH, message='No detailed debug message due to a non-debug context'
[08:37:17] [Render thread/INFO]: OpenGL debug message: id=1005, source=API, type=ERROR, severity=HIGH, message='No detailed debug message due to a non-debug context'
[08:37:17] [Render thread/INFO]: OpenGL debug message: id=1005, source=API, type=ERROR, severity=HIGH, message='No detailed debug message due to a non-debug context'
[08:37:17] [Render thread/INFO]: OpenGL debug message: id=1005, source=API, type=ERROR, severity=HIGH, message='No detailed debug message due to a non-debug context'
[08:37:17] [Render thread/INFO]: OpenGL debug message: id=1005, source=API, type=ERROR, severity=HIGH, message='No detailed debug message due to a non-debug context'
[08:37:17] [Render thread/INFO]: OpenGL debug message: id=1005, source=API, type=ERROR, severity=HIGH, message='No detailed debug message due to a non-debug context'
[08:37:17] [Render thread/INFO]: OpenGL debug message: id=1005, source=API, type=ERROR, severity=HIGH, message='No detailed debug message due to a non-debug context'
[08:37:17] [Render thread/INFO]: OpenGL debug message: id=1005, source=API, type=ERROR, severity=HIGH, message='No detailed debug message due to a non-debug context'
[08:37:18] [Render thread/INFO]: OpenGL debug message: id=1005, source=API, type=ERROR, severity=HIGH, message='No detailed debug message due to a non-debug context'
[08:37:18] [Render thread/INFO]: OpenGL debug message: id=1005, source=API, type=ERROR, severity=HIGH, message='No detailed debug message due to a non-debug context'
[08:37:18] [Render thread/INFO]: OpenGL debug message: id=1005, source=API, type=ERROR, severity=HIGH, message='No detailed debug message due to a non-debug context'
[08:37:18] [Render thread/INFO]: OpenGL debug message: id=1005, source=API, type=ERROR, severity=HIGH, message='No detailed debug message due to a non-debug context'
[08:37:18] [Render thread/INFO]: OpenGL debug message: id=1005, source=API, type=ERROR, severity=HIGH, message='No detailed debug message due to a non-debug context'
[08:37:18] [Render thread/INFO]: OpenGL debug message: id=1005, source=API, type=ERROR, severity=HIGH, message='No detailed debug message due to a non-debug context'
[08:37:18] [Render thread/INFO]: OpenGL debug message: id=1005, source=API, type=ERROR, severity=HIGH, message='No detailed debug message due to a non-debug context'
[08:37:18] [Render thread/INFO]: OpenGL debug message: id=1005, source=API, type=ERROR, severity=HIGH, message='No detailed debug message due to a non-debug context'
[08:37:18] [Render thread/INFO]: OpenGL debug message: id=1005, source=API, type=ERROR, severity=HIGH, message='No detailed debug message due to a non-debug context'
[08:37:18] [Render thread/INFO]: OpenGL debug message: id=1005, source=API, type=ERROR, severity=HIGH, message='No detailed debug message due to a non-debug context'
[08:37:18] [Render thread/INFO]: OpenGL debug message: id=1005, source=API, type=ERROR, severity=HIGH, message='No detailed debug message due to a non-debug context'
[08:37:18] [Render thread/INFO]: OpenGL debug message: id=1005, source=API, type=ERROR, severity=HIGH, message='No detailed debug message due to a non-debug context'
[08:37:18] [Render thread/INFO]: OpenGL debug message: id=1005, source=API, type=ERROR, severity=HIGH, message='No detailed debug message due to a non-debug context'
[08:37:18] [Render thread/INFO]: OpenGL debug message: id=1005, source=API, type=ERROR, severity=HIGH, message='No detailed debug message due to a non-debug context'
[08:37:18] [Render thread/INFO]: OpenGL debug message: id=1005, source=API, type=ERROR, severity=HIGH, message='No detailed debug message due to a non-debug context'
[08:37:18] [Render thread/INFO]: OpenGL debug message: id=1005, source=API, type=ERROR, severity=HIGH, message='No detailed debug message due to a non-debug context'
[08:37:18] [Render thread/INFO]: OpenGL debug message: id=1005, source=API, type=ERROR, severity=HIGH, message='No detailed debug message due to a non-debug context'
[08:37:18] [Render thread/INFO]: OpenGL debug message: id=1005, source=API, type=ERROR, severity=HIGH, message='No detailed debug message due to a non-debug context'
[08:37:18] [Render thread/INFO]: OpenGL debug message: id=1005, source=API, type=ERROR, severity=HIGH, message='No detailed debug message due to a non-debug context'
[08:37:18] [Render thread/INFO]: OpenGL debug message: id=1005, source=API, type=ERROR, severity=HIGH, message='No detailed debug message due to a non-debug context'
[08:37:18] [Render thread/INFO]: OpenGL debug message: id=1005, source=API, type=ERROR, severity=HIGH, message='No detailed debug message due to a non-debug context'
[08:37:18] [Render thread/INFO]: OpenGL debug message: id=1005, source=API, type=ERROR, severity=HIGH, message='No detailed debug message due to a non-debug context'
[08:37:18] [Render thread/INFO]: OpenGL debug message: id=1005, source=API, type=ERROR, severity=HIGH, message='No detailed debug message due to a non-debug context'
[08:37:18] [Render thread/INFO]: OpenGL debug message: id=1005, source=API, type=ERROR, severity=HIGH, message='No detailed debug message due to a non-debug context'
[08:37:18] [Render thread/INFO]: OpenGL debug message: id=1005, source=API, type=ERROR, severity=HIGH, message='No detailed debug message due to a non-debug context'
[08:37:18] [Render thread/INFO]: OpenGL debug message: id=1005, source=API, type=ERROR, severity=HIGH, message='No detailed debug message due to a non-debug context'
[08:37:18] [Render thread/INFO]: OpenGL debug message: id=1005, source=API, type=ERROR, severity=HIGH, message='No detailed debug message due to a non-debug context'
[08:37:18] [Render thread/INFO]: OpenGL debug message: id=1005, source=API, type=ERROR, severity=HIGH, message='No detailed debug message due to a non-debug context'
[08:37:18] [Render thread/INFO]: OpenGL debug message: id=1005, source=API, type=ERROR, severity=HIGH, message='No detailed debug message due to a non-debug context'
[08:37:18] [Render thread/INFO]: OpenGL debug message: id=1005, source=API, type=ERROR, severity=HIGH, message='No detailed debug message due to a non-debug context'
[08:37:18] [Render thread/INFO]: OpenGL debug message: id=1005, source=API, type=ERROR, severity=HIGH, message='No detailed debug message due to a non-debug context'
[08:37:18] [Render thread/INFO]: OpenGL debug message: id=1005, source=API, type=ERROR, severity=HIGH, message='No detailed debug message due to a non-debug context'
[08:37:18] [Render thread/INFO]: OpenGL debug message: id=1005, source=API, type=ERROR, severity=HIGH, message='No detailed debug message due to a non-debug context'
[08:37:18] [Render thread/INFO]: OpenGL debug message: id=1005, source=API, type=ERROR, severity=HIGH, message='No detailed debug message due to a non-debug context'
[08:37:18] [Render thread/INFO]: OpenGL debug message: id=1005, source=API, type=ERROR, severity=HIGH, message='No detailed debug message due to a non-debug context'
[08:37:18] [Render thread/INFO]: OpenGL debug message: id=1005, source=API, type=ERROR, severity=HIGH, message='No detailed debug message due to a non-debug context'
[08:37:18] [Render thread/INFO]: OpenGL debug message: id=1005, source=API, type=ERROR, severity=HIGH, message='No detailed debug message due to a non-debug context'
[08:37:18] [Render thread/INFO]: OpenGL debug message: id=1005, source=API, type=ERROR, severity=HIGH, message='No detailed debug message due to a non-debug context'
[08:37:18] [Render thread/INFO]: OpenGL debug message: id=1005, source=API, type=ERROR, severity=HIGH, message='No detailed debug message due to a non-debug context'
[08:37:18] [Render thread/INFO]: OpenGL debug message: id=1005, source=API, type=ERROR, severity=HIGH, message='No detailed debug message due to a non-debug context'
[08:37:18] [Render thread/INFO]: OpenGL debug message: id=1005, source=API, type=ERROR, severity=HIGH, message='No detailed debug message due to a non-debug context'
[08:37:18] [Render thread/INFO]: OpenGL debug message: id=1005, source=API, type=ERROR, severity=HIGH, message='No detailed debug message due to a non-debug context'
[08:37:18] [Render thread/INFO]: OpenGL debug message: id=1005, source=API, type=ERROR, severity=HIGH, message='No detailed debug message due to a non-debug context'
[08:37:18] [Render thread/INFO]: OpenGL debug message: id=1005, source=API, type=ERROR, severity=HIGH, message='No detailed debug message due to a non-debug context'
[08:37:18] [Render thread/INFO]: OpenGL debug message: id=1005, source=API, type=ERROR, severity=HIGH, message='No detailed debug message due to a non-debug context'
[08:37:18] [Render thread/INFO]: OpenGL debug message: id=1005, source=API, type=ERROR, severity=HIGH, message='No detailed debug message due to a non-debug context'
[08:37:18] [Render thread/INFO]: OpenGL debug message: id=1005, source=API, type=ERROR, severity=HIGH, message='No detailed debug message due to a non-debug context'
[08:37:18] [Render thread/INFO]: OpenGL debug message: id=1005, source=API, type=ERROR, severity=HIGH, message='No detailed debug message due to a non-debug context'
[08:37:18] [Render thread/INFO]: OpenGL debug message: id=1005, source=API, type=ERROR, severity=HIGH, message='No detailed debug message due to a non-debug context'
[08:37:18] [Render thread/INFO]: OpenGL debug message: id=1005, source=API, type=ERROR, severity=HIGH, message='No detailed debug message due to a non-debug context'
[08:37:18] [Render thread/INFO]: OpenGL debug message: id=1005, source=API, type=ERROR, severity=HIGH, message='No detailed debug message due to a non-debug context'
[08:37:18] [Render thread/INFO]: OpenGL debug message: id=1005, source=API, type=ERROR, severity=HIGH, message='No detailed debug message due to a non-debug context'
[08:37:18] [Render thread/INFO]: OpenGL debug message: id=1005, source=API, type=ERROR, severity=HIGH, message='No detailed debug message due to a non-debug context'
[08:37:18] [Render thread/INFO]: OpenGL debug message: id=1005, source=API, type=ERROR, severity=HIGH, message='No detailed debug message due to a non-debug context'
[08:37:18] [Render thread/INFO]: OpenGL debug message: id=1005, source=API, type=ERROR, severity=HIGH, message='No detailed debug message due to a non-debug context'
[08:37:18] [Render thread/INFO]: OpenGL debug message: id=1005, source=API, type=ERROR, severity=HIGH, message='No detailed debug message due to a non-debug context'
[08:37:18] [Render thread/INFO]: OpenGL debug message: id=1005, source=API, type=ERROR, severity=HIGH, message='No detailed debug message due to a non-debug context'
[08:37:18] [Render thread/INFO]: OpenGL debug message: id=1005, source=API, type=ERROR, severity=HIGH, message='No detailed debug message due to a non-debug context'
[08:37:18] [Render thread/INFO]: OpenGL debug message: id=1005, source=API, type=ERROR, severity=HIGH, message='No detailed debug message due to a non-debug context'
[08:37:18] [Render thread/INFO]: OpenGL debug message: id=1005, source=API, type=ERROR, severity=HIGH, message='No detailed debug message due to a non-debug context'
[08:37:19] [Render thread/INFO]: OpenGL debug message: id=1005, source=API, type=ERROR, severity=HIGH, message='No detailed debug message due to a non-debug context'
[08:37:19] [Render thread/INFO]: OpenGL debug message: id=1005, source=API, type=ERROR, severity=HIGH, message='No detailed debug message due to a non-debug context'
[08:37:19] [Render thread/INFO]: OpenGL debug message: id=1005, source=API, type=ERROR, severity=HIGH, message='No detailed debug message due to a non-debug context'
[08:37:19] [Render thread/INFO]: OpenGL debug message: id=1005, source=API, type=ERROR, severity=HIGH, message='No detailed debug message due to a non-debug context'
[08:37:19] [Render thread/INFO]: OpenGL debug message: id=1005, source=API, type=ERROR, severity=HIGH, message='No detailed debug message due to a non-debug context'
[08:37:19] [Render thread/INFO]: OpenGL debug message: id=1005, source=API, type=ERROR, severity=HIGH, message='No detailed debug message due to a non-debug context'
[08:37:19] [Render thread/INFO]: OpenGL debug message: id=1005, source=API, type=ERROR, severity=HIGH, message='No detailed debug message due to a non-debug context'
[08:37:19] [Render thread/INFO]: OpenGL debug message: id=1005, source=API, type=ERROR, severity=HIGH, message='No detailed debug message due to a non-debug context'
[08:37:19] [Render thread/INFO]: OpenGL debug message: id=1005, source=API, type=ERROR, severity=HIGH, message='No detailed debug message due to a non-debug context'
[08:37:19] [Render thread/INFO]: OpenGL debug message: id=1005, source=API, type=ERROR, severity=HIGH, message='No detailed debug message due to a non-debug context'
[08:37:19] [Render thread/INFO]: OpenGL debug message: id=1005, source=API, type=ERROR, severity=HIGH, message='No detailed debug message due to a non-debug context'
[08:37:19] [Render thread/INFO]: OpenGL debug message: id=1005, source=API, type=ERROR, severity=HIGH, message='No detailed debug message due to a non-debug context'
[08:37:19] [Render thread/INFO]: OpenGL debug message: id=1005, source=API, type=ERROR, severity=HIGH, message='No detailed debug message due to a non-debug context'
[08:37:19] [Render thread/INFO]: OpenGL debug message: id=1005, source=API, type=ERROR, severity=HIGH, message='No detailed debug message due to a non-debug context'
[08:37:19] [Render thread/INFO]: OpenGL debug message: id=1005, source=API, type=ERROR, severity=HIGH, message='No detailed debug message due to a non-debug context'
[08:37:19] [Render thread/INFO]: OpenGL debug message: id=1005, source=API, type=ERROR, severity=HIGH, message='No detailed debug message due to a non-debug context'
[08:37:19] [Render thread/INFO]: OpenGL debug message: id=1005, source=API, type=ERROR, severity=HIGH, message='No detailed debug message due to a non-debug context'
[08:37:19] [Render thread/INFO]: OpenGL debug message: id=1005, source=API, type=ERROR, severity=HIGH, message='No detailed debug message due to a non-debug context'
[08:37:19] [Render thread/INFO]: OpenGL debug message: id=1005, source=API, type=ERROR, severity=HIGH, message='No detailed debug message due to a non-debug context'
[08:37:19] [Render thread/INFO]: OpenGL debug message: id=1005, source=API, type=ERROR, severity=HIGH, message='No detailed debug message due to a non-debug context'
[08:37:19] [Render thread/INFO]: OpenGL debug message: id=1005, source=API, type=ERROR, severity=HIGH, message='No detailed debug message due to a non-debug context'
[08:37:19] [Render thread/INFO]: OpenGL debug message: id=1005, source=API, type=ERROR, severity=HIGH, message='No detailed debug message due to a non-debug context'
[08:37:19] [Render thread/INFO]: OpenGL debug message: id=1005, source=API, type=ERROR, severity=HIGH, message='No detailed debug message due to a non-debug context'
[08:37:19] [Render thread/INFO]: OpenGL debug message: id=1005, source=API, type=ERROR, severity=HIGH, message='No detailed debug message due to a non-debug context'
[08:37:19] [Render thread/INFO]: OpenGL debug message: id=1005, source=API, type=ERROR, severity=HIGH, message='No detailed debug message due to a non-debug context'
[08:37:19] [Render thread/INFO]: OpenGL debug message: id=1005, source=API, type=ERROR, severity=HIGH, message='No detailed debug message due to a non-debug context'
[08:37:19] [Render thread/INFO]: OpenGL debug message: id=1005, source=API, type=ERROR, severity=HIGH, message='No detailed debug message due to a non-debug context'
[08:37:19] [Render thread/INFO]: OpenGL debug message: id=1005, source=API, type=ERROR, severity=HIGH, message='No detailed debug message due to a non-debug context'
[08:37:19] [Render thread/INFO]: OpenGL debug message: id=1005, source=API, type=ERROR, severity=HIGH, message='No detailed debug message due to a non-debug context'
[08:37:19] [Render thread/INFO]: OpenGL debug message: id=1005, source=API, type=ERROR, severity=HIGH, message='No detailed debug message due to a non-debug context'
[08:37:19] [Render thread/INFO]: OpenGL debug message: id=1005, source=API, type=ERROR, severity=HIGH, message='No detailed debug message due to a non-debug context'
[08:37:19] [Render thread/INFO]: OpenGL debug message: id=1005, source=API, type=ERROR, severity=HIGH, message='No detailed debug message due to a non-debug context'
[08:37:19] [Render thread/INFO]: OpenGL debug message: id=1005, source=API, type=ERROR, severity=HIGH, message='No detailed debug message due to a non-debug context'
[08:37:19] [Render thread/INFO]: OpenGL debug message: id=1005, source=API, type=ERROR, severity=HIGH, message='No detailed debug message due to a non-debug context'
[08:37:19] [Render thread/INFO]: OpenGL debug message: id=1005, source=API, type=ERROR, severity=HIGH, message='No detailed debug message due to a non-debug context'
[08:37:19] [Render thread/INFO]: OpenGL debug message: id=1005, source=API, type=ERROR, severity=HIGH, message='No detailed debug message due to a non-debug context'
[08:37:19] [Render thread/INFO]: OpenGL debug message: id=1005, source=API, type=ERROR, severity=HIGH, message='No detailed debug message due to a non-debug context'
[08:37:19] [Render thread/INFO]: OpenGL debug message: id=1005, source=API, type=ERROR, severity=HIGH, message='No detailed debug message due to a non-debug context'
[08:37:19] [Render thread/INFO]: OpenGL debug message: id=1005, source=API, type=ERROR, severity=HIGH, message='No detailed debug message due to a non-debug context'
[08:37:19] [Render thread/INFO]: OpenGL debug message: id=1005, source=API, type=ERROR, severity=HIGH, message='No detailed debug message due to a non-debug context'
[08:37:19] [Render thread/INFO]: OpenGL debug message: id=1005, source=API, type=ERROR, severity=HIGH, message='No detailed debug message due to a non-debug context'
[08:37:19] [Render thread/INFO]: OpenGL debug message: id=1005, source=API, type=ERROR, severity=HIGH, message='No detailed debug message due to a non-debug context'
[08:37:19] [Render thread/INFO]: OpenGL debug message: id=1005, source=API, type=ERROR, severity=HIGH, message='No detailed debug message due to a non-debug context'
[08:37:19] [Render thread/INFO]: OpenGL debug message: id=1005, source=API, type=ERROR, severity=HIGH, message='No detailed debug message due to a non-debug context'
[08:37:19] [Render thread/INFO]: OpenGL debug message: id=1005, source=API, type=ERROR, severity=HIGH, message='No detailed debug message due to a non-debug context'
[08:37:19] [Render thread/INFO]: OpenGL debug message: id=1005, source=API, type=ERROR, severity=HIGH, message='No detailed debug message due to a non-debug context'
[08:37:19] [Render thread/INFO]: OpenGL debug message: id=1005, source=API, type=ERROR, severity=HIGH, message='No detailed debug message due to a non-debug context'
[08:37:19] [Render thread/INFO]: OpenGL debug message: id=1005, source=API, type=ERROR, severity=HIGH, message='No detailed debug message due to a non-debug context'
[08:37:19] [Render thread/INFO]: OpenGL debug message: id=1005, source=API, type=ERROR, severity=HIGH, message='No detailed debug message due to a non-debug context'
[08:37:19] [Render thread/INFO]: OpenGL debug message: id=1005, source=API, type=ERROR, severity=HIGH, message='No detailed debug message due to a non-debug context'
[08:37:19] [Render thread/INFO]: OpenGL debug message: id=1005, source=API, type=ERROR, severity=HIGH, message='No detailed debug message due to a non-debug context'
[08:37:19] [Render thread/INFO]: OpenGL debug message: id=1005, source=API, type=ERROR, severity=HIGH, message='No detailed debug message due to a non-debug context'
[08:37:19] [Render thread/INFO]: OpenGL debug message: id=1005, source=API, type=ERROR, severity=HIGH, message='No detailed debug message due to a non-debug context'
[08:37:19] [Render thread/INFO]: OpenGL debug message: id=1005, source=API, type=ERROR, severity=HIGH, message='No detailed debug message due to a non-debug context'
[08:37:19] [Render thread/INFO]: OpenGL debug message: id=1005, source=API, type=ERROR, severity=HIGH, message='No detailed debug message due to a non-debug context'
[08:37:19] [Render thread/INFO]: OpenGL debug message: id=1005, source=API, type=ERROR, severity=HIGH, message='No detailed debug message due to a non-debug context'
[08:37:19] [Render thread/INFO]: OpenGL debug message: id=1005, source=API, type=ERROR, severity=HIGH, message='No detailed debug message due to a non-debug context'
[08:37:19] [Render thread/INFO]: OpenGL debug message: id=1005, source=API, type=ERROR, severity=HIGH, message='No detailed debug message due to a non-debug context'
[08:37:19] [Render thread/INFO]: OpenGL debug message: id=1005, source=API, type=ERROR, severity=HIGH, message='No detailed debug message due to a non-debug context'
[08:37:19] [Render thread/INFO]: OpenGL debug message: id=1005, source=API, type=ERROR, severity=HIGH, message='No detailed debug message due to a non-debug context'
[08:37:20] [Render thread/INFO]: OpenGL debug message: id=1005, source=API, type=ERROR, severity=HIGH, message='No detailed debug message due to a non-debug context'
[08:37:20] [Render thread/INFO]: OpenGL debug message: id=1005, source=API, type=ERROR, severity=HIGH, message='No detailed debug message due to a non-debug context'
[08:37:20] [Render thread/INFO]: OpenGL debug message: id=1005, source=API, type=ERROR, severity=HIGH, message='No detailed debug message due to a non-debug context'
[08:37:20] [Render thread/INFO]: OpenGL debug message: id=1005, source=API, type=ERROR, severity=HIGH, message='No detailed debug message due to a non-debug context'
[08:37:20] [Render thread/INFO]: OpenGL debug message: id=1005, source=API, type=ERROR, severity=HIGH, message='No detailed debug message due to a non-debug context'
[08:37:20] [Render thread/INFO]: OpenGL debug message: id=1005, source=API, type=ERROR, severity=HIGH, message='No detailed debug message due to a non-debug context'
[08:37:20] [Render thread/INFO]: OpenGL debug message: id=1005, source=API, type=ERROR, severity=HIGH, message='No detailed debug message due to a non-debug context'
[08:37:20] [Render thread/INFO]: OpenGL debug message: id=1005, source=API, type=ERROR, severity=HIGH, message='No detailed debug message due to a non-debug context'
[08:37:20] [Render thread/INFO]: OpenGL debug message: id=1005, source=API, type=ERROR, severity=HIGH, message='No detailed debug message due to a non-debug context'
[08:37:20] [Render thread/INFO]: OpenGL debug message: id=1005, source=API, type=ERROR, severity=HIGH, message='No detailed debug message due to a non-debug context'
[08:37:20] [Render thread/INFO]: OpenGL debug message: id=1005, source=API, type=ERROR, severity=HIGH, message='No detailed debug message due to a non-debug context'
[08:37:20] [Render thread/INFO]: OpenGL debug message: id=1005, source=API, type=ERROR, severity=HIGH, message='No detailed debug message due to a non-debug context'
[08:37:20] [Render thread/INFO]: OpenGL debug message: id=1005, source=API, type=ERROR, severity=HIGH, message='No detailed debug message due to a non-debug context'
[08:37:20] [Render thread/INFO]: OpenGL debug message: id=1005, source=API, type=ERROR, severity=HIGH, message='No detailed debug message due to a non-debug context'
[08:37:20] [Render thread/INFO]: OpenGL debug message: id=1005, source=API, type=ERROR, severity=HIGH, message='No detailed debug message due to a non-debug context'
[08:37:20] [Render thread/INFO]: OpenGL debug message: id=1005, source=API, type=ERROR, severity=HIGH, message='No detailed debug message due to a non-debug context'
[08:37:20] [Render thread/INFO]: OpenGL debug message: id=1005, source=API, type=ERROR, severity=HIGH, message='No detailed debug message due to a non-debug context'
[08:37:20] [Render thread/INFO]: OpenGL debug message: id=1005, source=API, type=ERROR, severity=HIGH, message='No detailed debug message due to a non-debug context'
[08:37:20] [Render thread/INFO]: OpenGL debug message: id=1005, source=API, type=ERROR, severity=HIGH, message='No detailed debug message due to a non-debug context'
[08:37:20] [Render thread/INFO]: OpenGL debug message: id=1005, source=API, type=ERROR, severity=HIGH, message='No detailed debug message due to a non-debug context'
[08:37:20] [Render thread/INFO]: OpenGL debug message: id=1005, source=API, type=ERROR, severity=HIGH, message='No detailed debug message due to a non-debug context'
[08:37:20] [Render thread/INFO]: OpenGL debug message: id=1005, source=API, type=ERROR, severity=HIGH, message='No detailed debug message due to a non-debug context'
[08:37:20] [Render thread/INFO]: OpenGL debug message: id=1005, source=API, type=ERROR, severity=HIGH, message='No detailed debug message due to a non-debug context'
[08:37:20] [Render thread/INFO]: OpenGL debug message: id=1005, source=API, type=ERROR, severity=HIGH, message='No detailed debug message due to a non-debug context'
[08:37:20] [Render thread/INFO]: OpenGL debug message: id=1005, source=API, type=ERROR, severity=HIGH, message='No detailed debug message due to a non-debug context'
[08:37:20] [Render thread/INFO]: OpenGL debug message: id=1005, source=API, type=ERROR, severity=HIGH, message='No detailed debug message due to a non-debug context'
[08:37:20] [Render thread/INFO]: OpenGL debug message: id=1005, source=API, type=ERROR, severity=HIGH, message='No detailed debug message due to a non-debug context'
[08:37:20] [Render thread/INFO]: OpenGL debug message: id=1005, source=API, type=ERROR, severity=HIGH, message='No detailed debug message due to a non-debug context'
[08:37:20] [Render thread/INFO]: OpenGL debug message: id=1005, source=API, type=ERROR, severity=HIGH, message='No detailed debug message due to a non-debug context'
[08:37:20] [Render thread/INFO]: OpenGL debug message: id=1005, source=API, type=ERROR, severity=HIGH, message='No detailed debug message due to a non-debug context'
[08:37:20] [Render thread/INFO]: OpenGL debug message: id=1005, source=API, type=ERROR, severity=HIGH, message='No detailed debug message due to a non-debug context'
[08:37:20] [Render thread/INFO]: OpenGL debug message: id=1005, source=API, type=ERROR, severity=HIGH, message='No detailed debug message due to a non-debug context'
[08:37:20] [Render thread/INFO]: OpenGL debug message: id=1005, source=API, type=ERROR, severity=HIGH, message='No detailed debug message due to a non-debug context'
[08:37:20] [Render thread/INFO]: OpenGL debug message: id=1005, source=API, type=ERROR, severity=HIGH, message='No detailed debug message due to a non-debug context'
[08:37:20] [Render thread/INFO]: OpenGL debug message: id=1005, source=API, type=ERROR, severity=HIGH, message='No detailed debug message due to a non-debug context'
[08:37:20] [Render thread/INFO]: OpenGL debug message: id=1005, source=API, type=ERROR, severity=HIGH, message='No detailed debug message due to a non-debug context'
[08:37:20] [Render thread/INFO]: OpenGL debug message: id=1005, source=API, type=ERROR, severity=HIGH, message='No detailed debug message due to a non-debug context'
[08:37:20] [Render thread/INFO]: OpenGL debug message: id=1005, source=API, type=ERROR, severity=HIGH, message='No detailed debug message due to a non-debug context'
[08:37:20] [Render thread/INFO]: OpenGL debug message: id=1005, source=API, type=ERROR, severity=HIGH, message='No detailed debug message due to a non-debug context'
[08:37:20] [Render thread/INFO]: OpenGL debug message: id=1005, source=API, type=ERROR, severity=HIGH, message='No detailed debug message due to a non-debug context'
[08:37:20] [Render thread/INFO]: OpenGL debug message: id=1005, source=API, type=ERROR, severity=HIGH, message='No detailed debug message due to a non-debug context'
[08:37:20] [Render thread/INFO]: OpenGL debug message: id=1005, source=API, type=ERROR, severity=HIGH, message='No detailed debug message due to a non-debug context'
[08:37:20] [Render thread/INFO]: OpenGL debug message: id=1005, source=API, type=ERROR, severity=HIGH, message='No detailed debug message due to a non-debug context'
[08:37:20] [Render thread/INFO]: OpenGL debug message: id=1005, source=API, type=ERROR, severity=HIGH, message='No detailed debug message due to a non-debug context'
[08:37:20] [Render thread/INFO]: OpenGL debug message: id=1005, source=API, type=ERROR, severity=HIGH, message='No detailed debug message due to a non-debug context'
[08:37:20] [Render thread/INFO]: OpenGL debug message: id=1005, source=API, type=ERROR, severity=HIGH, message='No detailed debug message due to a non-debug context'
[08:37:20] [Render thread/INFO]: OpenGL debug message: id=1005, source=API, type=ERROR, severity=HIGH, message='No detailed debug message due to a non-debug context'
[08:37:20] [Render thread/INFO]: OpenGL debug message: id=1005, source=API, type=ERROR, severity=HIGH, message='No detailed debug message due to a non-debug context'
[08:37:20] [Render thread/INFO]: OpenGL debug message: id=1005, source=API, type=ERROR, severity=HIGH, message='No detailed debug message due to a non-debug context'
[08:37:20] [Render thread/INFO]: OpenGL debug message: id=1005, source=API, type=ERROR, severity=HIGH, message='No detailed debug message due to a non-debug context'
[08:37:20] [Render thread/INFO]: OpenGL debug message: id=1005, source=API, type=ERROR, severity=HIGH, message='No detailed debug message due to a non-debug context'
[08:37:20] [Render thread/INFO]: OpenGL debug message: id=1005, source=API, type=ERROR, severity=HIGH, message='No detailed debug message due to a non-debug context'
[08:37:20] [Render thread/INFO]: OpenGL debug message: id=1005, source=API, type=ERROR, severity=HIGH, message='No detailed debug message due to a non-debug context'
[08:37:20] [Render thread/INFO]: OpenGL debug message: id=1005, source=API, type=ERROR, severity=HIGH, message='No detailed debug message due to a non-debug context'
[08:37:20] [Render thread/INFO]: OpenGL debug message: id=1005, source=API, type=ERROR, severity=HIGH, message='No detailed debug message due to a non-debug context'
[08:37:20] [Render thread/INFO]: OpenGL debug message: id=1005, source=API, type=ERROR, severity=HIGH, message='No detailed debug message due to a non-debug context'
[08:37:20] [Render thread/INFO]: OpenGL debug message: id=1005, source=API, type=ERROR, severity=HIGH, message='No detailed debug message due to a non-debug context'
[08:37:20] [Render thread/INFO]: OpenGL debug message: id=1005, source=API, type=ERROR, severity=HIGH, message='No detailed debug message due to a non-debug context'
[08:37:20] [Render thread/INFO]: OpenGL debug message: id=1005, source=API, type=ERROR, severity=HIGH, message='No detailed debug message due to a non-debug context'
[08:37:21] [Render thread/INFO]: OpenGL debug message: id=1005, source=API, type=ERROR, severity=HIGH, message='No detailed debug message due to a non-debug context'
[08:37:21] [Render thread/INFO]: OpenGL debug message: id=1005, source=API, type=ERROR, severity=HIGH, message='No detailed debug message due to a non-debug context'
[08:37:21] [Render thread/INFO]: OpenGL debug message: id=1005, source=API, type=ERROR, severity=HIGH, message='No detailed debug message due to a non-debug context'
[08:37:21] [Render thread/INFO]: OpenGL debug message: id=1005, source=API, type=ERROR, severity=HIGH, message='No detailed debug message due to a non-debug context'
[08:37:21] [Render thread/INFO]: OpenGL debug message: id=1005, source=API, type=ERROR, severity=HIGH, message='No detailed debug message due to a non-debug context'
[08:37:21] [Render thread/INFO]: OpenGL debug message: id=1005, source=API, type=ERROR, severity=HIGH, message='No detailed debug message due to a non-debug context'
[08:37:21] [Render thread/INFO]: OpenGL debug message: id=1005, source=API, type=ERROR, severity=HIGH, message='No detailed debug message due to a non-debug context'
[08:37:21] [Render thread/INFO]: OpenGL debug message: id=1005, source=API, type=ERROR, severity=HIGH, message='No detailed debug message due to a non-debug context'
[08:37:21] [Render thread/INFO]: OpenGL debug message: id=1005, source=API, type=ERROR, severity=HIGH, message='No detailed debug message due to a non-debug context'
[08:37:21] [Render thread/INFO]: OpenGL debug message: id=1005, source=API, type=ERROR, severity=HIGH, message='No detailed debug message due to a non-debug context'
[08:37:21] [Render thread/INFO]: OpenGL debug message: id=1005, source=API, type=ERROR, severity=HIGH, message='No detailed debug message due to a non-debug context'
[08:37:21] [Render thread/INFO]: OpenGL debug message: id=1005, source=API, type=ERROR, severity=HIGH, message='No detailed debug message due to a non-debug context'
[08:37:21] [Render thread/INFO]: OpenGL debug message: id=1005, source=API, type=ERROR, severity=HIGH, message='No detailed debug message due to a non-debug context'
[08:37:21] [Render thread/INFO]: OpenGL debug message: id=1005, source=API, type=ERROR, severity=HIGH, message='No detailed debug message due to a non-debug context'
[08:37:21] [Render thread/INFO]: OpenGL debug message: id=1005, source=API, type=ERROR, severity=HIGH, message='No detailed debug message due to a non-debug context'
[08:37:21] [Render thread/INFO]: OpenGL debug message: id=1005, source=API, type=ERROR, severity=HIGH, message='No detailed debug message due to a non-debug context'
[08:37:21] [Render thread/INFO]: OpenGL debug message: id=1005, source=API, type=ERROR, severity=HIGH, message='No detailed debug message due to a non-debug context'
[08:37:21] [Render thread/INFO]: OpenGL debug message: id=1005, source=API, type=ERROR, severity=HIGH, message='No detailed debug message due to a non-debug context'
[08:37:21] [Render thread/INFO]: OpenGL debug message: id=1005, source=API, type=ERROR, severity=HIGH, message='No detailed debug message due to a non-debug context'
[08:37:21] [Render thread/INFO]: OpenGL debug message: id=1005, source=API, type=ERROR, severity=HIGH, message='No detailed debug message due to a non-debug context'
[08:37:21] [Render thread/INFO]: OpenGL debug message: id=1005, source=API, type=ERROR, severity=HIGH, message='No detailed debug message due to a non-debug context'
[08:37:21] [Render thread/INFO]: OpenGL debug message: id=1005, source=API, type=ERROR, severity=HIGH, message='No detailed debug message due to a non-debug context'
[08:37:21] [Render thread/INFO]: OpenGL debug message: id=1005, source=API, type=ERROR, severity=HIGH, message='No detailed debug message due to a non-debug context'
[08:37:21] [Render thread/INFO]: OpenGL debug message: id=1005, source=API, type=ERROR, severity=HIGH, message='No detailed debug message due to a non-debug context'
[08:37:21] [Render thread/INFO]: OpenGL debug message: id=1005, source=API, type=ERROR, severity=HIGH, message='No detailed debug message due to a non-debug context'
[08:37:21] [Render thread/INFO]: OpenGL debug message: id=1005, source=API, type=ERROR, severity=HIGH, message='No detailed debug message due to a non-debug context'
[08:37:21] [Render thread/INFO]: OpenGL debug message: id=1005, source=API, type=ERROR, severity=HIGH, message='No detailed debug message due to a non-debug context'
[08:37:21] [Render thread/INFO]: OpenGL debug message: id=1005, source=API, type=ERROR, severity=HIGH, message='No detailed debug message due to a non-debug context'
[08:37:21] [Render thread/INFO]: OpenGL debug message: id=1005, source=API, type=ERROR, severity=HIGH, message='No detailed debug message due to a non-debug context'
[08:37:21] [Render thread/INFO]: OpenGL debug message: id=1005, source=API, type=ERROR, severity=HIGH, message='No detailed debug message due to a non-debug context'
[08:37:21] [Render thread/INFO]: OpenGL debug message: id=1005, source=API, type=ERROR, severity=HIGH, message='No detailed debug message due to a non-debug context'
[08:37:21] [Render thread/INFO]: OpenGL debug message: id=1005, source=API, type=ERROR, severity=HIGH, message='No detailed debug message due to a non-debug context'
[08:37:21] [Render thread/INFO]: OpenGL debug message: id=1005, source=API, type=ERROR, severity=HIGH, message='No detailed debug message due to a non-debug context'
[08:37:21] [Render thread/INFO]: OpenGL debug message: id=1005, source=API, type=ERROR, severity=HIGH, message='No detailed debug message due to a non-debug context'
[08:37:21] [Render thread/INFO]: OpenGL debug message: id=1005, source=API, type=ERROR, severity=HIGH, message='No detailed debug message due to a non-debug context'
[08:37:21] [Render thread/INFO]: OpenGL debug message: id=1005, source=API, type=ERROR, severity=HIGH, message='No detailed debug message due to a non-debug context'
[08:37:21] [Render thread/INFO]: OpenGL debug message: id=1005, source=API, type=ERROR, severity=HIGH, message='No detailed debug message due to a non-debug context'
[08:37:21] [Render thread/INFO]: OpenGL debug message: id=1005, source=API, type=ERROR, severity=HIGH, message='No detailed debug message due to a non-debug context'
[08:37:21] [Render thread/INFO]: OpenGL debug message: id=1005, source=API, type=ERROR, severity=HIGH, message='No detailed debug message due to a non-debug context'
[08:37:21] [Render thread/INFO]: OpenGL debug message: id=1005, source=API, type=ERROR, severity=HIGH, message='No detailed debug message due to a non-debug context'
[08:37:21] [Render thread/INFO]: OpenGL debug message: id=1005, source=API, type=ERROR, severity=HIGH, message='No detailed debug message due to a non-debug context'
[08:37:21] [Render thread/INFO]: OpenGL debug message: id=1005, source=API, type=ERROR, severity=HIGH, message='No detailed debug message due to a non-debug context'
[08:37:21] [Render thread/INFO]: OpenGL debug message: id=1005, source=API, type=ERROR, severity=HIGH, message='No detailed debug message due to a non-debug context'
[08:37:21] [Render thread/INFO]: OpenGL debug message: id=1005, source=API, type=ERROR, severity=HIGH, message='No detailed debug message due to a non-debug context'
[08:37:21] [Render thread/INFO]: OpenGL debug message: id=1005, source=API, type=ERROR, severity=HIGH, message='No detailed debug message due to a non-debug context'
[08:37:21] [Render thread/INFO]: OpenGL debug message: id=1005, source=API, type=ERROR, severity=HIGH, message='No detailed debug message due to a non-debug context'
[08:37:21] [Render thread/INFO]: OpenGL debug message: id=1005, source=API, type=ERROR, severity=HIGH, message='No detailed debug message due to a non-debug context'
[08:37:21] [Render thread/INFO]: OpenGL debug message: id=1005, source=API, type=ERROR, severity=HIGH, message='No detailed debug message due to a non-debug context'
[08:37:21] [Render thread/INFO]: OpenGL debug message: id=1005, source=API, type=ERROR, severity=HIGH, message='No detailed debug message due to a non-debug context'
[08:37:21] [Render thread/INFO]: OpenGL debug message: id=1005, source=API, type=ERROR, severity=HIGH, message='No detailed debug message due to a non-debug context'
[08:37:21] [Render thread/INFO]: OpenGL debug message: id=1005, source=API, type=ERROR, severity=HIGH, message='No detailed debug message due to a non-debug context'
[08:37:21] [Render thread/INFO]: OpenGL debug message: id=1005, source=API, type=ERROR, severity=HIGH, message='No detailed debug message due to a non-debug context'
[08:37:21] [Render thread/INFO]: OpenGL debug message: id=1005, source=API, type=ERROR, severity=HIGH, message='No detailed debug message due to a non-debug context'
[08:37:21] [Render thread/INFO]: OpenGL debug message: id=1005, source=API, type=ERROR, severity=HIGH, message='No detailed debug message due to a non-debug context'
[08:37:21] [Render thread/INFO]: OpenGL debug message: id=1005, source=API, type=ERROR, severity=HIGH, message='No detailed debug message due to a non-debug context'
[08:37:21] [Render thread/INFO]: OpenGL debug message: id=1005, source=API, type=ERROR, severity=HIGH, message='No detailed debug message due to a non-debug context'
[08:37:21] [Render thread/INFO]: OpenGL debug message: id=1005, source=API, type=ERROR, severity=HIGH, message='No detailed debug message due to a non-debug context'
[08:37:21] [Render thread/INFO]: OpenGL debug message: id=1005, source=API, type=ERROR, severity=HIGH, message='No detailed debug message due to a non-debug context'
[08:37:21] [Render thread/INFO]: OpenGL debug message: id=1005, source=API, type=ERROR, severity=HIGH, message='No detailed debug message due to a non-debug context'
[08:37:21] [Render thread/INFO]: OpenGL debug message: id=1005, source=API, type=ERROR, severity=HIGH, message='No detailed debug message due to a non-debug context'
[08:37:22] [Render thread/INFO]: OpenGL debug message: id=1005, source=API, type=ERROR, severity=HIGH, message='No detailed debug message due to a non-debug context'
[08:37:22] [Render thread/INFO]: OpenGL debug message: id=1005, source=API, type=ERROR, severity=HIGH, message='No detailed debug message due to a non-debug context'
[08:37:22] [Render thread/INFO]: OpenGL debug message: id=1005, source=API, type=ERROR, severity=HIGH, message='No detailed debug message due to a non-debug context'
[08:37:22] [Render thread/INFO]: OpenGL debug message: id=1005, source=API, type=ERROR, severity=HIGH, message='No detailed debug message due to a non-debug context'
[08:37:22] [Render thread/INFO]: OpenGL debug message: id=1005, source=API, type=ERROR, severity=HIGH, message='No detailed debug message due to a non-debug context'
[08:37:22] [Render thread/INFO]: OpenGL debug message: id=1005, source=API, type=ERROR, severity=HIGH, message='No detailed debug message due to a non-debug context'
[08:37:22] [Render thread/INFO]: OpenGL debug message: id=1005, source=API, type=ERROR, severity=HIGH, message='No detailed debug message due to a non-debug context'
[08:37:22] [Render thread/INFO]: OpenGL debug message: id=1005, source=API, type=ERROR, severity=HIGH, message='No detailed debug message due to a non-debug context'
[08:37:22] [Render thread/INFO]: OpenGL debug message: id=1005, source=API, type=ERROR, severity=HIGH, message='No detailed debug message due to a non-debug context'
[08:37:22] [Render thread/INFO]: OpenGL debug message: id=1005, source=API, type=ERROR, severity=HIGH, message='No detailed debug message due to a non-debug context'
[08:37:22] [Render thread/INFO]: OpenGL debug message: id=1005, source=API, type=ERROR, severity=HIGH, message='No detailed debug message due to a non-debug context'
[08:37:22] [Render thread/INFO]: OpenGL debug message: id=1005, source=API, type=ERROR, severity=HIGH, message='No detailed debug message due to a non-debug context'
[08:37:22] [Render thread/INFO]: OpenGL debug message: id=1005, source=API, type=ERROR, severity=HIGH, message='No detailed debug message due to a non-debug context'
[08:37:22] [Render thread/INFO]: OpenGL debug message: id=1005, source=API, type=ERROR, severity=HIGH, message='No detailed debug message due to a non-debug context'
[08:37:22] [Render thread/INFO]: OpenGL debug message: id=1005, source=API, type=ERROR, severity=HIGH, message='No detailed debug message due to a non-debug context'
[08:37:22] [Render thread/INFO]: OpenGL debug message: id=1005, source=API, type=ERROR, severity=HIGH, message='No detailed debug message due to a non-debug context'
[08:37:22] [Render thread/INFO]: OpenGL debug message: id=1005, source=API, type=ERROR, severity=HIGH, message='No detailed debug message due to a non-debug context'
[08:37:22] [Render thread/INFO]: OpenGL debug message: id=1005, source=API, type=ERROR, severity=HIGH, message='No detailed debug message due to a non-debug context'
[08:37:22] [Render thread/INFO]: OpenGL debug message: id=1005, source=API, type=ERROR, severity=HIGH, message='No detailed debug message due to a non-debug context'
[08:37:22] [Render thread/INFO]: OpenGL debug message: id=1005, source=API, type=ERROR, severity=HIGH, message='No detailed debug message due to a non-debug context'
[08:37:22] [Render thread/INFO]: OpenGL debug message: id=1005, source=API, type=ERROR, severity=HIGH, message='No detailed debug message due to a non-debug context'
[08:37:22] [Render thread/INFO]: OpenGL debug message: id=1005, source=API, type=ERROR, severity=HIGH, message='No detailed debug message due to a non-debug context'
[08:37:22] [Render thread/INFO]: OpenGL debug message: id=1005, source=API, type=ERROR, severity=HIGH, message='No detailed debug message due to a non-debug context'
[08:37:22] [Render thread/INFO]: OpenGL debug message: id=1005, source=API, type=ERROR, severity=HIGH, message='No detailed debug message due to a non-debug context'
[08:37:22] [Render thread/INFO]: OpenGL debug message: id=1005, source=API, type=ERROR, severity=HIGH, message='No detailed debug message due to a non-debug context'
[08:37:22] [Render thread/INFO]: OpenGL debug message: id=1005, source=API, type=ERROR, severity=HIGH, message='No detailed debug message due to a non-debug context'
[08:37:22] [Render thread/INFO]: OpenGL debug message: id=1005, source=API, type=ERROR, severity=HIGH, message='No detailed debug message due to a non-debug context'
[08:37:22] [Render thread/INFO]: OpenGL debug message: id=1005, source=API, type=ERROR, severity=HIGH, message='No detailed debug message due to a non-debug context'
[08:37:22] [Render thread/INFO]: OpenGL debug message: id=1005, source=API, type=ERROR, severity=HIGH, message='No detailed debug message due to a non-debug context'
[08:37:22] [Render thread/INFO]: OpenGL debug message: id=1005, source=API, type=ERROR, severity=HIGH, message='No detailed debug message due to a non-debug context'
[08:37:22] [Render thread/INFO]: OpenGL debug message: id=1005, source=API, type=ERROR, severity=HIGH, message='No detailed debug message due to a non-debug context'
[08:37:22] [Render thread/INFO]: OpenGL debug message: id=1005, source=API, type=ERROR, severity=HIGH, message='No detailed debug message due to a non-debug context'
[08:37:22] [Render thread/INFO]: OpenGL debug message: id=1005, source=API, type=ERROR, severity=HIGH, message='No detailed debug message due to a non-debug context'
[08:37:22] [Render thread/INFO]: OpenGL debug message: id=1005, source=API, type=ERROR, severity=HIGH, message='No detailed debug message due to a non-debug context'
[08:37:22] [Render thread/INFO]: OpenGL debug message: id=1005, source=API, type=ERROR, severity=HIGH, message='No detailed debug message due to a non-debug context'
[08:37:22] [Render thread/INFO]: OpenGL debug message: id=1005, source=API, type=ERROR, severity=HIGH, message='No detailed debug message due to a non-debug context'
[08:37:22] [Render thread/INFO]: OpenGL debug message: id=1005, source=API, type=ERROR, severity=HIGH, message='No detailed debug message due to a non-debug context'
[08:37:22] [Render thread/INFO]: OpenGL debug message: id=1005, source=API, type=ERROR, severity=HIGH, message='No detailed debug message due to a non-debug context'
[08:37:22] [Render thread/INFO]: OpenGL debug message: id=1005, source=API, type=ERROR, severity=HIGH, message='No detailed debug message due to a non-debug context'
[08:37:22] [Render thread/INFO]: OpenGL debug message: id=1005, source=API, type=ERROR, severity=HIGH, message='No detailed debug message due to a non-debug context'
[08:37:22] [Render thread/INFO]: OpenGL debug message: id=1005, source=API, type=ERROR, severity=HIGH, message='No detailed debug message due to a non-debug context'
[08:37:22] [Render thread/INFO]: OpenGL debug message: id=1005, source=API, type=ERROR, severity=HIGH, message='No detailed debug message due to a non-debug context'
[08:37:22] [Render thread/INFO]: OpenGL debug message: id=1005, source=API, type=ERROR, severity=HIGH, message='No detailed debug message due to a non-debug context'
[08:37:22] [Render thread/INFO]: OpenGL debug message: id=1005, source=API, type=ERROR, severity=HIGH, message='No detailed debug message due to a non-debug context'
[08:37:22] [Render thread/INFO]: OpenGL debug message: id=1005, source=API, type=ERROR, severity=HIGH, message='No detailed debug message due to a non-debug context'
[08:37:22] [Render thread/INFO]: OpenGL debug message: id=1005, source=API, type=ERROR, severity=HIGH, message='No detailed debug message due to a non-debug context'
[08:37:22] [Render thread/INFO]: OpenGL debug message: id=1005, source=API, type=ERROR, severity=HIGH, message='No detailed debug message due to a non-debug context'
[08:37:22] [Render thread/INFO]: OpenGL debug message: id=1005, source=API, type=ERROR, severity=HIGH, message='No detailed debug message due to a non-debug context'
[08:37:22] [Render thread/INFO]: OpenGL debug message: id=1005, source=API, type=ERROR, severity=HIGH, message='No detailed debug message due to a non-debug context'
[08:37:22] [Render thread/INFO]: OpenGL debug message: id=1005, source=API, type=ERROR, severity=HIGH, message='No detailed debug message due to a non-debug context'
[08:37:22] [Render thread/INFO]: OpenGL debug message: id=1005, source=API, type=ERROR, severity=HIGH, message='No detailed debug message due to a non-debug context'
[08:37:22] [Render thread/INFO]: OpenGL debug message: id=1005, source=API, type=ERROR, severity=HIGH, message='No detailed debug message due to a non-debug context'
[08:37:22] [Render thread/INFO]: OpenGL debug message: id=1005, source=API, type=ERROR, severity=HIGH, message='No detailed debug message due to a non-debug context'
[08:37:22] [Render thread/INFO]: OpenGL debug message: id=1005, source=API, type=ERROR, severity=HIGH, message='No detailed debug message due to a non-debug context'
[08:37:22] [Render thread/INFO]: OpenGL debug message: id=1005, source=API, type=ERROR, severity=HIGH, message='No detailed debug message due to a non-debug context'
[08:37:22] [Render thread/INFO]: OpenGL debug message: id=1005, source=API, type=ERROR, severity=HIGH, message='No detailed debug message due to a non-debug context'
[08:37:22] [Render thread/INFO]: OpenGL debug message: id=1005, source=API, type=ERROR, severity=HIGH, message='No detailed debug message due to a non-debug context'
[08:37:22] [Render thread/INFO]: OpenGL debug message: id=1005, source=API, type=ERROR, severity=HIGH, message='No detailed debug message due to a non-debug context'
[08:37:22] [Render thread/INFO]: OpenGL debug message: id=1005, source=API, type=ERROR, severity=HIGH, message='No detailed debug message due to a non-debug context'
[08:37:23] [Render thread/INFO]: OpenGL debug message: id=1005, source=API, type=ERROR, severity=HIGH, message='No detailed debug message due to a non-debug context'
[08:37:23] [Render thread/INFO]: OpenGL debug message: id=1005, source=API, type=ERROR, severity=HIGH, message='No detailed debug message due to a non-debug context'
[08:37:23] [Render thread/INFO]: OpenGL debug message: id=1005, source=API, type=ERROR, severity=HIGH, message='No detailed debug message due to a non-debug context'
[08:37:23] [Render thread/INFO]: OpenGL debug message: id=1005, source=API, type=ERROR, severity=HIGH, message='No detailed debug message due to a non-debug context'
[08:37:23] [Render thread/INFO]: OpenGL debug message: id=1005, source=API, type=ERROR, severity=HIGH, message='No detailed debug message due to a non-debug context'
[08:37:23] [Render thread/INFO]: OpenGL debug message: id=1005, source=API, type=ERROR, severity=HIGH, message='No detailed debug message due to a non-debug context'
[08:37:23] [Render thread/INFO]: OpenGL debug message: id=1005, source=API, type=ERROR, severity=HIGH, message='No detailed debug message due to a non-debug context'
[08:37:23] [Render thread/INFO]: OpenGL debug message: id=1005, source=API, type=ERROR, severity=HIGH, message='No detailed debug message due to a non-debug context'
[08:37:23] [Render thread/INFO]: OpenGL debug message: id=1005, source=API, type=ERROR, severity=HIGH, message='No detailed debug message due to a non-debug context'
[08:37:23] [Render thread/INFO]: OpenGL debug message: id=1005, source=API, type=ERROR, severity=HIGH, message='No detailed debug message due to a non-debug context'
[08:37:23] [Render thread/INFO]: OpenGL debug message: id=1005, source=API, type=ERROR, severity=HIGH, message='No detailed debug message due to a non-debug context'
[08:37:23] [Render thread/INFO]: OpenGL debug message: id=1005, source=API, type=ERROR, severity=HIGH, message='No detailed debug message due to a non-debug context'
[08:37:23] [Render thread/INFO]: OpenGL debug message: id=1005, source=API, type=ERROR, severity=HIGH, message='No detailed debug message due to a non-debug context'
[08:37:23] [Render thread/INFO]: OpenGL debug message: id=1005, source=API, type=ERROR, severity=HIGH, message='No detailed debug message due to a non-debug context'
[08:37:23] [Render thread/INFO]: OpenGL debug message: id=1005, source=API, type=ERROR, severity=HIGH, message='No detailed debug message due to a non-debug context'
[08:37:23] [Render thread/INFO]: OpenGL debug message: id=1005, source=API, type=ERROR, severity=HIGH, message='No detailed debug message due to a non-debug context'
[08:37:23] [Render thread/INFO]: OpenGL debug message: id=1005, source=API, type=ERROR, severity=HIGH, message='No detailed debug message due to a non-debug context'
[08:37:23] [Render thread/INFO]: OpenGL debug message: id=1005, source=API, type=ERROR, severity=HIGH, message='No detailed debug message due to a non-debug context'
[08:37:23] [Render thread/INFO]: OpenGL debug message: id=1005, source=API, type=ERROR, severity=HIGH, message='No detailed debug message due to a non-debug context'
[08:37:23] [Render thread/INFO]: OpenGL debug message: id=1005, source=API, type=ERROR, severity=HIGH, message='No detailed debug message due to a non-debug context'
[08:37:23] [Render thread/INFO]: OpenGL debug message: id=1005, source=API, type=ERROR, severity=HIGH, message='No detailed debug message due to a non-debug context'
[08:37:23] [Render thread/INFO]: OpenGL debug message: id=1005, source=API, type=ERROR, severity=HIGH, message='No detailed debug message due to a non-debug context'
[08:37:23] [Render thread/INFO]: OpenGL debug message: id=1005, source=API, type=ERROR, severity=HIGH, message='No detailed debug message due to a non-debug context'
[08:37:23] [Render thread/INFO]: OpenGL debug message: id=1005, source=API, type=ERROR, severity=HIGH, message='No detailed debug message due to a non-debug context'
[08:37:23] [Render thread/INFO]: OpenGL debug message: id=1005, source=API, type=ERROR, severity=HIGH, message='No detailed debug message due to a non-debug context'
[08:37:23] [Render thread/INFO]: OpenGL debug message: id=1005, source=API, type=ERROR, severity=HIGH, message='No detailed debug message due to a non-debug context'
[08:37:23] [Render thread/INFO]: OpenGL debug message: id=1005, source=API, type=ERROR, severity=HIGH, message='No detailed debug message due to a non-debug context'
[08:37:23] [Render thread/INFO]: OpenGL debug message: id=1005, source=API, type=ERROR, severity=HIGH, message='No detailed debug message due to a non-debug context'
[08:37:23] [Render thread/INFO]: OpenGL debug message: id=1005, source=API, type=ERROR, severity=HIGH, message='No detailed debug message due to a non-debug context'
[08:37:23] [Render thread/INFO]: OpenGL debug message: id=1005, source=API, type=ERROR, severity=HIGH, message='No detailed debug message due to a non-debug context'
[08:37:23] [Render thread/INFO]: OpenGL debug message: id=1005, source=API, type=ERROR, severity=HIGH, message='No detailed debug message due to a non-debug context'
[08:37:23] [Render thread/INFO]: OpenGL debug message: id=1005, source=API, type=ERROR, severity=HIGH, message='No detailed debug message due to a non-debug context'
[08:37:23] [Render thread/INFO]: OpenGL debug message: id=1005, source=API, type=ERROR, severity=HIGH, message='No detailed debug message due to a non-debug context'
[08:37:23] [Render thread/INFO]: OpenGL debug message: id=1005, source=API, type=ERROR, severity=HIGH, message='No detailed debug message due to a non-debug context'
[08:37:23] [Render thread/INFO]: OpenGL debug message: id=1005, source=API, type=ERROR, severity=HIGH, message='No detailed debug message due to a non-debug context'
[08:37:23] [Render thread/INFO]: OpenGL debug message: id=1005, source=API, type=ERROR, severity=HIGH, message='No detailed debug message due to a non-debug context'
[08:37:23] [Render thread/INFO]: OpenGL debug message: id=1005, source=API, type=ERROR, severity=HIGH, message='No detailed debug message due to a non-debug context'
[08:37:23] [Render thread/INFO]: OpenGL debug message: id=1005, source=API, type=ERROR, severity=HIGH, message='No detailed debug message due to a non-debug context'
[08:37:23] [Render thread/INFO]: OpenGL debug message: id=1005, source=API, type=ERROR, severity=HIGH, message='No detailed debug message due to a non-debug context'
[08:37:23] [Render thread/INFO]: OpenGL debug message: id=1005, source=API, type=ERROR, severity=HIGH, message='No detailed debug message due to a non-debug context'
[08:37:23] [Render thread/INFO]: OpenGL debug message: id=1005, source=API, type=ERROR, severity=HIGH, message='No detailed debug message due to a non-debug context'
[08:37:23] [Render thread/INFO]: OpenGL debug message: id=1005, source=API, type=ERROR, severity=HIGH, message='No detailed debug message due to a non-debug context'
[08:37:23] [Render thread/INFO]: OpenGL debug message: id=1005, source=API, type=ERROR, severity=HIGH, message='No detailed debug message due to a non-debug context'
[08:37:23] [Render thread/INFO]: OpenGL debug message: id=1005, source=API, type=ERROR, severity=HIGH, message='No detailed debug message due to a non-debug context'
[08:37:23] [Render thread/INFO]: OpenGL debug message: id=1005, source=API, type=ERROR, severity=HIGH, message='No detailed debug message due to a non-debug context'
[08:37:23] [Render thread/INFO]: OpenGL debug message: id=1005, source=API, type=ERROR, severity=HIGH, message='No detailed debug message due to a non-debug context'
[08:37:23] [Render thread/INFO]: OpenGL debug message: id=1005, source=API, type=ERROR, severity=HIGH, message='No detailed debug message due to a non-debug context'
[08:37:23] [Render thread/INFO]: OpenGL debug message: id=1005, source=API, type=ERROR, severity=HIGH, message='No detailed debug message due to a non-debug context'
[08:37:23] [Render thread/INFO]: OpenGL debug message: id=1005, source=API, type=ERROR, severity=HIGH, message='No detailed debug message due to a non-debug context'
[08:37:23] [Render thread/INFO]: OpenGL debug message: id=1005, source=API, type=ERROR, severity=HIGH, message='No detailed debug message due to a non-debug context'
[08:37:23] [Render thread/INFO]: OpenGL debug message: id=1005, source=API, type=ERROR, severity=HIGH, message='No detailed debug message due to a non-debug context'
[08:37:23] [Render thread/INFO]: OpenGL debug message: id=1005, source=API, type=ERROR, severity=HIGH, message='No detailed debug message due to a non-debug context'
[08:37:23] [Render thread/INFO]: OpenGL debug message: id=1005, source=API, type=ERROR, severity=HIGH, message='No detailed debug message due to a non-debug context'
[08:37:23] [Render thread/INFO]: OpenGL debug message: id=1005, source=API, type=ERROR, severity=HIGH, message='No detailed debug message due to a non-debug context'
[08:37:23] [Render thread/INFO]: OpenGL debug message: id=1005, source=API, type=ERROR, severity=HIGH, message='No detailed debug message due to a non-debug context'
[08:37:23] [Render thread/INFO]: OpenGL debug message: id=1005, source=API, type=ERROR, severity=HIGH, message='No detailed debug message due to a non-debug context'
[08:37:23] [Render thread/INFO]: OpenGL debug message: id=1005, source=API, type=ERROR, severity=HIGH, message='No detailed debug message due to a non-debug context'
[08:37:23] [Render thread/INFO]: OpenGL debug message: id=1005, source=API, type=ERROR, severity=HIGH, message='No detailed debug message due to a non-debug context'
[08:37:23] [Render thread/INFO]: OpenGL debug message: id=1005, source=API, type=ERROR, severity=HIGH, message='No detailed debug message due to a non-debug context'
[08:37:23] [Render thread/INFO]: OpenGL debug message: id=1005, source=API, type=ERROR, severity=HIGH, message='No detailed debug message due to a non-debug context'
[08:37:24] [Render thread/INFO]: OpenGL debug message: id=1005, source=API, type=ERROR, severity=HIGH, message='No detailed debug message due to a non-debug context'
[08:37:24] [Render thread/INFO]: OpenGL debug message: id=1005, source=API, type=ERROR, severity=HIGH, message='No detailed debug message due to a non-debug context'
[08:37:24] [Render thread/INFO]: OpenGL debug message: id=1005, source=API, type=ERROR, severity=HIGH, message='No detailed debug message due to a non-debug context'
[08:37:24] [Render thread/INFO]: OpenGL debug message: id=1005, source=API, type=ERROR, severity=HIGH, message='No detailed debug message due to a non-debug context'
[08:37:24] [Render thread/INFO]: OpenGL debug message: id=1005, source=API, type=ERROR, severity=HIGH, message='No detailed debug message due to a non-debug context'
[08:37:24] [Render thread/INFO]: OpenGL debug message: id=1005, source=API, type=ERROR, severity=HIGH, message='No detailed debug message due to a non-debug context'
[08:37:24] [Render thread/INFO]: OpenGL debug message: id=1005, source=API, type=ERROR, severity=HIGH, message='No detailed debug message due to a non-debug context'
[08:37:24] [Render thread/INFO]: OpenGL debug message: id=1005, source=API, type=ERROR, severity=HIGH, message='No detailed debug message due to a non-debug context'
[08:37:24] [Render thread/INFO]: OpenGL debug message: id=1005, source=API, type=ERROR, severity=HIGH, message='No detailed debug message due to a non-debug context'
[08:37:24] [Render thread/INFO]: OpenGL debug message: id=1005, source=API, type=ERROR, severity=HIGH, message='No detailed debug message due to a non-debug context'
[08:37:24] [Render thread/INFO]: OpenGL debug message: id=1005, source=API, type=ERROR, severity=HIGH, message='No detailed debug message due to a non-debug context'
[08:37:24] [Render thread/INFO]: OpenGL debug message: id=1005, source=API, type=ERROR, severity=HIGH, message='No detailed debug message due to a non-debug context'
[08:37:24] [Render thread/INFO]: OpenGL debug message: id=1005, source=API, type=ERROR, severity=HIGH, message='No detailed debug message due to a non-debug context'
[08:37:24] [Render thread/INFO]: OpenGL debug message: id=1005, source=API, type=ERROR, severity=HIGH, message='No detailed debug message due to a non-debug context'
[08:37:24] [Render thread/INFO]: OpenGL debug message: id=1005, source=API, type=ERROR, severity=HIGH, message='No detailed debug message due to a non-debug context'
[08:37:24] [Render thread/INFO]: OpenGL debug message: id=1005, source=API, type=ERROR, severity=HIGH, message='No detailed debug message due to a non-debug context'
[08:37:24] [Render thread/INFO]: OpenGL debug message: id=1005, source=API, type=ERROR, severity=HIGH, message='No detailed debug message due to a non-debug context'
[08:37:24] [Render thread/INFO]: OpenGL debug message: id=1005, source=API, type=ERROR, severity=HIGH, message='No detailed debug message due to a non-debug context'
[08:37:24] [Render thread/INFO]: OpenGL debug message: id=1005, source=API, type=ERROR, severity=HIGH, message='No detailed debug message due to a non-debug context'
[08:37:24] [Render thread/INFO]: OpenGL debug message: id=1005, source=API, type=ERROR, severity=HIGH, message='No detailed debug message due to a non-debug context'
[08:37:24] [Render thread/INFO]: OpenGL debug message: id=1005, source=API, type=ERROR, severity=HIGH, message='No detailed debug message due to a non-debug context'
[08:37:24] [Render thread/INFO]: OpenGL debug message: id=1005, source=API, type=ERROR, severity=HIGH, message='No detailed debug message due to a non-debug context'
[08:37:24] [Render thread/INFO]: OpenGL debug message: id=1005, source=API, type=ERROR, severity=HIGH, message='No detailed debug message due to a non-debug context'
[08:37:24] [Render thread/INFO]: OpenGL debug message: id=1005, source=API, type=ERROR, severity=HIGH, message='No detailed debug message due to a non-debug context'
[08:37:24] [Render thread/INFO]: OpenGL debug message: id=1005, source=API, type=ERROR, severity=HIGH, message='No detailed debug message due to a non-debug context'
[08:37:24] [Render thread/INFO]: OpenGL debug message: id=1005, source=API, type=ERROR, severity=HIGH, message='No detailed debug message due to a non-debug context'
[08:37:24] [Render thread/INFO]: OpenGL debug message: id=1005, source=API, type=ERROR, severity=HIGH, message='No detailed debug message due to a non-debug context'
[08:37:24] [Render thread/INFO]: OpenGL debug message: id=1005, source=API, type=ERROR, severity=HIGH, message='No detailed debug message due to a non-debug context'
[08:37:24] [Render thread/INFO]: OpenGL debug message: id=1005, source=API, type=ERROR, severity=HIGH, message='No detailed debug message due to a non-debug context'
[08:37:24] [Render thread/INFO]: OpenGL debug message: id=1005, source=API, type=ERROR, severity=HIGH, message='No detailed debug message due to a non-debug context'
[08:37:24] [Render thread/INFO]: OpenGL debug message: id=1005, source=API, type=ERROR, severity=HIGH, message='No detailed debug message due to a non-debug context'
[08:37:24] [Render thread/INFO]: OpenGL debug message: id=1005, source=API, type=ERROR, severity=HIGH, message='No detailed debug message due to a non-debug context'
[08:37:24] [Render thread/INFO]: OpenGL debug message: id=1005, source=API, type=ERROR, severity=HIGH, message='No detailed debug message due to a non-debug context'
[08:37:24] [Render thread/INFO]: OpenGL debug message: id=1005, source=API, type=ERROR, severity=HIGH, message='No detailed debug message due to a non-debug context'
[08:37:24] [Render thread/INFO]: OpenGL debug message: id=1005, source=API, type=ERROR, severity=HIGH, message='No detailed debug message due to a non-debug context'
[08:37:24] [Render thread/INFO]: OpenGL debug message: id=1005, source=API, type=ERROR, severity=HIGH, message='No detailed debug message due to a non-debug context'
[08:37:24] [Render thread/INFO]: OpenGL debug message: id=1005, source=API, type=ERROR, severity=HIGH, message='No detailed debug message due to a non-debug context'
[08:37:24] [Render thread/INFO]: OpenGL debug message: id=1005, source=API, type=ERROR, severity=HIGH, message='No detailed debug message due to a non-debug context'
[08:37:24] [Render thread/INFO]: OpenGL debug message: id=1005, source=API, type=ERROR, severity=HIGH, message='No detailed debug message due to a non-debug context'
[08:37:24] [Render thread/INFO]: OpenGL debug message: id=1005, source=API, type=ERROR, severity=HIGH, message='No detailed debug message due to a non-debug context'
[08:37:24] [Render thread/INFO]: OpenGL debug message: id=1005, source=API, type=ERROR, severity=HIGH, message='No detailed debug message due to a non-debug context'
[08:37:24] [Render thread/INFO]: OpenGL debug message: id=1005, source=API, type=ERROR, severity=HIGH, message='No detailed debug message due to a non-debug context'
[08:37:24] [Render thread/INFO]: OpenGL debug message: id=1005, source=API, type=ERROR, severity=HIGH, message='No detailed debug message due to a non-debug context'
[08:37:24] [Render thread/INFO]: OpenGL debug message: id=1005, source=API, type=ERROR, severity=HIGH, message='No detailed debug message due to a non-debug context'
[08:37:24] [Render thread/INFO]: OpenGL debug message: id=1005, source=API, type=ERROR, severity=HIGH, message='No detailed debug message due to a non-debug context'
[08:37:24] [Render thread/INFO]: OpenGL debug message: id=1005, source=API, type=ERROR, severity=HIGH, message='No detailed debug message due to a non-debug context'
[08:37:24] [Render thread/INFO]: OpenGL debug message: id=1005, source=API, type=ERROR, severity=HIGH, message='No detailed debug message due to a non-debug context'
[08:37:24] [Render thread/INFO]: OpenGL debug message: id=1005, source=API, type=ERROR, severity=HIGH, message='No detailed debug message due to a non-debug context'
[08:37:24] [Render thread/INFO]: OpenGL debug message: id=1005, source=API, type=ERROR, severity=HIGH, message='No detailed debug message due to a non-debug context'
[08:37:24] [Render thread/INFO]: OpenGL debug message: id=1005, source=API, type=ERROR, severity=HIGH, message='No detailed debug message due to a non-debug context'
[08:37:24] [Render thread/INFO]: OpenGL debug message: id=1005, source=API, type=ERROR, severity=HIGH, message='No detailed debug message due to a non-debug context'
[08:37:24] [Render thread/INFO]: OpenGL debug message: id=1005, source=API, type=ERROR, severity=HIGH, message='No detailed debug message due to a non-debug context'
[08:37:24] [Render thread/INFO]: OpenGL debug message: id=1005, source=API, type=ERROR, severity=HIGH, message='No detailed debug message due to a non-debug context'
[08:37:24] [Render thread/INFO]: OpenGL debug message: id=1005, source=API, type=ERROR, severity=HIGH, message='No detailed debug message due to a non-debug context'
[08:37:24] [Render thread/INFO]: OpenGL debug message: id=1005, source=API, type=ERROR, severity=HIGH, message='No detailed debug message due to a non-debug context'
[08:37:24] [Render thread/INFO]: OpenGL debug message: id=1005, source=API, type=ERROR, severity=HIGH, message='No detailed debug message due to a non-debug context'
[08:37:24] [Render thread/INFO]: OpenGL debug message: id=1005, source=API, type=ERROR, severity=HIGH, message='No detailed debug message due to a non-debug context'
[08:37:24] [Render thread/INFO]: OpenGL debug message: id=1005, source=API, type=ERROR, severity=HIGH, message='No detailed debug message due to a non-debug context'
[08:37:24] [Render thread/INFO]: OpenGL debug message: id=1005, source=API, type=ERROR, severity=HIGH, message='No detailed debug message due to a non-debug context'
[08:37:25] [Render thread/INFO]: OpenGL debug message: id=1005, source=API, type=ERROR, severity=HIGH, message='No detailed debug message due to a non-debug context'
[08:37:25] [Render thread/INFO]: OpenGL debug message: id=1005, source=API, type=ERROR, severity=HIGH, message='No detailed debug message due to a non-debug context'
[08:37:25] [Render thread/INFO]: OpenGL debug message: id=1005, source=API, type=ERROR, severity=HIGH, message='No detailed debug message due to a non-debug context'
[08:37:25] [Render thread/INFO]: OpenGL debug message: id=1005, source=API, type=ERROR, severity=HIGH, message='No detailed debug message due to a non-debug context'
[08:37:25] [Render thread/INFO]: OpenGL debug message: id=1005, source=API, type=ERROR, severity=HIGH, message='No detailed debug message due to a non-debug context'
[08:37:25] [Render thread/INFO]: OpenGL debug message: id=1005, source=API, type=ERROR, severity=HIGH, message='No detailed debug message due to a non-debug context'
[08:37:25] [Render thread/INFO]: OpenGL debug message: id=1005, source=API, type=ERROR, severity=HIGH, message='No detailed debug message due to a non-debug context'
[08:37:25] [Render thread/INFO]: OpenGL debug message: id=1005, source=API, type=ERROR, severity=HIGH, message='No detailed debug message due to a non-debug context'
[08:37:25] [Render thread/INFO]: OpenGL debug message: id=1005, source=API, type=ERROR, severity=HIGH, message='No detailed debug message due to a non-debug context'
[08:37:25] [Render thread/INFO]: OpenGL debug message: id=1005, source=API, type=ERROR, severity=HIGH, message='No detailed debug message due to a non-debug context'
[08:37:25] [Render thread/INFO]: OpenGL debug message: id=1005, source=API, type=ERROR, severity=HIGH, message='No detailed debug message due to a non-debug context'
[08:37:25] [Render thread/INFO]: OpenGL debug message: id=1005, source=API, type=ERROR, severity=HIGH, message='No detailed debug message due to a non-debug context'
[08:37:25] [Render thread/INFO]: OpenGL debug message: id=1005, source=API, type=ERROR, severity=HIGH, message='No detailed debug message due to a non-debug context'
[08:37:25] [Render thread/INFO]: OpenGL debug message: id=1005, source=API, type=ERROR, severity=HIGH, message='No detailed debug message due to a non-debug context'
[08:37:25] [Render thread/INFO]: OpenGL debug message: id=1005, source=API, type=ERROR, severity=HIGH, message='No detailed debug message due to a non-debug context'
[08:37:25] [Render thread/INFO]: OpenGL debug message: id=1005, source=API, type=ERROR, severity=HIGH, message='No detailed debug message due to a non-debug context'
[08:37:25] [Render thread/INFO]: OpenGL debug message: id=1005, source=API, type=ERROR, severity=HIGH, message='No detailed debug message due to a non-debug context'
[08:37:25] [Render thread/INFO]: OpenGL debug message: id=1005, source=API, type=ERROR, severity=HIGH, message='No detailed debug message due to a non-debug context'
[08:37:25] [Render thread/INFO]: OpenGL debug message: id=1005, source=API, type=ERROR, severity=HIGH, message='No detailed debug message due to a non-debug context'
[08:37:25] [Render thread/INFO]: OpenGL debug message: id=1005, source=API, type=ERROR, severity=HIGH, message='No detailed debug message due to a non-debug context'
[08:37:25] [Render thread/INFO]: OpenGL debug message: id=1005, source=API, type=ERROR, severity=HIGH, message='No detailed debug message due to a non-debug context'
[08:37:25] [Render thread/INFO]: OpenGL debug message: id=1005, source=API, type=ERROR, severity=HIGH, message='No detailed debug message due to a non-debug context'
[08:37:25] [Render thread/INFO]: OpenGL debug message: id=1005, source=API, type=ERROR, severity=HIGH, message='No detailed debug message due to a non-debug context'
[08:37:25] [Render thread/INFO]: OpenGL debug message: id=1005, source=API, type=ERROR, severity=HIGH, message='No detailed debug message due to a non-debug context'
[08:37:25] [Render thread/INFO]: OpenGL debug message: id=1005, source=API, type=ERROR, severity=HIGH, message='No detailed debug message due to a non-debug context'
[08:37:25] [Render thread/INFO]: OpenGL debug message: id=1005, source=API, type=ERROR, severity=HIGH, message='No detailed debug message due to a non-debug context'
[08:37:25] [Render thread/INFO]: OpenGL debug message: id=1005, source=API, type=ERROR, severity=HIGH, message='No detailed debug message due to a non-debug context'
[08:37:25] [Render thread/INFO]: OpenGL debug message: id=1005, source=API, type=ERROR, severity=HIGH, message='No detailed debug message due to a non-debug context'
[08:37:25] [Render thread/INFO]: OpenGL debug message: id=1005, source=API, type=ERROR, severity=HIGH, message='No detailed debug message due to a non-debug context'
[08:37:25] [Render thread/INFO]: OpenGL debug message: id=1005, source=API, type=ERROR, severity=HIGH, message='No detailed debug message due to a non-debug context'
[08:37:25] [Render thread/INFO]: OpenGL debug message: id=1005, source=API, type=ERROR, severity=HIGH, message='No detailed debug message due to a non-debug context'
[08:37:25] [Render thread/INFO]: OpenGL debug message: id=1005, source=API, type=ERROR, severity=HIGH, message='No detailed debug message due to a non-debug context'
[08:37:25] [Render thread/INFO]: OpenGL debug message: id=1005, source=API, type=ERROR, severity=HIGH, message='No detailed debug message due to a non-debug context'
[08:37:25] [Render thread/INFO]: OpenGL debug message: id=1005, source=API, type=ERROR, severity=HIGH, message='No detailed debug message due to a non-debug context'
[08:37:25] [Render thread/INFO]: OpenGL debug message: id=1005, source=API, type=ERROR, severity=HIGH, message='No detailed debug message due to a non-debug context'
[08:37:25] [Render thread/INFO]: OpenGL debug message: id=1005, source=API, type=ERROR, severity=HIGH, message='No detailed debug message due to a non-debug context'
[08:37:25] [Render thread/INFO]: OpenGL debug message: id=1005, source=API, type=ERROR, severity=HIGH, message='No detailed debug message due to a non-debug context'
[08:37:25] [Render thread/INFO]: OpenGL debug message: id=1005, source=API, type=ERROR, severity=HIGH, message='No detailed debug message due to a non-debug context'
[08:37:25] [Render thread/INFO]: OpenGL debug message: id=1005, source=API, type=ERROR, severity=HIGH, message='No detailed debug message due to a non-debug context'
[08:37:25] [Render thread/INFO]: OpenGL debug message: id=1005, source=API, type=ERROR, severity=HIGH, message='No detailed debug message due to a non-debug context'
[08:37:25] [Render thread/INFO]: OpenGL debug message: id=1005, source=API, type=ERROR, severity=HIGH, message='No detailed debug message due to a non-debug context'
[08:37:25] [Render thread/INFO]: OpenGL debug message: id=1005, source=API, type=ERROR, severity=HIGH, message='No detailed debug message due to a non-debug context'
[08:37:25] [Render thread/INFO]: OpenGL debug message: id=1005, source=API, type=ERROR, severity=HIGH, message='No detailed debug message due to a non-debug context'
[08:37:25] [Render thread/INFO]: OpenGL debug message: id=1005, source=API, type=ERROR, severity=HIGH, message='No detailed debug message due to a non-debug context'
[08:37:25] [Render thread/INFO]: OpenGL debug message: id=1005, source=API, type=ERROR, severity=HIGH, message='No detailed debug message due to a non-debug context'
[08:37:25] [Render thread/INFO]: OpenGL debug message: id=1005, source=API, type=ERROR, severity=HIGH, message='No detailed debug message due to a non-debug context'
[08:37:25] [Render thread/INFO]: OpenGL debug message: id=1005, source=API, type=ERROR, severity=HIGH, message='No detailed debug message due to a non-debug context'
[08:37:25] [Render thread/INFO]: OpenGL debug message: id=1005, source=API, type=ERROR, severity=HIGH, message='No detailed debug message due to a non-debug context'
[08:37:25] [Render thread/INFO]: OpenGL debug message: id=1005, source=API, type=ERROR, severity=HIGH, message='No detailed debug message due to a non-debug context'
[08:37:25] [Render thread/INFO]: OpenGL debug message: id=1005, source=API, type=ERROR, severity=HIGH, message='No detailed debug message due to a non-debug context'
[08:37:25] [Render thread/INFO]: OpenGL debug message: id=1005, source=API, type=ERROR, severity=HIGH, message='No detailed debug message due to a non-debug context'
[08:37:25] [Render thread/INFO]: OpenGL debug message: id=1005, source=API, type=ERROR, severity=HIGH, message='No detailed debug message due to a non-debug context'
[08:37:25] [Render thread/INFO]: OpenGL debug message: id=1005, source=API, type=ERROR, severity=HIGH, message='No detailed debug message due to a non-debug context'
[08:37:25] [Render thread/INFO]: OpenGL debug message: id=1005, source=API, type=ERROR, severity=HIGH, message='No detailed debug message due to a non-debug context'
[08:37:25] [Render thread/INFO]: OpenGL debug message: id=1005, source=API, type=ERROR, severity=HIGH, message='No detailed debug message due to a non-debug context'
[08:37:25] [Render thread/INFO]: OpenGL debug message: id=1005, source=API, type=ERROR, severity=HIGH, message='No detailed debug message due to a non-debug context'
[08:37:25] [Render thread/INFO]: OpenGL debug message: id=1005, source=API, type=ERROR, severity=HIGH, message='No detailed debug message due to a non-debug context'
[08:37:25] [Render thread/INFO]: OpenGL debug message: id=1005, source=API, type=ERROR, severity=HIGH, message='No detailed debug message due to a non-debug context'
[08:37:25] [Render thread/INFO]: OpenGL debug message: id=1005, source=API, type=ERROR, severity=HIGH, message='No detailed debug message due to a non-debug context'
[08:37:25] [Render thread/INFO]: OpenGL debug message: id=1005, source=API, type=ERROR, severity=HIGH, message='No detailed debug message due to a non-debug context'
[08:37:26] [Render thread/INFO]: OpenGL debug message: id=1005, source=API, type=ERROR, severity=HIGH, message='No detailed debug message due to a non-debug context'
[08:37:26] [Render thread/INFO]: OpenGL debug message: id=1005, source=API, type=ERROR, severity=HIGH, message='No detailed debug message due to a non-debug context'
[08:37:26] [Render thread/INFO]: OpenGL debug message: id=1005, source=API, type=ERROR, severity=HIGH, message='No detailed debug message due to a non-debug context'
[08:37:26] [Render thread/INFO]: OpenGL debug message: id=1005, source=API, type=ERROR, severity=HIGH, message='No detailed debug message due to a non-debug context'
[08:37:26] [Render thread/INFO]: OpenGL debug message: id=1005, source=API, type=ERROR, severity=HIGH, message='No detailed debug message due to a non-debug context'
[08:37:26] [Render thread/INFO]: OpenGL debug message: id=1005, source=API, type=ERROR, severity=HIGH, message='No detailed debug message due to a non-debug context'
[08:37:26] [Render thread/INFO]: OpenGL debug message: id=1005, source=API, type=ERROR, severity=HIGH, message='No detailed debug message due to a non-debug context'
[08:37:26] [Render thread/INFO]: OpenGL debug message: id=1005, source=API, type=ERROR, severity=HIGH, message='No detailed debug message due to a non-debug context'
[08:37:26] [Render thread/INFO]: OpenGL debug message: id=1005, source=API, type=ERROR, severity=HIGH, message='No detailed debug message due to a non-debug context'
[08:37:26] [Render thread/INFO]: OpenGL debug message: id=1005, source=API, type=ERROR, severity=HIGH, message='No detailed debug message due to a non-debug context'
[08:37:26] [Render thread/INFO]: OpenGL debug message: id=1005, source=API, type=ERROR, severity=HIGH, message='No detailed debug message due to a non-debug context'
[08:37:26] [Render thread/INFO]: OpenGL debug message: id=1005, source=API, type=ERROR, severity=HIGH, message='No detailed debug message due to a non-debug context'
[08:37:26] [Render thread/INFO]: OpenGL debug message: id=1005, source=API, type=ERROR, severity=HIGH, message='No detailed debug message due to a non-debug context'
[08:37:26] [Render thread/INFO]: OpenGL debug message: id=1005, source=API, type=ERROR, severity=HIGH, message='No detailed debug message due to a non-debug context'
[08:37:26] [Render thread/INFO]: OpenGL debug message: id=1005, source=API, type=ERROR, severity=HIGH, message='No detailed debug message due to a non-debug context'
[08:37:26] [Render thread/INFO]: OpenGL debug message: id=1005, source=API, type=ERROR, severity=HIGH, message='No detailed debug message due to a non-debug context'
[08:37:26] [Render thread/INFO]: OpenGL debug message: id=1005, source=API, type=ERROR, severity=HIGH, message='No detailed debug message due to a non-debug context'
[08:37:26] [Render thread/INFO]: OpenGL debug message: id=1005, source=API, type=ERROR, severity=HIGH, message='No detailed debug message due to a non-debug context'
[08:37:26] [Render thread/INFO]: OpenGL debug message: id=1005, source=API, type=ERROR, severity=HIGH, message='No detailed debug message due to a non-debug context'
[08:37:26] [Render thread/INFO]: OpenGL debug message: id=1005, source=API, type=ERROR, severity=HIGH, message='No detailed debug message due to a non-debug context'
[08:37:26] [Render thread/INFO]: OpenGL debug message: id=1005, source=API, type=ERROR, severity=HIGH, message='No detailed debug message due to a non-debug context'
[08:37:26] [Render thread/INFO]: OpenGL debug message: id=1005, source=API, type=ERROR, severity=HIGH, message='No detailed debug message due to a non-debug context'
[08:37:26] [Render thread/INFO]: OpenGL debug message: id=1005, source=API, type=ERROR, severity=HIGH, message='No detailed debug message due to a non-debug context'
[08:37:26] [Render thread/INFO]: OpenGL debug message: id=1005, source=API, type=ERROR, severity=HIGH, message='No detailed debug message due to a non-debug context'
[08:37:26] [Render thread/INFO]: OpenGL debug message: id=1005, source=API, type=ERROR, severity=HIGH, message='No detailed debug message due to a non-debug context'
[08:37:26] [Render thread/INFO]: OpenGL debug message: id=1005, source=API, type=ERROR, severity=HIGH, message='No detailed debug message due to a non-debug context'
[08:37:26] [Render thread/INFO]: OpenGL debug message: id=1005, source=API, type=ERROR, severity=HIGH, message='No detailed debug message due to a non-debug context'
[08:37:26] [Render thread/INFO]: OpenGL debug message: id=1005, source=API, type=ERROR, severity=HIGH, message='No detailed debug message due to a non-debug context'
[08:37:26] [Render thread/INFO]: OpenGL debug message: id=1005, source=API, type=ERROR, severity=HIGH, message='No detailed debug message due to a non-debug context'
[08:37:26] [Render thread/INFO]: OpenGL debug message: id=1005, source=API, type=ERROR, severity=HIGH, message='No detailed debug message due to a non-debug context'
[08:37:26] [Render thread/INFO]: OpenGL debug message: id=1005, source=API, type=ERROR, severity=HIGH, message='No detailed debug message due to a non-debug context'
[08:37:26] [Render thread/INFO]: OpenGL debug message: id=1005, source=API, type=ERROR, severity=HIGH, message='No detailed debug message due to a non-debug context'
[08:37:26] [Render thread/INFO]: OpenGL debug message: id=1005, source=API, type=ERROR, severity=HIGH, message='No detailed debug message due to a non-debug context'
[08:37:26] [Render thread/INFO]: OpenGL debug message: id=1005, source=API, type=ERROR, severity=HIGH, message='No detailed debug message due to a non-debug context'
[08:37:26] [Render thread/INFO]: OpenGL debug message: id=1005, source=API, type=ERROR, severity=HIGH, message='No detailed debug message due to a non-debug context'
[08:37:26] [Render thread/INFO]: OpenGL debug message: id=1005, source=API, type=ERROR, severity=HIGH, message='No detailed debug message due to a non-debug context'
[08:37:26] [Render thread/INFO]: OpenGL debug message: id=1005, source=API, type=ERROR, severity=HIGH, message='No detailed debug message due to a non-debug context'
[08:37:26] [Render thread/INFO]: OpenGL debug message: id=1005, source=API, type=ERROR, severity=HIGH, message='No detailed debug message due to a non-debug context'
[08:37:26] [Render thread/INFO]: OpenGL debug message: id=1005, source=API, type=ERROR, severity=HIGH, message='No detailed debug message due to a non-debug context'
[08:37:26] [Render thread/INFO]: OpenGL debug message: id=1005, source=API, type=ERROR, severity=HIGH, message='No detailed debug message due to a non-debug context'
[08:37:26] [Render thread/INFO]: OpenGL debug message: id=1005, source=API, type=ERROR, severity=HIGH, message='No detailed debug message due to a non-debug context'
[08:37:26] [Render thread/INFO]: OpenGL debug message: id=1005, source=API, type=ERROR, severity=HIGH, message='No detailed debug message due to a non-debug context'
[08:37:26] [Render thread/INFO]: OpenGL debug message: id=1005, source=API, type=ERROR, severity=HIGH, message='No detailed debug message due to a non-debug context'
[08:37:26] [Render thread/INFO]: OpenGL debug message: id=1005, source=API, type=ERROR, severity=HIGH, message='No detailed debug message due to a non-debug context'
[08:37:26] [Render thread/INFO]: OpenGL debug message: id=1005, source=API, type=ERROR, severity=HIGH, message='No detailed debug message due to a non-debug context'
[08:37:26] [Render thread/INFO]: OpenGL debug message: id=1005, source=API, type=ERROR, severity=HIGH, message='No detailed debug message due to a non-debug context'
[08:37:26] [Render thread/INFO]: OpenGL debug message: id=1005, source=API, type=ERROR, severity=HIGH, message='No detailed debug message due to a non-debug context'
[08:37:26] [Render thread/INFO]: OpenGL debug message: id=1005, source=API, type=ERROR, severity=HIGH, message='No detailed debug message due to a non-debug context'
[08:37:26] [Render thread/INFO]: OpenGL debug message: id=1005, source=API, type=ERROR, severity=HIGH, message='No detailed debug message due to a non-debug context'
[08:37:26] [Render thread/INFO]: OpenGL debug message: id=1005, source=API, type=ERROR, severity=HIGH, message='No detailed debug message due to a non-debug context'
[08:37:26] [Render thread/INFO]: OpenGL debug message: id=1005, source=API, type=ERROR, severity=HIGH, message='No detailed debug message due to a non-debug context'
[08:37:26] [Render thread/INFO]: OpenGL debug message: id=1005, source=API, type=ERROR, severity=HIGH, message='No detailed debug message due to a non-debug context'
[08:37:26] [Render thread/INFO]: OpenGL debug message: id=1005, source=API, type=ERROR, severity=HIGH, message='No detailed debug message due to a non-debug context'
[08:37:26] [Render thread/INFO]: OpenGL debug message: id=1005, source=API, type=ERROR, severity=HIGH, message='No detailed debug message due to a non-debug context'
[08:37:26] [Render thread/INFO]: OpenGL debug message: id=1005, source=API, type=ERROR, severity=HIGH, message='No detailed debug message due to a non-debug context'
[08:37:26] [Render thread/INFO]: OpenGL debug message: id=1005, source=API, type=ERROR, severity=HIGH, message='No detailed debug message due to a non-debug context'
[08:37:26] [Render thread/INFO]: OpenGL debug message: id=1005, source=API, type=ERROR, severity=HIGH, message='No detailed debug message due to a non-debug context'
[08:37:26] [Render thread/INFO]: OpenGL debug message: id=1005, source=API, type=ERROR, severity=HIGH, message='No detailed debug message due to a non-debug context'
[08:37:26] [Render thread/INFO]: OpenGL debug message: id=1005, source=API, type=ERROR, severity=HIGH, message='No detailed debug message due to a non-debug context'
[08:37:26] [Render thread/INFO]: OpenGL debug message: id=1005, source=API, type=ERROR, severity=HIGH, message='No detailed debug message due to a non-debug context'
[08:37:27] [Render thread/INFO]: OpenGL debug message: id=1005, source=API, type=ERROR, severity=HIGH, message='No detailed debug message due to a non-debug context'
[08:37:27] [Render thread/INFO]: OpenGL debug message: id=1005, source=API, type=ERROR, severity=HIGH, message='No detailed debug message due to a non-debug context'
[08:37:27] [Render thread/INFO]: OpenGL debug message: id=1005, source=API, type=ERROR, severity=HIGH, message='No detailed debug message due to a non-debug context'
[08:37:27] [Render thread/INFO]: OpenGL debug message: id=1005, source=API, type=ERROR, severity=HIGH, message='No detailed debug message due to a non-debug context'
[08:37:27] [Render thread/INFO]: OpenGL debug message: id=1005, source=API, type=ERROR, severity=HIGH, message='No detailed debug message due to a non-debug context'
[08:37:27] [Render thread/INFO]: OpenGL debug message: id=1005, source=API, type=ERROR, severity=HIGH, message='No detailed debug message due to a non-debug context'
[08:37:27] [Render thread/INFO]: OpenGL debug message: id=1005, source=API, type=ERROR, severity=HIGH, message='No detailed debug message due to a non-debug context'
[08:37:27] [Render thread/INFO]: OpenGL debug message: id=1005, source=API, type=ERROR, severity=HIGH, message='No detailed debug message due to a non-debug context'
[08:37:27] [Render thread/INFO]: OpenGL debug message: id=1005, source=API, type=ERROR, severity=HIGH, message='No detailed debug message due to a non-debug context'
[08:37:27] [Render thread/INFO]: OpenGL debug message: id=1005, source=API, type=ERROR, severity=HIGH, message='No detailed debug message due to a non-debug context'
[08:37:27] [Render thread/INFO]: OpenGL debug message: id=1005, source=API, type=ERROR, severity=HIGH, message='No detailed debug message due to a non-debug context'
[08:37:27] [Render thread/INFO]: OpenGL debug message: id=1005, source=API, type=ERROR, severity=HIGH, message='No detailed debug message due to a non-debug context'
[08:37:27] [Render thread/INFO]: OpenGL debug message: id=1005, source=API, type=ERROR, severity=HIGH, message='No detailed debug message due to a non-debug context'
[08:37:27] [Render thread/INFO]: OpenGL debug message: id=1005, source=API, type=ERROR, severity=HIGH, message='No detailed debug message due to a non-debug context'
[08:37:27] [Render thread/INFO]: OpenGL debug message: id=1005, source=API, type=ERROR, severity=HIGH, message='No detailed debug message due to a non-debug context'
[08:37:27] [Render thread/INFO]: OpenGL debug message: id=1005, source=API, type=ERROR, severity=HIGH, message='No detailed debug message due to a non-debug context'
[08:37:27] [Render thread/INFO]: OpenGL debug message: id=1005, source=API, type=ERROR, severity=HIGH, message='No detailed debug message due to a non-debug context'
[08:37:27] [Render thread/INFO]: OpenGL debug message: id=1005, source=API, type=ERROR, severity=HIGH, message='No detailed debug message due to a non-debug context'
[08:37:27] [Render thread/INFO]: OpenGL debug message: id=1005, source=API, type=ERROR, severity=HIGH, message='No detailed debug message due to a non-debug context'
[08:37:27] [Render thread/INFO]: OpenGL debug message: id=1005, source=API, type=ERROR, severity=HIGH, message='No detailed debug message due to a non-debug context'
[08:37:27] [Render thread/INFO]: OpenGL debug message: id=1005, source=API, type=ERROR, severity=HIGH, message='No detailed debug message due to a non-debug context'
[08:37:27] [Render thread/INFO]: OpenGL debug message: id=1005, source=API, type=ERROR, severity=HIGH, message='No detailed debug message due to a non-debug context'
[08:37:27] [Render thread/INFO]: OpenGL debug message: id=1005, source=API, type=ERROR, severity=HIGH, message='No detailed debug message due to a non-debug context'
[08:37:27] [Render thread/INFO]: OpenGL debug message: id=1005, source=API, type=ERROR, severity=HIGH, message='No detailed debug message due to a non-debug context'
[08:37:27] [Render thread/INFO]: OpenGL debug message: id=1005, source=API, type=ERROR, severity=HIGH, message='No detailed debug message due to a non-debug context'
[08:37:27] [Render thread/INFO]: OpenGL debug message: id=1005, source=API, type=ERROR, severity=HIGH, message='No detailed debug message due to a non-debug context'
[08:37:27] [Render thread/INFO]: OpenGL debug message: id=1005, source=API, type=ERROR, severity=HIGH, message='No detailed debug message due to a non-debug context'
[08:37:27] [Render thread/INFO]: OpenGL debug message: id=1005, source=API, type=ERROR, severity=HIGH, message='No detailed debug message due to a non-debug context'
[08:37:27] [Render thread/INFO]: OpenGL debug message: id=1005, source=API, type=ERROR, severity=HIGH, message='No detailed debug message due to a non-debug context'
[08:37:27] [Render thread/INFO]: OpenGL debug message: id=1005, source=API, type=ERROR, severity=HIGH, message='No detailed debug message due to a non-debug context'
[08:37:27] [Render thread/INFO]: OpenGL debug message: id=1005, source=API, type=ERROR, severity=HIGH, message='No detailed debug message due to a non-debug context'
[08:37:27] [Render thread/INFO]: OpenGL debug message: id=1005, source=API, type=ERROR, severity=HIGH, message='No detailed debug message due to a non-debug context'
[08:37:27] [Render thread/INFO]: OpenGL debug message: id=1005, source=API, type=ERROR, severity=HIGH, message='No detailed debug message due to a non-debug context'
[08:37:27] [Render thread/INFO]: OpenGL debug message: id=1005, source=API, type=ERROR, severity=HIGH, message='No detailed debug message due to a non-debug context'
[08:37:27] [Render thread/INFO]: OpenGL debug message: id=1005, source=API, type=ERROR, severity=HIGH, message='No detailed debug message due to a non-debug context'
[08:37:27] [Render thread/INFO]: OpenGL debug message: id=1005, source=API, type=ERROR, severity=HIGH, message='No detailed debug message due to a non-debug context'
[08:37:27] [Render thread/INFO]: OpenGL debug message: id=1005, source=API, type=ERROR, severity=HIGH, message='No detailed debug message due to a non-debug context'
[08:37:27] [Render thread/INFO]: OpenGL debug message: id=1005, source=API, type=ERROR, severity=HIGH, message='No detailed debug message due to a non-debug context'
[08:37:27] [Render thread/INFO]: OpenGL debug message: id=1005, source=API, type=ERROR, severity=HIGH, message='No detailed debug message due to a non-debug context'
[08:37:27] [Render thread/INFO]: OpenGL debug message: id=1005, source=API, type=ERROR, severity=HIGH, message='No detailed debug message due to a non-debug context'
[08:37:27] [Render thread/INFO]: OpenGL debug message: id=1005, source=API, type=ERROR, severity=HIGH, message='No detailed debug message due to a non-debug context'
[08:37:27] [Render thread/INFO]: OpenGL debug message: id=1005, source=API, type=ERROR, severity=HIGH, message='No detailed debug message due to a non-debug context'
[08:37:27] [Render thread/INFO]: OpenGL debug message: id=1005, source=API, type=ERROR, severity=HIGH, message='No detailed debug message due to a non-debug context'
[08:37:27] [Render thread/INFO]: OpenGL debug message: id=1005, source=API, type=ERROR, severity=HIGH, message='No detailed debug message due to a non-debug context'
[08:37:27] [Render thread/INFO]: OpenGL debug message: id=1005, source=API, type=ERROR, severity=HIGH, message='No detailed debug message due to a non-debug context'
[08:37:27] [Render thread/INFO]: OpenGL debug message: id=1005, source=API, type=ERROR, severity=HIGH, message='No detailed debug message due to a non-debug context'
[08:37:27] [Render thread/INFO]: OpenGL debug message: id=1005, source=API, type=ERROR, severity=HIGH, message='No detailed debug message due to a non-debug context'
[08:37:27] [Render thread/INFO]: OpenGL debug message: id=1005, source=API, type=ERROR, severity=HIGH, message='No detailed debug message due to a non-debug context'
[08:37:27] [Render thread/INFO]: OpenGL debug message: id=1005, source=API, type=ERROR, severity=HIGH, message='No detailed debug message due to a non-debug context'
[08:37:27] [Render thread/INFO]: OpenGL debug message: id=1005, source=API, type=ERROR, severity=HIGH, message='No detailed debug message due to a non-debug context'
[08:37:27] [Render thread/INFO]: OpenGL debug message: id=1005, source=API, type=ERROR, severity=HIGH, message='No detailed debug message due to a non-debug context'
[08:37:27] [Render thread/INFO]: OpenGL debug message: id=1005, source=API, type=ERROR, severity=HIGH, message='No detailed debug message due to a non-debug context'
[08:37:27] [Render thread/INFO]: OpenGL debug message: id=1005, source=API, type=ERROR, severity=HIGH, message='No detailed debug message due to a non-debug context'
[08:37:27] [Render thread/INFO]: OpenGL debug message: id=1005, source=API, type=ERROR, severity=HIGH, message='No detailed debug message due to a non-debug context'
[08:37:27] [Render thread/INFO]: OpenGL debug message: id=1005, source=API, type=ERROR, severity=HIGH, message='No detailed debug message due to a non-debug context'
[08:37:27] [Render thread/INFO]: OpenGL debug message: id=1005, source=API, type=ERROR, severity=HIGH, message='No detailed debug message due to a non-debug context'
[08:37:27] [Render thread/INFO]: OpenGL debug message: id=1005, source=API, type=ERROR, severity=HIGH, message='No detailed debug message due to a non-debug context'
[08:37:27] [Render thread/INFO]: OpenGL debug message: id=1005, source=API, type=ERROR, severity=HIGH, message='No detailed debug message due to a non-debug context'
[08:37:27] [Render thread/INFO]: OpenGL debug message: id=1005, source=API, type=ERROR, severity=HIGH, message='No detailed debug message due to a non-debug context'
[08:37:28] [Render thread/INFO]: OpenGL debug message: id=1005, source=API, type=ERROR, severity=HIGH, message='No detailed debug message due to a non-debug context'
[08:37:28] [Render thread/INFO]: OpenGL debug message: id=1005, source=API, type=ERROR, severity=HIGH, message='No detailed debug message due to a non-debug context'
[08:37:28] [Render thread/INFO]: OpenGL debug message: id=1005, source=API, type=ERROR, severity=HIGH, message='No detailed debug message due to a non-debug context'
[08:37:28] [Render thread/INFO]: OpenGL debug message: id=1005, source=API, type=ERROR, severity=HIGH, message='No detailed debug message due to a non-debug context'
[08:37:28] [Render thread/INFO]: OpenGL debug message: id=1005, source=API, type=ERROR, severity=HIGH, message='No detailed debug message due to a non-debug context'
[08:37:28] [Render thread/INFO]: OpenGL debug message: id=1005, source=API, type=ERROR, severity=HIGH, message='No detailed debug message due to a non-debug context'
[08:37:28] [Render thread/INFO]: OpenGL debug message: id=1005, source=API, type=ERROR, severity=HIGH, message='No detailed debug message due to a non-debug context'
[08:37:28] [Render thread/INFO]: OpenGL debug message: id=1005, source=API, type=ERROR, severity=HIGH, message='No detailed debug message due to a non-debug context'
[08:37:28] [Render thread/INFO]: OpenGL debug message: id=1005, source=API, type=ERROR, severity=HIGH, message='No detailed debug message due to a non-debug context'
[08:37:28] [Render thread/INFO]: OpenGL debug message: id=1005, source=API, type=ERROR, severity=HIGH, message='No detailed debug message due to a non-debug context'
[08:37:28] [Render thread/INFO]: OpenGL debug message: id=1005, source=API, type=ERROR, severity=HIGH, message='No detailed debug message due to a non-debug context'
[08:37:28] [Render thread/INFO]: OpenGL debug message: id=1005, source=API, type=ERROR, severity=HIGH, message='No detailed debug message due to a non-debug context'
[08:37:28] [Render thread/INFO]: OpenGL debug message: id=1005, source=API, type=ERROR, severity=HIGH, message='No detailed debug message due to a non-debug context'
[08:37:28] [Render thread/INFO]: OpenGL debug message: id=1005, source=API, type=ERROR, severity=HIGH, message='No detailed debug message due to a non-debug context'
[08:37:28] [Render thread/INFO]: OpenGL debug message: id=1005, source=API, type=ERROR, severity=HIGH, message='No detailed debug message due to a non-debug context'
[08:37:28] [Render thread/INFO]: OpenGL debug message: id=1005, source=API, type=ERROR, severity=HIGH, message='No detailed debug message due to a non-debug context'
[08:37:28] [Render thread/INFO]: OpenGL debug message: id=1005, source=API, type=ERROR, severity=HIGH, message='No detailed debug message due to a non-debug context'
[08:37:28] [Render thread/INFO]: OpenGL debug message: id=1005, source=API, type=ERROR, severity=HIGH, message='No detailed debug message due to a non-debug context'
[08:37:28] [Render thread/INFO]: OpenGL debug message: id=1005, source=API, type=ERROR, severity=HIGH, message='No detailed debug message due to a non-debug context'
[08:37:28] [Render thread/INFO]: OpenGL debug message: id=1005, source=API, type=ERROR, severity=HIGH, message='No detailed debug message due to a non-debug context'
[08:37:28] [Render thread/INFO]: OpenGL debug message: id=1005, source=API, type=ERROR, severity=HIGH, message='No detailed debug message due to a non-debug context'
[08:37:28] [Render thread/INFO]: OpenGL debug message: id=1005, source=API, type=ERROR, severity=HIGH, message='No detailed debug message due to a non-debug context'
[08:37:28] [Render thread/INFO]: OpenGL debug message: id=1005, source=API, type=ERROR, severity=HIGH, message='No detailed debug message due to a non-debug context'
[08:37:28] [Render thread/INFO]: OpenGL debug message: id=1005, source=API, type=ERROR, severity=HIGH, message='No detailed debug message due to a non-debug context'
[08:37:28] [Render thread/INFO]: OpenGL debug message: id=1005, source=API, type=ERROR, severity=HIGH, message='No detailed debug message due to a non-debug context'
[08:37:28] [Render thread/INFO]: OpenGL debug message: id=1005, source=API, type=ERROR, severity=HIGH, message='No detailed debug message due to a non-debug context'
[08:37:28] [Render thread/INFO]: OpenGL debug message: id=1005, source=API, type=ERROR, severity=HIGH, message='No detailed debug message due to a non-debug context'
[08:37:28] [Render thread/INFO]: OpenGL debug message: id=1005, source=API, type=ERROR, severity=HIGH, message='No detailed debug message due to a non-debug context'
[08:37:28] [Render thread/INFO]: OpenGL debug message: id=1005, source=API, type=ERROR, severity=HIGH, message='No detailed debug message due to a non-debug context'
[08:37:28] [Render thread/INFO]: OpenGL debug message: id=1005, source=API, type=ERROR, severity=HIGH, message='No detailed debug message due to a non-debug context'
[08:37:28] [Render thread/INFO]: OpenGL debug message: id=1005, source=API, type=ERROR, severity=HIGH, message='No detailed debug message due to a non-debug context'
[08:37:28] [Render thread/INFO]: OpenGL debug message: id=1005, source=API, type=ERROR, severity=HIGH, message='No detailed debug message due to a non-debug context'
[08:37:28] [Render thread/INFO]: OpenGL debug message: id=1005, source=API, type=ERROR, severity=HIGH, message='No detailed debug message due to a non-debug context'
[08:37:28] [Render thread/INFO]: OpenGL debug message: id=1005, source=API, type=ERROR, severity=HIGH, message='No detailed debug message due to a non-debug context'
[08:37:28] [Render thread/INFO]: OpenGL debug message: id=1005, source=API, type=ERROR, severity=HIGH, message='No detailed debug message due to a non-debug context'
[08:37:28] [Render thread/INFO]: OpenGL debug message: id=1005, source=API, type=ERROR, severity=HIGH, message='No detailed debug message due to a non-debug context'
[08:37:28] [Render thread/INFO]: OpenGL debug message: id=1005, source=API, type=ERROR, severity=HIGH, message='No detailed debug message due to a non-debug context'
[08:37:28] [Render thread/INFO]: OpenGL debug message: id=1005, source=API, type=ERROR, severity=HIGH, message='No detailed debug message due to a non-debug context'
[08:37:28] [Render thread/INFO]: OpenGL debug message: id=1005, source=API, type=ERROR, severity=HIGH, message='No detailed debug message due to a non-debug context'
[08:37:28] [Render thread/INFO]: OpenGL debug message: id=1005, source=API, type=ERROR, severity=HIGH, message='No detailed debug message due to a non-debug context'
[08:37:28] [Render thread/INFO]: OpenGL debug message: id=1005, source=API, type=ERROR, severity=HIGH, message='No detailed debug message due to a non-debug context'
[08:37:28] [Render thread/INFO]: OpenGL debug message: id=1005, source=API, type=ERROR, severity=HIGH, message='No detailed debug message due to a non-debug context'
[08:37:28] [Render thread/INFO]: OpenGL debug message: id=1005, source=API, type=ERROR, severity=HIGH, message='No detailed debug message due to a non-debug context'
[08:37:28] [Render thread/INFO]: OpenGL debug message: id=1005, source=API, type=ERROR, severity=HIGH, message='No detailed debug message due to a non-debug context'
[08:37:28] [Render thread/INFO]: OpenGL debug message: id=1005, source=API, type=ERROR, severity=HIGH, message='No detailed debug message due to a non-debug context'
[08:37:28] [Render thread/INFO]: OpenGL debug message: id=1005, source=API, type=ERROR, severity=HIGH, message='No detailed debug message due to a non-debug context'
[08:37:28] [Render thread/INFO]: OpenGL debug message: id=1005, source=API, type=ERROR, severity=HIGH, message='No detailed debug message due to a non-debug context'
[08:37:28] [Render thread/INFO]: OpenGL debug message: id=1005, source=API, type=ERROR, severity=HIGH, message='No detailed debug message due to a non-debug context'
[08:37:28] [Render thread/INFO]: OpenGL debug message: id=1005, source=API, type=ERROR, severity=HIGH, message='No detailed debug message due to a non-debug context'
[08:37:28] [Render thread/INFO]: OpenGL debug message: id=1005, source=API, type=ERROR, severity=HIGH, message='No detailed debug message due to a non-debug context'
[08:37:28] [Render thread/INFO]: OpenGL debug message: id=1005, source=API, type=ERROR, severity=HIGH, message='No detailed debug message due to a non-debug context'
[08:37:28] [Render thread/INFO]: OpenGL debug message: id=1005, source=API, type=ERROR, severity=HIGH, message='No detailed debug message due to a non-debug context'
[08:37:28] [Render thread/INFO]: OpenGL debug message: id=1005, source=API, type=ERROR, severity=HIGH, message='No detailed debug message due to a non-debug context'
[08:37:28] [Render thread/INFO]: OpenGL debug message: id=1005, source=API, type=ERROR, severity=HIGH, message='No detailed debug message due to a non-debug context'
[08:37:28] [Render thread/INFO]: OpenGL debug message: id=1005, source=API, type=ERROR, severity=HIGH, message='No detailed debug message due to a non-debug context'
[08:37:28] [Render thread/INFO]: OpenGL debug message: id=1005, source=API, type=ERROR, severity=HIGH, message='No detailed debug message due to a non-debug context'
[08:37:28] [Render thread/INFO]: OpenGL debug message: id=1005, source=API, type=ERROR, severity=HIGH, message='No detailed debug message due to a non-debug context'
[08:37:28] [Render thread/INFO]: OpenGL debug message: id=1005, source=API, type=ERROR, severity=HIGH, message='No detailed debug message due to a non-debug context'
[08:37:28] [Render thread/INFO]: OpenGL debug message: id=1005, source=API, type=ERROR, severity=HIGH, message='No detailed debug message due to a non-debug context'
[08:37:29] [Render thread/INFO]: OpenGL debug message: id=1005, source=API, type=ERROR, severity=HIGH, message='No detailed debug message due to a non-debug context'
[08:37:29] [Render thread/INFO]: OpenGL debug message: id=1005, source=API, type=ERROR, severity=HIGH, message='No detailed debug message due to a non-debug context'
[08:37:29] [Render thread/INFO]: OpenGL debug message: id=1005, source=API, type=ERROR, severity=HIGH, message='No detailed debug message due to a non-debug context'
[08:37:29] [Render thread/INFO]: OpenGL debug message: id=1005, source=API, type=ERROR, severity=HIGH, message='No detailed debug message due to a non-debug context'
[08:37:29] [Render thread/INFO]: OpenGL debug message: id=1005, source=API, type=ERROR, severity=HIGH, message='No detailed debug message due to a non-debug context'
[08:37:29] [Render thread/INFO]: OpenGL debug message: id=1005, source=API, type=ERROR, severity=HIGH, message='No detailed debug message due to a non-debug context'
[08:37:29] [Render thread/INFO]: OpenGL debug message: id=1005, source=API, type=ERROR, severity=HIGH, message='No detailed debug message due to a non-debug context'
[08:37:29] [Render thread/INFO]: OpenGL debug message: id=1005, source=API, type=ERROR, severity=HIGH, message='No detailed debug message due to a non-debug context'
[08:37:29] [Render thread/INFO]: OpenGL debug message: id=1005, source=API, type=ERROR, severity=HIGH, message='No detailed debug message due to a non-debug context'
[08:37:29] [Render thread/INFO]: OpenGL debug message: id=1005, source=API, type=ERROR, severity=HIGH, message='No detailed debug message due to a non-debug context'
[08:37:29] [Render thread/INFO]: OpenGL debug message: id=1005, source=API, type=ERROR, severity=HIGH, message='No detailed debug message due to a non-debug context'
[08:37:29] [Render thread/INFO]: OpenGL debug message: id=1005, source=API, type=ERROR, severity=HIGH, message='No detailed debug message due to a non-debug context'
[08:37:29] [Render thread/INFO]: OpenGL debug message: id=1005, source=API, type=ERROR, severity=HIGH, message='No detailed debug message due to a non-debug context'
[08:37:29] [Render thread/INFO]: OpenGL debug message: id=1005, source=API, type=ERROR, severity=HIGH, message='No detailed debug message due to a non-debug context'
[08:37:29] [Render thread/INFO]: OpenGL debug message: id=1005, source=API, type=ERROR, severity=HIGH, message='No detailed debug message due to a non-debug context'
[08:37:29] [Render thread/INFO]: OpenGL debug message: id=1005, source=API, type=ERROR, severity=HIGH, message='No detailed debug message due to a non-debug context'
[08:37:29] [Render thread/INFO]: OpenGL debug message: id=1005, source=API, type=ERROR, severity=HIGH, message='No detailed debug message due to a non-debug context'
[08:37:29] [Render thread/INFO]: OpenGL debug message: id=1005, source=API, type=ERROR, severity=HIGH, message='No detailed debug message due to a non-debug context'
[08:37:29] [Render thread/INFO]: OpenGL debug message: id=1005, source=API, type=ERROR, severity=HIGH, message='No detailed debug message due to a non-debug context'
[08:37:29] [Render thread/INFO]: OpenGL debug message: id=1005, source=API, type=ERROR, severity=HIGH, message='No detailed debug message due to a non-debug context'
[08:37:29] [Render thread/INFO]: OpenGL debug message: id=1005, source=API, type=ERROR, severity=HIGH, message='No detailed debug message due to a non-debug context'
[08:37:29] [Render thread/INFO]: OpenGL debug message: id=1005, source=API, type=ERROR, severity=HIGH, message='No detailed debug message due to a non-debug context'
[08:37:29] [Render thread/INFO]: OpenGL debug message: id=1005, source=API, type=ERROR, severity=HIGH, message='No detailed debug message due to a non-debug context'
[08:37:29] [Render thread/INFO]: OpenGL debug message: id=1005, source=API, type=ERROR, severity=HIGH, message='No detailed debug message due to a non-debug context'
[08:37:29] [Render thread/INFO]: OpenGL debug message: id=1005, source=API, type=ERROR, severity=HIGH, message='No detailed debug message due to a non-debug context'
[08:37:29] [Render thread/INFO]: OpenGL debug message: id=1005, source=API, type=ERROR, severity=HIGH, message='No detailed debug message due to a non-debug context'
[08:37:29] [Render thread/INFO]: OpenGL debug message: id=1005, source=API, type=ERROR, severity=HIGH, message='No detailed debug message due to a non-debug context'
[08:37:29] [Render thread/INFO]: OpenGL debug message: id=1005, source=API, type=ERROR, severity=HIGH, message='No detailed debug message due to a non-debug context'
[08:37:29] [Render thread/INFO]: OpenGL debug message: id=1005, source=API, type=ERROR, severity=HIGH, message='No detailed debug message due to a non-debug context'
[08:37:29] [Render thread/INFO]: OpenGL debug message: id=1005, source=API, type=ERROR, severity=HIGH, message='No detailed debug message due to a non-debug context'
[08:37:29] [Render thread/INFO]: OpenGL debug message: id=1005, source=API, type=ERROR, severity=HIGH, message='No detailed debug message due to a non-debug context'
[08:37:29] [Render thread/INFO]: OpenGL debug message: id=1005, source=API, type=ERROR, severity=HIGH, message='No detailed debug message due to a non-debug context'
[08:37:29] [Render thread/INFO]: OpenGL debug message: id=1005, source=API, type=ERROR, severity=HIGH, message='No detailed debug message due to a non-debug context'
[08:37:29] [Render thread/INFO]: OpenGL debug message: id=1005, source=API, type=ERROR, severity=HIGH, message='No detailed debug message due to a non-debug context'
[08:37:29] [Render thread/INFO]: OpenGL debug message: id=1005, source=API, type=ERROR, severity=HIGH, message='No detailed debug message due to a non-debug context'
[08:37:29] [Render thread/INFO]: OpenGL debug message: id=1005, source=API, type=ERROR, severity=HIGH, message='No detailed debug message due to a non-debug context'
[08:37:29] [Render thread/INFO]: OpenGL debug message: id=1005, source=API, type=ERROR, severity=HIGH, message='No detailed debug message due to a non-debug context'
[08:37:29] [Render thread/INFO]: OpenGL debug message: id=1005, source=API, type=ERROR, severity=HIGH, message='No detailed debug message due to a non-debug context'
[08:37:29] [Render thread/INFO]: OpenGL debug message: id=1005, source=API, type=ERROR, severity=HIGH, message='No detailed debug message due to a non-debug context'
[08:37:29] [Render thread/INFO]: OpenGL debug message: id=1005, source=API, type=ERROR, severity=HIGH, message='No detailed debug message due to a non-debug context'
[08:37:29] [Render thread/INFO]: OpenGL debug message: id=1005, source=API, type=ERROR, severity=HIGH, message='No detailed debug message due to a non-debug context'
[08:37:29] [Render thread/INFO]: OpenGL debug message: id=1005, source=API, type=ERROR, severity=HIGH, message='No detailed debug message due to a non-debug context'
[08:37:29] [Render thread/INFO]: OpenGL debug message: id=1005, source=API, type=ERROR, severity=HIGH, message='No detailed debug message due to a non-debug context'
[08:37:29] [Render thread/INFO]: OpenGL debug message: id=1005, source=API, type=ERROR, severity=HIGH, message='No detailed debug message due to a non-debug context'
[08:37:29] [Render thread/INFO]: OpenGL debug message: id=1005, source=API, type=ERROR, severity=HIGH, message='No detailed debug message due to a non-debug context'
[08:37:29] [Render thread/INFO]: OpenGL debug message: id=1005, source=API, type=ERROR, severity=HIGH, message='No detailed debug message due to a non-debug context'
[08:37:29] [Render thread/INFO]: OpenGL debug message: id=1005, source=API, type=ERROR, severity=HIGH, message='No detailed debug message due to a non-debug context'
[08:37:29] [Render thread/INFO]: OpenGL debug message: id=1005, source=API, type=ERROR, severity=HIGH, message='No detailed debug message due to a non-debug context'
[08:37:29] [Render thread/INFO]: OpenGL debug message: id=1005, source=API, type=ERROR, severity=HIGH, message='No detailed debug message due to a non-debug context'
[08:37:29] [Render thread/INFO]: OpenGL debug message: id=1005, source=API, type=ERROR, severity=HIGH, message='No detailed debug message due to a non-debug context'
[08:37:29] [Render thread/INFO]: OpenGL debug message: id=1005, source=API, type=ERROR, severity=HIGH, message='No detailed debug message due to a non-debug context'
[08:37:29] [Render thread/INFO]: OpenGL debug message: id=1005, source=API, type=ERROR, severity=HIGH, message='No detailed debug message due to a non-debug context'
[08:37:29] [Render thread/INFO]: OpenGL debug message: id=1005, source=API, type=ERROR, severity=HIGH, message='No detailed debug message due to a non-debug context'
[08:37:29] [Render thread/INFO]: OpenGL debug message: id=1005, source=API, type=ERROR, severity=HIGH, message='No detailed debug message due to a non-debug context'
[08:37:29] [Render thread/INFO]: OpenGL debug message: id=1005, source=API, type=ERROR, severity=HIGH, message='No detailed debug message due to a non-debug context'
[08:37:29] [Render thread/INFO]: OpenGL debug message: id=1005, source=API, type=ERROR, severity=HIGH, message='No detailed debug message due to a non-debug context'
[08:37:29] [Render thread/INFO]: OpenGL debug message: id=1005, source=API, type=ERROR, severity=HIGH, message='No detailed debug message due to a non-debug context'
[08:37:29] [Render thread/INFO]: OpenGL debug message: id=1005, source=API, type=ERROR, severity=HIGH, message='No detailed debug message due to a non-debug context'
[08:37:29] [Render thread/INFO]: OpenGL debug message: id=1005, source=API, type=ERROR, severity=HIGH, message='No detailed debug message due to a non-debug context'
[08:37:29] [Render thread/INFO]: OpenGL debug message: id=1005, source=API, type=ERROR, severity=HIGH, message='No detailed debug message due to a non-debug context'
[08:37:30] [Render thread/INFO]: OpenGL debug message: id=1005, source=API, type=ERROR, severity=HIGH, message='No detailed debug message due to a non-debug context'
[08:37:30] [Render thread/INFO]: OpenGL debug message: id=1005, source=API, type=ERROR, severity=HIGH, message='No detailed debug message due to a non-debug context'
[08:37:30] [Render thread/INFO]: OpenGL debug message: id=1005, source=API, type=ERROR, severity=HIGH, message='No detailed debug message due to a non-debug context'
[08:37:30] [Render thread/INFO]: OpenGL debug message: id=1005, source=API, type=ERROR, severity=HIGH, message='No detailed debug message due to a non-debug context'
[08:37:30] [Render thread/INFO]: OpenGL debug message: id=1005, source=API, type=ERROR, severity=HIGH, message='No detailed debug message due to a non-debug context'
[08:37:30] [Render thread/INFO]: OpenGL debug message: id=1005, source=API, type=ERROR, severity=HIGH, message='No detailed debug message due to a non-debug context'
[08:37:30] [Render thread/INFO]: OpenGL debug message: id=1005, source=API, type=ERROR, severity=HIGH, message='No detailed debug message due to a non-debug context'
[08:37:30] [Render thread/INFO]: OpenGL debug message: id=1005, source=API, type=ERROR, severity=HIGH, message='No detailed debug message due to a non-debug context'
[08:37:30] [Render thread/INFO]: OpenGL debug message: id=1005, source=API, type=ERROR, severity=HIGH, message='No detailed debug message due to a non-debug context'
[08:37:30] [Render thread/INFO]: OpenGL debug message: id=1005, source=API, type=ERROR, severity=HIGH, message='No detailed debug message due to a non-debug context'
[08:37:30] [Render thread/INFO]: OpenGL debug message: id=1005, source=API, type=ERROR, severity=HIGH, message='No detailed debug message due to a non-debug context'
[08:37:30] [Render thread/INFO]: OpenGL debug message: id=1005, source=API, type=ERROR, severity=HIGH, message='No detailed debug message due to a non-debug context'
[08:37:30] [Render thread/INFO]: OpenGL debug message: id=1005, source=API, type=ERROR, severity=HIGH, message='No detailed debug message due to a non-debug context'
[08:37:30] [Render thread/INFO]: OpenGL debug message: id=1005, source=API, type=ERROR, severity=HIGH, message='No detailed debug message due to a non-debug context'
[08:37:30] [Render thread/INFO]: OpenGL debug message: id=1005, source=API, type=ERROR, severity=HIGH, message='No detailed debug message due to a non-debug context'
[08:37:30] [Render thread/INFO]: OpenGL debug message: id=1005, source=API, type=ERROR, severity=HIGH, message='No detailed debug message due to a non-debug context'
[08:37:30] [Render thread/INFO]: OpenGL debug message: id=1005, source=API, type=ERROR, severity=HIGH, message='No detailed debug message due to a non-debug context'
[08:37:30] [Render thread/INFO]: OpenGL debug message: id=1005, source=API, type=ERROR, severity=HIGH, message='No detailed debug message due to a non-debug context'
[08:37:30] [Render thread/INFO]: OpenGL debug message: id=1005, source=API, type=ERROR, severity=HIGH, message='No detailed debug message due to a non-debug context'
[08:37:30] [Render thread/INFO]: OpenGL debug message: id=1005, source=API, type=ERROR, severity=HIGH, message='No detailed debug message due to a non-debug context'
[08:37:30] [Render thread/INFO]: OpenGL debug message: id=1005, source=API, type=ERROR, severity=HIGH, message='No detailed debug message due to a non-debug context'
[08:37:30] [Render thread/INFO]: OpenGL debug message: id=1005, source=API, type=ERROR, severity=HIGH, message='No detailed debug message due to a non-debug context'
[08:37:30] [Render thread/INFO]: OpenGL debug message: id=1005, source=API, type=ERROR, severity=HIGH, message='No detailed debug message due to a non-debug context'
[08:37:30] [Render thread/INFO]: OpenGL debug message: id=1005, source=API, type=ERROR, severity=HIGH, message='No detailed debug message due to a non-debug context'
[08:37:30] [Render thread/INFO]: OpenGL debug message: id=1005, source=API, type=ERROR, severity=HIGH, message='No detailed debug message due to a non-debug context'
[08:37:30] [Render thread/INFO]: OpenGL debug message: id=1005, source=API, type=ERROR, severity=HIGH, message='No detailed debug message due to a non-debug context'
[08:37:30] [Render thread/INFO]: OpenGL debug message: id=1005, source=API, type=ERROR, severity=HIGH, message='No detailed debug message due to a non-debug context'
[08:37:30] [Render thread/INFO]: OpenGL debug message: id=1005, source=API, type=ERROR, severity=HIGH, message='No detailed debug message due to a non-debug context'
[08:37:30] [Render thread/INFO]: OpenGL debug message: id=1005, source=API, type=ERROR, severity=HIGH, message='No detailed debug message due to a non-debug context'
[08:37:30] [Render thread/INFO]: OpenGL debug message: id=1005, source=API, type=ERROR, severity=HIGH, message='No detailed debug message due to a non-debug context'
[08:37:30] [Render thread/INFO]: OpenGL debug message: id=1005, source=API, type=ERROR, severity=HIGH, message='No detailed debug message due to a non-debug context'
[08:37:30] [Render thread/INFO]: OpenGL debug message: id=1005, source=API, type=ERROR, severity=HIGH, message='No detailed debug message due to a non-debug context'
[08:37:30] [Render thread/INFO]: OpenGL debug message: id=1005, source=API, type=ERROR, severity=HIGH, message='No detailed debug message due to a non-debug context'
[08:37:30] [Render thread/INFO]: OpenGL debug message: id=1005, source=API, type=ERROR, severity=HIGH, message='No detailed debug message due to a non-debug context'
[08:37:30] [Render thread/INFO]: OpenGL debug message: id=1005, source=API, type=ERROR, severity=HIGH, message='No detailed debug message due to a non-debug context'
[08:37:30] [Render thread/INFO]: OpenGL debug message: id=1005, source=API, type=ERROR, severity=HIGH, message='No detailed debug message due to a non-debug context'
[08:37:30] [Render thread/INFO]: OpenGL debug message: id=1005, source=API, type=ERROR, severity=HIGH, message='No detailed debug message due to a non-debug context'
[08:37:30] [Render thread/INFO]: OpenGL debug message: id=1005, source=API, type=ERROR, severity=HIGH, message='No detailed debug message due to a non-debug context'
[08:37:30] [Render thread/INFO]: OpenGL debug message: id=1005, source=API, type=ERROR, severity=HIGH, message='No detailed debug message due to a non-debug context'
[08:37:30] [Render thread/INFO]: OpenGL debug message: id=1005, source=API, type=ERROR, severity=HIGH, message='No detailed debug message due to a non-debug context'
[08:37:30] [Render thread/INFO]: OpenGL debug message: id=1005, source=API, type=ERROR, severity=HIGH, message='No detailed debug message due to a non-debug context'
[08:37:30] [Render thread/INFO]: OpenGL debug message: id=1005, source=API, type=ERROR, severity=HIGH, message='No detailed debug message due to a non-debug context'
[08:37:30] [Render thread/INFO]: OpenGL debug message: id=1005, source=API, type=ERROR, severity=HIGH, message='No detailed debug message due to a non-debug context'
[08:37:30] [Render thread/INFO]: OpenGL debug message: id=1005, source=API, type=ERROR, severity=HIGH, message='No detailed debug message due to a non-debug context'
[08:37:30] [Render thread/INFO]: OpenGL debug message: id=1005, source=API, type=ERROR, severity=HIGH, message='No detailed debug message due to a non-debug context'
[08:37:30] [Render thread/INFO]: OpenGL debug message: id=1005, source=API, type=ERROR, severity=HIGH, message='No detailed debug message due to a non-debug context'
[08:37:30] [Render thread/INFO]: OpenGL debug message: id=1005, source=API, type=ERROR, severity=HIGH, message='No detailed debug message due to a non-debug context'
[08:37:30] [Render thread/INFO]: OpenGL debug message: id=1005, source=API, type=ERROR, severity=HIGH, message='No detailed debug message due to a non-debug context'
[08:37:30] [Render thread/INFO]: OpenGL debug message: id=1005, source=API, type=ERROR, severity=HIGH, message='No detailed debug message due to a non-debug context'
[08:37:30] [Render thread/INFO]: OpenGL debug message: id=1005, source=API, type=ERROR, severity=HIGH, message='No detailed debug message due to a non-debug context'
[08:37:30] [Render thread/INFO]: OpenGL debug message: id=1005, source=API, type=ERROR, severity=HIGH, message='No detailed debug message due to a non-debug context'
[08:37:30] [Render thread/INFO]: OpenGL debug message: id=1005, source=API, type=ERROR, severity=HIGH, message='No detailed debug message due to a non-debug context'
[08:37:30] [Render thread/INFO]: OpenGL debug message: id=1005, source=API, type=ERROR, severity=HIGH, message='No detailed debug message due to a non-debug context'
[08:37:30] [Render thread/INFO]: OpenGL debug message: id=1005, source=API, type=ERROR, severity=HIGH, message='No detailed debug message due to a non-debug context'
[08:37:30] [Render thread/INFO]: OpenGL debug message: id=1005, source=API, type=ERROR, severity=HIGH, message='No detailed debug message due to a non-debug context'
[08:37:30] [Render thread/INFO]: OpenGL debug message: id=1005, source=API, type=ERROR, severity=HIGH, message='No detailed debug message due to a non-debug context'
[08:37:30] [Render thread/INFO]: OpenGL debug message: id=1005, source=API, type=ERROR, severity=HIGH, message='No detailed debug message due to a non-debug context'
[08:37:30] [Render thread/INFO]: OpenGL debug message: id=1005, source=API, type=ERROR, severity=HIGH, message='No detailed debug message due to a non-debug context'
[08:37:30] [Render thread/INFO]: OpenGL debug message: id=1005, source=API, type=ERROR, severity=HIGH, message='No detailed debug message due to a non-debug context'
[08:37:31] [Render thread/INFO]: OpenGL debug message: id=1005, source=API, type=ERROR, severity=HIGH, message='No detailed debug message due to a non-debug context'
[08:37:31] [Render thread/INFO]: OpenGL debug message: id=1005, source=API, type=ERROR, severity=HIGH, message='No detailed debug message due to a non-debug context'
[08:37:31] [Render thread/INFO]: OpenGL debug message: id=1005, source=API, type=ERROR, severity=HIGH, message='No detailed debug message due to a non-debug context'
[08:37:31] [Render thread/INFO]: OpenGL debug message: id=1005, source=API, type=ERROR, severity=HIGH, message='No detailed debug message due to a non-debug context'
[08:37:31] [Render thread/INFO]: OpenGL debug message: id=1005, source=API, type=ERROR, severity=HIGH, message='No detailed debug message due to a non-debug context'
[08:37:31] [Render thread/INFO]: OpenGL debug message: id=1005, source=API, type=ERROR, severity=HIGH, message='No detailed debug message due to a non-debug context'
[08:37:31] [Render thread/INFO]: OpenGL debug message: id=1005, source=API, type=ERROR, severity=HIGH, message='No detailed debug message due to a non-debug context'
[08:37:31] [Render thread/INFO]: OpenGL debug message: id=1005, source=API, type=ERROR, severity=HIGH, message='No detailed debug message due to a non-debug context'
[08:37:31] [Render thread/INFO]: OpenGL debug message: id=1005, source=API, type=ERROR, severity=HIGH, message='No detailed debug message due to a non-debug context'
[08:37:31] [Render thread/INFO]: OpenGL debug message: id=1005, source=API, type=ERROR, severity=HIGH, message='No detailed debug message due to a non-debug context'
[08:37:31] [Render thread/INFO]: OpenGL debug message: id=1005, source=API, type=ERROR, severity=HIGH, message='No detailed debug message due to a non-debug context'
[08:37:31] [Render thread/INFO]: OpenGL debug message: id=1005, source=API, type=ERROR, severity=HIGH, message='No detailed debug message due to a non-debug context'
[08:37:31] [Render thread/INFO]: OpenGL debug message: id=1005, source=API, type=ERROR, severity=HIGH, message='No detailed debug message due to a non-debug context'
[08:37:31] [Render thread/INFO]: OpenGL debug message: id=1005, source=API, type=ERROR, severity=HIGH, message='No detailed debug message due to a non-debug context'
[08:37:31] [Render thread/INFO]: OpenGL debug message: id=1005, source=API, type=ERROR, severity=HIGH, message='No detailed debug message due to a non-debug context'
[08:37:31] [Render thread/INFO]: OpenGL debug message: id=1005, source=API, type=ERROR, severity=HIGH, message='No detailed debug message due to a non-debug context'
[08:37:31] [Render thread/INFO]: OpenGL debug message: id=1005, source=API, type=ERROR, severity=HIGH, message='No detailed debug message due to a non-debug context'
[08:37:31] [Render thread/INFO]: OpenGL debug message: id=1005, source=API, type=ERROR, severity=HIGH, message='No detailed debug message due to a non-debug context'
[08:37:31] [Render thread/INFO]: OpenGL debug message: id=1005, source=API, type=ERROR, severity=HIGH, message='No detailed debug message due to a non-debug context'
[08:37:31] [Render thread/INFO]: OpenGL debug message: id=1005, source=API, type=ERROR, severity=HIGH, message='No detailed debug message due to a non-debug context'
[08:37:31] [Render thread/INFO]: OpenGL debug message: id=1005, source=API, type=ERROR, severity=HIGH, message='No detailed debug message due to a non-debug context'
[08:37:31] [Render thread/INFO]: OpenGL debug message: id=1005, source=API, type=ERROR, severity=HIGH, message='No detailed debug message due to a non-debug context'
[08:37:31] [Render thread/INFO]: OpenGL debug message: id=1005, source=API, type=ERROR, severity=HIGH, message='No detailed debug message due to a non-debug context'
[08:37:31] [Render thread/INFO]: OpenGL debug message: id=1005, source=API, type=ERROR, severity=HIGH, message='No detailed debug message due to a non-debug context'
[08:37:31] [Render thread/INFO]: OpenGL debug message: id=1005, source=API, type=ERROR, severity=HIGH, message='No detailed debug message due to a non-debug context'
[08:37:31] [Render thread/INFO]: OpenGL debug message: id=1005, source=API, type=ERROR, severity=HIGH, message='No detailed debug message due to a non-debug context'
[08:37:31] [Render thread/INFO]: OpenGL debug message: id=1005, source=API, type=ERROR, severity=HIGH, message='No detailed debug message due to a non-debug context'
[08:37:31] [Render thread/INFO]: OpenGL debug message: id=1005, source=API, type=ERROR, severity=HIGH, message='No detailed debug message due to a non-debug context'
[08:37:31] [Render thread/INFO]: OpenGL debug message: id=1005, source=API, type=ERROR, severity=HIGH, message='No detailed debug message due to a non-debug context'
[08:37:31] [Render thread/INFO]: OpenGL debug message: id=1005, source=API, type=ERROR, severity=HIGH, message='No detailed debug message due to a non-debug context'
[08:37:31] [Render thread/INFO]: OpenGL debug message: id=1005, source=API, type=ERROR, severity=HIGH, message='No detailed debug message due to a non-debug context'
[08:37:31] [Render thread/INFO]: OpenGL debug message: id=1005, source=API, type=ERROR, severity=HIGH, message='No detailed debug message due to a non-debug context'
[08:37:31] [Render thread/INFO]: OpenGL debug message: id=1005, source=API, type=ERROR, severity=HIGH, message='No detailed debug message due to a non-debug context'
[08:37:31] [Render thread/INFO]: OpenGL debug message: id=1005, source=API, type=ERROR, severity=HIGH, message='No detailed debug message due to a non-debug context'
[08:37:31] [Render thread/INFO]: OpenGL debug message: id=1005, source=API, type=ERROR, severity=HIGH, message='No detailed debug message due to a non-debug context'
[08:37:31] [Render thread/INFO]: OpenGL debug message: id=1005, source=API, type=ERROR, severity=HIGH, message='No detailed debug message due to a non-debug context'
[08:37:31] [Render thread/INFO]: OpenGL debug message: id=1005, source=API, type=ERROR, severity=HIGH, message='No detailed debug message due to a non-debug context'
[08:37:31] [Render thread/INFO]: OpenGL debug message: id=1005, source=API, type=ERROR, severity=HIGH, message='No detailed debug message due to a non-debug context'
[08:37:31] [Render thread/INFO]: OpenGL debug message: id=1005, source=API, type=ERROR, severity=HIGH, message='No detailed debug message due to a non-debug context'
[08:37:31] [Render thread/INFO]: OpenGL debug message: id=1005, source=API, type=ERROR, severity=HIGH, message='No detailed debug message due to a non-debug context'
[08:37:31] [Render thread/INFO]: OpenGL debug message: id=1005, source=API, type=ERROR, severity=HIGH, message='No detailed debug message due to a non-debug context'
[08:37:31] [Render thread/INFO]: OpenGL debug message: id=1005, source=API, type=ERROR, severity=HIGH, message='No detailed debug message due to a non-debug context'
[08:37:31] [Render thread/INFO]: OpenGL debug message: id=1005, source=API, type=ERROR, severity=HIGH, message='No detailed debug message due to a non-debug context'
[08:37:31] [Render thread/INFO]: OpenGL debug message: id=1005, source=API, type=ERROR, severity=HIGH, message='No detailed debug message due to a non-debug context'
[08:37:31] [Render thread/INFO]: OpenGL debug message: id=1005, source=API, type=ERROR, severity=HIGH, message='No detailed debug message due to a non-debug context'
[08:37:31] [Render thread/INFO]: OpenGL debug message: id=1005, source=API, type=ERROR, severity=HIGH, message='No detailed debug message due to a non-debug context'
[08:37:31] [Render thread/INFO]: OpenGL debug message: id=1005, source=API, type=ERROR, severity=HIGH, message='No detailed debug message due to a non-debug context'
[08:37:31] [Render thread/INFO]: OpenGL debug message: id=1005, source=API, type=ERROR, severity=HIGH, message='No detailed debug message due to a non-debug context'
[08:37:31] [Render thread/INFO]: OpenGL debug message: id=1005, source=API, type=ERROR, severity=HIGH, message='No detailed debug message due to a non-debug context'
[08:37:31] [Render thread/INFO]: OpenGL debug message: id=1005, source=API, type=ERROR, severity=HIGH, message='No detailed debug message due to a non-debug context'
[08:37:31] [Render thread/INFO]: OpenGL debug message: id=1005, source=API, type=ERROR, severity=HIGH, message='No detailed debug message due to a non-debug context'
[08:37:31] [Render thread/INFO]: OpenGL debug message: id=1005, source=API, type=ERROR, severity=HIGH, message='No detailed debug message due to a non-debug context'
[08:37:31] [Render thread/INFO]: OpenGL debug message: id=1005, source=API, type=ERROR, severity=HIGH, message='No detailed debug message due to a non-debug context'
[08:37:31] [Render thread/INFO]: OpenGL debug message: id=1005, source=API, type=ERROR, severity=HIGH, message='No detailed debug message due to a non-debug context'
[08:37:31] [Render thread/INFO]: OpenGL debug message: id=1005, source=API, type=ERROR, severity=HIGH, message='No detailed debug message due to a non-debug context'
[08:37:31] [Render thread/INFO]: OpenGL debug message: id=1005, source=API, type=ERROR, severity=HIGH, message='No detailed debug message due to a non-debug context'
[08:37:31] [Render thread/INFO]: OpenGL debug message: id=1005, source=API, type=ERROR, severity=HIGH, message='No detailed debug message due to a non-debug context'
[08:37:31] [Render thread/INFO]: OpenGL debug message: id=1005, source=API, type=ERROR, severity=HIGH, message='No detailed debug message due to a non-debug context'
[08:37:31] [Render thread/INFO]: OpenGL debug message: id=1005, source=API, type=ERROR, severity=HIGH, message='No detailed debug message due to a non-debug context'
[08:37:31] [Render thread/INFO]: OpenGL debug message: id=1005, source=API, type=ERROR, severity=HIGH, message='No detailed debug message due to a non-debug context'
[08:37:32] [Render thread/INFO]: OpenGL debug message: id=1005, source=API, type=ERROR, severity=HIGH, message='No detailed debug message due to a non-debug context'
[08:37:32] [Render thread/INFO]: OpenGL debug message: id=1005, source=API, type=ERROR, severity=HIGH, message='No detailed debug message due to a non-debug context'
[08:37:32] [Render thread/INFO]: OpenGL debug message: id=1005, source=API, type=ERROR, severity=HIGH, message='No detailed debug message due to a non-debug context'
[08:37:32] [Render thread/INFO]: OpenGL debug message: id=1005, source=API, type=ERROR, severity=HIGH, message='No detailed debug message due to a non-debug context'
[08:37:32] [Render thread/INFO]: OpenGL debug message: id=1005, source=API, type=ERROR, severity=HIGH, message='No detailed debug message due to a non-debug context'
[08:37:32] [Render thread/INFO]: OpenGL debug message: id=1005, source=API, type=ERROR, severity=HIGH, message='No detailed debug message due to a non-debug context'
[08:37:32] [Render thread/INFO]: OpenGL debug message: id=1005, source=API, type=ERROR, severity=HIGH, message='No detailed debug message due to a non-debug context'
[08:37:32] [Render thread/INFO]: OpenGL debug message: id=1005, source=API, type=ERROR, severity=HIGH, message='No detailed debug message due to a non-debug context'
[08:37:32] [Render thread/INFO]: OpenGL debug message: id=1005, source=API, type=ERROR, severity=HIGH, message='No detailed debug message due to a non-debug context'
[08:37:32] [Render thread/INFO]: OpenGL debug message: id=1005, source=API, type=ERROR, severity=HIGH, message='No detailed debug message due to a non-debug context'
[08:37:32] [Render thread/INFO]: OpenGL debug message: id=1005, source=API, type=ERROR, severity=HIGH, message='No detailed debug message due to a non-debug context'
[08:37:32] [Render thread/INFO]: OpenGL debug message: id=1005, source=API, type=ERROR, severity=HIGH, message='No detailed debug message due to a non-debug context'
[08:37:32] [Render thread/INFO]: OpenGL debug message: id=1005, source=API, type=ERROR, severity=HIGH, message='No detailed debug message due to a non-debug context'
[08:37:32] [Render thread/INFO]: OpenGL debug message: id=1005, source=API, type=ERROR, severity=HIGH, message='No detailed debug message due to a non-debug context'
[08:37:32] [Server thread/INFO]: Saving and pausing game...
[08:37:32] [Render thread/INFO]: OpenGL debug message: id=1005, source=API, type=ERROR, severity=HIGH, message='No detailed debug message due to a non-debug context'
[08:37:32] [Server thread/INFO]: Saving chunks for level 'ServerLevel[Th? gi?i m?i]'/minecraft:overworld
[08:37:32] [Render thread/INFO]: OpenGL debug message: id=1005, source=API, type=ERROR, severity=HIGH, message='No detailed debug message due to a non-debug context'
[08:37:32] [Server thread/INFO]: Saving chunks for level 'ServerLevel[Th? gi?i m?i]'/irons_spellbooks:pocket_dimension
[08:37:32] [Server thread/INFO]: Saving chunks for level 'ServerLevel[Th? gi?i m?i]'/minecraft:the_nether
[08:37:32] [Server thread/INFO]: Saving chunks for level 'ServerLevel[Th? gi?i m?i]'/minecraft:the_end
[08:37:32] [Render thread/INFO]: OpenGL debug message: id=1005, source=API, type=ERROR, severity=HIGH, message='No detailed debug message due to a non-debug context'
[08:37:32] [Render thread/INFO]: OpenGL debug message: id=1005, source=API, type=ERROR, severity=HIGH, message='No detailed debug message due to a non-debug context'
[08:37:32] [Render thread/INFO]: OpenGL debug message: id=1005, source=API, type=ERROR, severity=HIGH, message='No detailed debug message due to a non-debug context'
[08:37:32] [Render thread/INFO]: OpenGL debug message: id=1005, source=API, type=ERROR, severity=HIGH, message='No detailed debug message due to a non-debug context'
[08:37:32] [Render thread/INFO]: OpenGL debug message: id=1005, source=API, type=ERROR, severity=HIGH, message='No detailed debug message due to a non-debug context'
[08:37:32] [Render thread/INFO]: OpenGL debug message: id=1005, source=API, type=ERROR, severity=HIGH, message='No detailed debug message due to a non-debug context'
[08:37:32] [Render thread/INFO]: OpenGL debug message: id=1005, source=API, type=ERROR, severity=HIGH, message='No detailed debug message due to a non-debug context'
[08:37:32] [Render thread/INFO]: OpenGL debug message: id=1005, source=API, type=ERROR, severity=HIGH, message='No detailed debug message due to a non-debug context'
[08:37:32] [Render thread/INFO]: OpenGL debug message: id=1005, source=API, type=ERROR, severity=HIGH, message='No detailed debug message due to a non-debug context'
[08:37:32] [Render thread/INFO]: OpenGL debug message: id=1005, source=API, type=ERROR, severity=HIGH, message='No detailed debug message due to a non-debug context'
[08:37:32] [Render thread/INFO]: OpenGL debug message: id=1005, source=API, type=ERROR, severity=HIGH, message='No detailed debug message due to a non-debug context'
[08:37:32] [Render thread/INFO]: OpenGL debug message: id=1005, source=API, type=ERROR, severity=HIGH, message='No detailed debug message due to a non-debug context'
[08:37:32] [Render thread/INFO]: OpenGL debug message: id=1005, source=API, type=ERROR, severity=HIGH, message='No detailed debug message due to a non-debug context'
[08:37:32] [Render thread/INFO]: OpenGL debug message: id=1005, source=API, type=ERROR, severity=HIGH, message='No detailed debug message due to a non-debug context'
[08:37:32] [Render thread/INFO]: OpenGL debug message: id=1005, source=API, type=ERROR, severity=HIGH, message='No detailed debug message due to a non-debug context'
[08:37:32] [Render thread/INFO]: OpenGL debug message: id=1005, source=API, type=ERROR, severity=HIGH, message='No detailed debug message due to a non-debug context'
[08:37:32] [Render thread/INFO]: OpenGL debug message: id=1005, source=API, type=ERROR, severity=HIGH, message='No detailed debug message due to a non-debug context'
[08:37:32] [Render thread/INFO]: OpenGL debug message: id=1005, source=API, type=ERROR, severity=HIGH, message='No detailed debug message due to a non-debug context'
[08:37:32] [Render thread/INFO]: OpenGL debug message: id=1005, source=API, type=ERROR, severity=HIGH, message='No detailed debug message due to a non-debug context'
[08:37:32] [Render thread/INFO]: OpenGL debug message: id=1005, source=API, type=ERROR, severity=HIGH, message='No detailed debug message due to a non-debug context'
[08:37:32] [Render thread/INFO]: OpenGL debug message: id=1005, source=API, type=ERROR, severity=HIGH, message='No detailed debug message due to a non-debug context'
[08:37:32] [Render thread/INFO]: OpenGL debug message: id=1005, source=API, type=ERROR, severity=HIGH, message='No detailed debug message due to a non-debug context'
[08:37:32] [Render thread/INFO]: OpenGL debug message: id=1005, source=API, type=ERROR, severity=HIGH, message='No detailed debug message due to a non-debug context'
[08:37:32] [Render thread/INFO]: OpenGL debug message: id=1005, source=API, type=ERROR, severity=HIGH, message='No detailed debug message due to a non-debug context'
[08:37:32] [Render thread/INFO]: OpenGL debug message: id=1005, source=API, type=ERROR, severity=HIGH, message='No detailed debug message due to a non-debug context'
[08:37:32] [Render thread/INFO]: OpenGL debug message: id=1005, source=API, type=ERROR, severity=HIGH, message='No detailed debug message due to a non-debug context'
[08:37:32] [Render thread/INFO]: OpenGL debug message: id=1005, source=API, type=ERROR, severity=HIGH, message='No detailed debug message due to a non-debug context'
[08:37:32] [Render thread/INFO]: OpenGL debug message: id=1005, source=API, type=ERROR, severity=HIGH, message='No detailed debug message due to a non-debug context'
[08:37:32] [Render thread/INFO]: OpenGL debug message: id=1005, source=API, type=ERROR, severity=HIGH, message='No detailed debug message due to a non-debug context'
[08:37:32] [Render thread/INFO]: OpenGL debug message: id=1005, source=API, type=ERROR, severity=HIGH, message='No detailed debug message due to a non-debug context'
[08:37:32] [Render thread/INFO]: OpenGL debug message: id=1005, source=API, type=ERROR, severity=HIGH, message='No detailed debug message due to a non-debug context'
[08:37:32] [Render thread/INFO]: OpenGL debug message: id=1005, source=API, type=ERROR, severity=HIGH, message='No detailed debug message due to a non-debug context'
[08:37:32] [Render thread/INFO]: OpenGL debug message: id=1005, source=API, type=ERROR, severity=HIGH, message='No detailed debug message due to a non-debug context'
[08:37:32] [Render thread/INFO]: OpenGL debug message: id=1005, source=API, type=ERROR, severity=HIGH, message='No detailed debug message due to a non-debug context'
[08:37:32] [Render thread/INFO]: OpenGL debug message: id=1005, source=API, type=ERROR, severity=HIGH, message='No detailed debug message due to a non-debug context'
[08:37:32] [Render thread/INFO]: OpenGL debug message: id=1005, source=API, type=ERROR, severity=HIGH, message='No detailed debug message due to a non-debug context'
[08:37:32] [Render thread/INFO]: OpenGL debug message: id=1005, source=API, type=ERROR, severity=HIGH, message='No detailed debug message due to a non-debug context'
[08:37:32] [Render thread/INFO]: OpenGL debug message: id=1005, source=API, type=ERROR, severity=HIGH, message='No detailed debug message due to a non-debug context'
[08:37:32] [Render thread/INFO]: OpenGL debug message: id=1005, source=API, type=ERROR, severity=HIGH, message='No detailed debug message due to a non-debug context'
[08:37:32] [Render thread/INFO]: OpenGL debug message: id=1005, source=API, type=ERROR, severity=HIGH, message='No detailed debug message due to a non-debug context'
[08:37:32] [Render thread/INFO]: OpenGL debug message: id=1005, source=API, type=ERROR, severity=HIGH, message='No detailed debug message due to a non-debug context'
[08:37:32] [Render thread/INFO]: OpenGL debug message: id=1005, source=API, type=ERROR, severity=HIGH, message='No detailed debug message due to a non-debug context'
[08:37:32] [Render thread/INFO]: OpenGL debug message: id=1005, source=API, type=ERROR, severity=HIGH, message='No detailed debug message due to a non-debug context'
[08:37:32] [Render thread/INFO]: OpenGL debug message: id=1005, source=API, type=ERROR, severity=HIGH, message='No detailed debug message due to a non-debug context'
[08:37:33] [Render thread/INFO]: OpenGL debug message: id=1005, source=API, type=ERROR, severity=HIGH, message='No detailed debug message due to a non-debug context'
[08:37:33] [Render thread/INFO]: OpenGL debug message: id=1005, source=API, type=ERROR, severity=HIGH, message='No detailed debug message due to a non-debug context'
[08:37:33] [Render thread/INFO]: OpenGL debug message: id=1005, source=API, type=ERROR, severity=HIGH, message='No detailed debug message due to a non-debug context'
[08:37:33] [Render thread/INFO]: OpenGL debug message: id=1005, source=API, type=ERROR, severity=HIGH, message='No detailed debug message due to a non-debug context'
[08:37:33] [Render thread/INFO]: OpenGL debug message: id=1005, source=API, type=ERROR, severity=HIGH, message='No detailed debug message due to a non-debug context'
[08:37:33] [Render thread/INFO]: OpenGL debug message: id=1005, source=API, type=ERROR, severity=HIGH, message='No detailed debug message due to a non-debug context'
[08:37:33] [Render thread/INFO]: OpenGL debug message: id=1005, source=API, type=ERROR, severity=HIGH, message='No detailed debug message due to a non-debug context'
[08:37:33] [Render thread/INFO]: OpenGL debug message: id=1005, source=API, type=ERROR, severity=HIGH, message='No detailed debug message due to a non-debug context'
[08:37:33] [Render thread/INFO]: OpenGL debug message: id=1005, source=API, type=ERROR, severity=HIGH, message='No detailed debug message due to a non-debug context'
[08:37:33] [Render thread/INFO]: OpenGL debug message: id=1005, source=API, type=ERROR, severity=HIGH, message='No detailed debug message due to a non-debug context'
[08:37:33] [Render thread/INFO]: OpenGL debug message: id=1005, source=API, type=ERROR, severity=HIGH, message='No detailed debug message due to a non-debug context'
[08:37:33] [Render thread/INFO]: OpenGL debug message: id=1005, source=API, type=ERROR, severity=HIGH, message='No detailed debug message due to a non-debug context'
[08:37:33] [Render thread/INFO]: OpenGL debug message: id=1005, source=API, type=ERROR, severity=HIGH, message='No detailed debug message due to a non-debug context'
[08:37:33] [Render thread/INFO]: OpenGL debug message: id=1005, source=API, type=ERROR, severity=HIGH, message='No detailed debug message due to a non-debug context'
[08:37:33] [Render thread/INFO]: OpenGL debug message: id=1005, source=API, type=ERROR, severity=HIGH, message='No detailed debug message due to a non-debug context'
[08:37:33] [Render thread/INFO]: OpenGL debug message: id=1005, source=API, type=ERROR, severity=HIGH, message='No detailed debug message due to a non-debug context'
[08:37:33] [Render thread/INFO]: OpenGL debug message: id=1005, source=API, type=ERROR, severity=HIGH, message='No detailed debug message due to a non-debug context'
[08:37:33] [Render thread/INFO]: OpenGL debug message: id=1005, source=API, type=ERROR, severity=HIGH, message='No detailed debug message due to a non-debug context'
[08:37:33] [Render thread/INFO]: OpenGL debug message: id=1005, source=API, type=ERROR, severity=HIGH, message='No detailed debug message due to a non-debug context'
[08:37:33] [Render thread/INFO]: OpenGL debug message: id=1005, source=API, type=ERROR, severity=HIGH, message='No detailed debug message due to a non-debug context'
[08:37:33] [Render thread/INFO]: OpenGL debug message: id=1005, source=API, type=ERROR, severity=HIGH, message='No detailed debug message due to a non-debug context'
[08:37:33] [Render thread/INFO]: OpenGL debug message: id=1005, source=API, type=ERROR, severity=HIGH, message='No detailed debug message due to a non-debug context'
[08:37:33] [Render thread/INFO]: OpenGL debug message: id=1005, source=API, type=ERROR, severity=HIGH, message='No detailed debug message due to a non-debug context'
[08:37:33] [Render thread/INFO]: OpenGL debug message: id=1005, source=API, type=ERROR, severity=HIGH, message='No detailed debug message due to a non-debug context'
[08:37:33] [Render thread/INFO]: OpenGL debug message: id=1005, source=API, type=ERROR, severity=HIGH, message='No detailed debug message due to a non-debug context'
[08:37:33] [Render thread/INFO]: OpenGL debug message: id=1005, source=API, type=ERROR, severity=HIGH, message='No detailed debug message due to a non-debug context'
[08:37:33] [Render thread/INFO]: OpenGL debug message: id=1005, source=API, type=ERROR, severity=HIGH, message='No detailed debug message due to a non-debug context'
[08:37:33] [Render thread/INFO]: OpenGL debug message: id=1005, source=API, type=ERROR, severity=HIGH, message='No detailed debug message due to a non-debug context'
[08:37:33] [Render thread/INFO]: OpenGL debug message: id=1005, source=API, type=ERROR, severity=HIGH, message='No detailed debug message due to a non-debug context'
[08:37:33] [Render thread/INFO]: OpenGL debug message: id=1005, source=API, type=ERROR, severity=HIGH, message='No detailed debug message due to a non-debug context'
[08:37:33] [Render thread/INFO]: OpenGL debug message: id=1005, source=API, type=ERROR, severity=HIGH, message='No detailed debug message due to a non-debug context'
[08:37:33] [Render thread/INFO]: OpenGL debug message: id=1005, source=API, type=ERROR, severity=HIGH, message='No detailed debug message due to a non-debug context'
[08:37:33] [Render thread/INFO]: OpenGL debug message: id=1005, source=API, type=ERROR, severity=HIGH, message='No detailed debug message due to a non-debug context'
[08:37:33] [Render thread/INFO]: OpenGL debug message: id=1005, source=API, type=ERROR, severity=HIGH, message='No detailed debug message due to a non-debug context'
[08:37:33] [Render thread/INFO]: OpenGL debug message: id=1005, source=API, type=ERROR, severity=HIGH, message='No detailed debug message due to a non-debug context'
[08:37:33] [Render thread/INFO]: OpenGL debug message: id=1005, source=API, type=ERROR, severity=HIGH, message='No detailed debug message due to a non-debug context'
[08:37:33] [Render thread/INFO]: OpenGL debug message: id=1005, source=API, type=ERROR, severity=HIGH, message='No detailed debug message due to a non-debug context'
[08:37:33] [Render thread/INFO]: OpenGL debug message: id=1005, source=API, type=ERROR, severity=HIGH, message='No detailed debug message due to a non-debug context'
[08:37:33] [Render thread/INFO]: OpenGL debug message: id=1005, source=API, type=ERROR, severity=HIGH, message='No detailed debug message due to a non-debug context'
[08:37:33] [Render thread/INFO]: OpenGL debug message: id=1005, source=API, type=ERROR, severity=HIGH, message='No detailed debug message due to a non-debug context'
[08:37:33] [Render thread/INFO]: OpenGL debug message: id=1005, source=API, type=ERROR, severity=HIGH, message='No detailed debug message due to a non-debug context'
[08:37:33] [Render thread/INFO]: OpenGL debug message: id=1005, source=API, type=ERROR, severity=HIGH, message='No detailed debug message due to a non-debug context'
[08:37:33] [Render thread/INFO]: OpenGL debug message: id=1005, source=API, type=ERROR, severity=HIGH, message='No detailed debug message due to a non-debug context'
[08:37:33] [Render thread/INFO]: OpenGL debug message: id=1005, source=API, type=ERROR, severity=HIGH, message='No detailed debug message due to a non-debug context'
[08:37:33] [Render thread/INFO]: OpenGL debug message: id=1005, source=API, type=ERROR, severity=HIGH, message='No detailed debug message due to a non-debug context'
[08:37:33] [Render thread/INFO]: OpenGL debug message: id=1005, source=API, type=ERROR, severity=HIGH, message='No detailed debug message due to a non-debug context'
[08:37:33] [Render thread/INFO]: OpenGL debug message: id=1005, source=API, type=ERROR, severity=HIGH, message='No detailed debug message due to a non-debug context'
[08:37:33] [Render thread/INFO]: OpenGL debug message: id=1005, source=API, type=ERROR, severity=HIGH, message='No detailed debug message due to a non-debug context'
[08:37:33] [Render thread/INFO]: OpenGL debug message: id=1005, source=API, type=ERROR, severity=HIGH, message='No detailed debug message due to a non-debug context'
[08:37:33] [Render thread/INFO]: OpenGL debug message: id=1005, source=API, type=ERROR, severity=HIGH, message='No detailed debug message due to a non-debug context'
[08:37:33] [Render thread/INFO]: OpenGL debug message: id=1005, source=API, type=ERROR, severity=HIGH, message='No detailed debug message due to a non-debug context'
[08:37:33] [Render thread/INFO]: OpenGL debug message: id=1005, source=API, type=ERROR, severity=HIGH, message='No detailed debug message due to a non-debug context'
[08:37:33] [Render thread/INFO]: OpenGL debug message: id=1005, source=API, type=ERROR, severity=HIGH, message='No detailed debug message due to a non-debug context'
[08:37:33] [Render thread/INFO]: OpenGL debug message: id=1005, source=API, type=ERROR, severity=HIGH, message='No detailed debug message due to a non-debug context'
[08:37:33] [Render thread/INFO]: OpenGL debug message: id=1005, source=API, type=ERROR, severity=HIGH, message='No detailed debug message due to a non-debug context'
[08:37:33] [Render thread/INFO]: OpenGL debug message: id=1005, source=API, type=ERROR, severity=HIGH, message='No detailed debug message due to a non-debug context'
[08:37:33] [Render thread/INFO]: OpenGL debug message: id=1005, source=API, type=ERROR, severity=HIGH, message='No detailed debug message due to a non-debug context'
[08:37:33] [Render thread/INFO]: OpenGL debug message: id=1005, source=API, type=ERROR, severity=HIGH, message='No detailed debug message due to a non-debug context'
[08:37:33] [Render thread/INFO]: OpenGL debug message: id=1005, source=API, type=ERROR, severity=HIGH, message='No detailed debug message due to a non-debug context'
[08:37:33] [Render thread/INFO]: OpenGL debug message: id=1005, source=API, type=ERROR, severity=HIGH, message='No detailed debug message due to a non-debug context'
[08:37:34] [Render thread/INFO]: OpenGL debug message: id=1005, source=API, type=ERROR, severity=HIGH, message='No detailed debug message due to a non-debug context'
[08:37:34] [Render thread/INFO]: OpenGL debug message: id=1005, source=API, type=ERROR, severity=HIGH, message='No detailed debug message due to a non-debug context'
[08:37:34] [Render thread/INFO]: OpenGL debug message: id=1005, source=API, type=ERROR, severity=HIGH, message='No detailed debug message due to a non-debug context'
[08:37:34] [Render thread/INFO]: OpenGL debug message: id=1005, source=API, type=ERROR, severity=HIGH, message='No detailed debug message due to a non-debug context'
[08:37:34] [Render thread/INFO]: OpenGL debug message: id=1005, source=API, type=ERROR, severity=HIGH, message='No detailed debug message due to a non-debug context'
[08:37:34] [Render thread/INFO]: OpenGL debug message: id=1005, source=API, type=ERROR, severity=HIGH, message='No detailed debug message due to a non-debug context'
[08:37:34] [Render thread/INFO]: OpenGL debug message: id=1005, source=API, type=ERROR, severity=HIGH, message='No detailed debug message due to a non-debug context'
[08:37:34] [Render thread/INFO]: OpenGL debug message: id=1005, source=API, type=ERROR, severity=HIGH, message='No detailed debug message due to a non-debug context'
[08:37:34] [Render thread/INFO]: OpenGL debug message: id=1005, source=API, type=ERROR, severity=HIGH, message='No detailed debug message due to a non-debug context'
[08:37:34] [Render thread/INFO]: OpenGL debug message: id=1005, source=API, type=ERROR, severity=HIGH, message='No detailed debug message due to a non-debug context'
[08:37:34] [Render thread/INFO]: OpenGL debug message: id=1005, source=API, type=ERROR, severity=HIGH, message='No detailed debug message due to a non-debug context'
[08:37:34] [Render thread/INFO]: OpenGL debug message: id=1005, source=API, type=ERROR, severity=HIGH, message='No detailed debug message due to a non-debug context'
[08:37:34] [Render thread/INFO]: OpenGL debug message: id=1005, source=API, type=ERROR, severity=HIGH, message='No detailed debug message due to a non-debug context'
[08:37:34] [Render thread/INFO]: OpenGL debug message: id=1005, source=API, type=ERROR, severity=HIGH, message='No detailed debug message due to a non-debug context'
[08:37:34] [Render thread/INFO]: OpenGL debug message: id=1005, source=API, type=ERROR, severity=HIGH, message='No detailed debug message due to a non-debug context'
[08:37:34] [Render thread/INFO]: OpenGL debug message: id=1005, source=API, type=ERROR, severity=HIGH, message='No detailed debug message due to a non-debug context'
[08:37:34] [Render thread/INFO]: OpenGL debug message: id=1005, source=API, type=ERROR, severity=HIGH, message='No detailed debug message due to a non-debug context'
[08:37:34] [Render thread/INFO]: OpenGL debug message: id=1005, source=API, type=ERROR, severity=HIGH, message='No detailed debug message due to a non-debug context'
[08:37:34] [Render thread/INFO]: OpenGL debug message: id=1005, source=API, type=ERROR, severity=HIGH, message='No detailed debug message due to a non-debug context'
[08:37:34] [Render thread/INFO]: OpenGL debug message: id=1005, source=API, type=ERROR, severity=HIGH, message='No detailed debug message due to a non-debug context'
[08:37:34] [Render thread/INFO]: OpenGL debug message: id=1005, source=API, type=ERROR, severity=HIGH, message='No detailed debug message due to a non-debug context'
[08:37:34] [Render thread/INFO]: OpenGL debug message: id=1005, source=API, type=ERROR, severity=HIGH, message='No detailed debug message due to a non-debug context'
[08:37:34] [Render thread/INFO]: OpenGL debug message: id=1005, source=API, type=ERROR, severity=HIGH, message='No detailed debug message due to a non-debug context'
[08:37:34] [Render thread/INFO]: OpenGL debug message: id=1005, source=API, type=ERROR, severity=HIGH, message='No detailed debug message due to a non-debug context'
[08:37:34] [Render thread/INFO]: OpenGL debug message: id=1005, source=API, type=ERROR, severity=HIGH, message='No detailed debug message due to a non-debug context'
[08:37:34] [Render thread/INFO]: OpenGL debug message: id=1005, source=API, type=ERROR, severity=HIGH, message='No detailed debug message due to a non-debug context'
[08:37:34] [Render thread/INFO]: OpenGL debug message: id=1005, source=API, type=ERROR, severity=HIGH, message='No detailed debug message due to a non-debug context'
[08:37:34] [Render thread/INFO]: OpenGL debug message: id=1005, source=API, type=ERROR, severity=HIGH, message='No detailed debug message due to a non-debug context'
[08:37:34] [Render thread/INFO]: OpenGL debug message: id=1005, source=API, type=ERROR, severity=HIGH, message='No detailed debug message due to a non-debug context'
[08:37:34] [Render thread/INFO]: OpenGL debug message: id=1005, source=API, type=ERROR, severity=HIGH, message='No detailed debug message due to a non-debug context'
[08:37:34] [Render thread/INFO]: OpenGL debug message: id=1005, source=API, type=ERROR, severity=HIGH, message='No detailed debug message due to a non-debug context'
[08:37:34] [Render thread/INFO]: OpenGL debug message: id=1005, source=API, type=ERROR, severity=HIGH, message='No detailed debug message due to a non-debug context'
[08:37:34] [Render thread/INFO]: OpenGL debug message: id=1005, source=API, type=ERROR, severity=HIGH, message='No detailed debug message due to a non-debug context'
[08:37:34] [Render thread/INFO]: OpenGL debug message: id=1005, source=API, type=ERROR, severity=HIGH, message='No detailed debug message due to a non-debug context'
[08:37:34] [Render thread/INFO]: OpenGL debug message: id=1005, source=API, type=ERROR, severity=HIGH, message='No detailed debug message due to a non-debug context'
[08:37:34] [Render thread/INFO]: OpenGL debug message: id=1005, source=API, type=ERROR, severity=HIGH, message='No detailed debug message due to a non-debug context'
[08:37:34] [Render thread/INFO]: OpenGL debug message: id=1005, source=API, type=ERROR, severity=HIGH, message='No detailed debug message due to a non-debug context'
[08:37:34] [Render thread/INFO]: JEI StartEventObserver received class net.minecraftforge.client.event.ClientPlayerNetworkEvent$LoggingOut
[08:37:34] [Render thread/INFO]: JEI StartEventObserver transitioning state from JEI_STARTED to DISABLED
[08:37:34] [Render thread/INFO]: Stopping JEI
[08:37:34] [Render thread/INFO]: Sending Runtime Unavailable...
[08:37:34] [Render thread/INFO]: Stopping JEI GUI
[08:37:34] [Render thread/INFO]: Sending Runtime Unavailable took 7.967 ms
[08:37:34] [Render thread/INFO]: EFX: Replacing Epic Fight Weapon Types...
[08:37:36] [Server thread/INFO]: ben10 lost connection: B? m?t k?t n?i
[08:37:36] [Server thread/INFO]: ben10 ð? r?i tr? chõi
[08:37:36] [Server thread/INFO]: Stopping singleplayer server as player logged out
[08:37:36] [Server thread/INFO]: Stopping server
[08:37:36] [Server thread/INFO]: Saving players
[08:37:36] [Server thread/INFO]: Saving worlds
[08:37:37] [Server thread/INFO]: Saving chunks for level 'ServerLevel[Th? gi?i m?i]'/minecraft:overworld
[08:37:37] [Server thread/INFO]: Saving chunks for level 'ServerLevel[Th? gi?i m?i]'/irons_spellbooks:pocket_dimension
[08:37:37] [Server thread/INFO]: Saving chunks for level 'ServerLevel[Th? gi?i m?i]'/minecraft:the_nether
[08:37:37] [Server thread/INFO]: Saving chunks for level 'ServerLevel[Th? gi?i m?i]'/minecraft:the_end
[08:37:37] [Server thread/INFO]: ThreadedAnvilChunkStorage (Th? gi?i m?i (3)): All chunks are saved
[08:37:37] [Server thread/INFO]: ThreadedAnvilChunkStorage (pocket_dimension): All chunks are saved
[08:37:37] [Server thread/INFO]: ThreadedAnvilChunkStorage (DIM-1): All chunks are saved
[08:37:37] [Server thread/INFO]: ThreadedAnvilChunkStorage (DIM1): All chunks are saved
[08:37:37] [Server thread/INFO]: ThreadedAnvilChunkStorage: All dimensions are saved
[08:37:38] [Server thread/INFO]: Data keys [invincible:up, invincible:dodge_success_timer, invincible:down, invincible:cooldown, invincible:right, invincible:left, invincible:parry_timer] for invincible:combo_demo
[08:37:38] [Server thread/INFO]: Data keys [epicfight:combo_counter, epicfight:basic_attack_active] for epicfight:basic_attack
[08:37:38] [Server thread/INFO]: Data keys [epicfight:penalty, epicfight:penalty_restore_counter] for epicfight:guard
[08:37:38] [Server thread/INFO]: Data keys [epicfight:penalty, epicfight:last_active, epicfight:penalty_restore_counter, epicfight:parry_motion_counter] for epicfight:parrying
[08:37:38] [Server thread/INFO]: Data keys [epicfight:penalty, epicfight:penalty_restore_counter] for epicfight:impact_guard
[08:37:38] [Server thread/INFO]: Data keys [epicfight:resisting_damage_type, epicfight:stacks, epicfight:tick_record] for epicfight:adaptive_skin
[08:37:38] [Server thread/INFO]: Data keys [epicfight:tick_record] for epicfight:adrenaline_fiend
[08:37:38] [Server thread/INFO]: Data keys [epicfight:stacks, epicfight:entity_id] for epicfight:bonebreaker
[08:37:38] [Server thread/INFO]: Data keys [epicfight:tick_record, epicfight:entity_id] for epicfight:vengeance
[08:37:38] [Server thread/INFO]: Data keys [epicfight:slam_protect_next_fall, epicfight:fall_distance] for epicfight:meteor_slam
[08:37:38] [Server thread/INFO]: Data keys [epicfight:stacks] for epicfight:revelation
[08:37:38] [Server thread/INFO]: Data keys [epicfight:slam_protect_next_fall] for epicfight:demolition_leap
[08:37:38] [Server thread/INFO]: Data keys [epicfight:jump_key_pressed_last_tick, epicfight:jump_count, epicfight:slam_protect_next_fall] for epicfight:phantom_ascent
[08:37:38] [Server thread/INFO]: Data keys [epicfight:last_hit_count] for epicfight:grasping_spire
[08:37:38] [Server thread/INFO]: Data keys [epicfight:sheath] for epicfight:battojutsu_passive
[08:37:38] [Server thread/INFO]: Data keys [epicfight:sheath] for epicfight:battojutsu
[08:37:38] [Server thread/INFO]: Data keys [epicfight:combo_counter] for epicfight:blade_rush
[08:37:38] [Server thread/INFO]: Data keys [epicfight:thrown_trident_entity_id] for epicfight:everlasting_allegiance
[08:37:38] [Server thread/INFO]: Data keys [wom:target_id] for wom:ender_obscuris
[08:37:38] [Server thread/INFO]: Data keys [wom:timer_refresh, wom:dodge, wom:timer] for wom:dodge_master
[08:37:38] [Server thread/INFO]: Data keys [wom:timer_refresh, wom:dodge, wom:registered_position, wom:registered_health, wom:timer, wom:cooldown, wom:active] for wom:time_travel
[08:37:38] [Server thread/INFO]: Data keys [wom:cooldown] for wom:punishment_kick
[08:37:38] [Server thread/INFO]: Data keys [epicfight:penalty, epicfight:penalty_restore_counter, wom:consumprion_value, wom:last_active, wom:parrying] for wom:counter_attack
[08:37:38] [Server thread/INFO]: Data keys [wom:timer_refresh, epicfight:penalty, wom:charge, wom:vengence_duration, epicfight:penalty_restore_counter, wom:holding_stance, wom:consumprion_value, wom:timer, wom:cooldown] for wom:vengeful_parry
[08:37:38] [Server thread/INFO]: Data keys [epicfight:penalty, wom:charge, epicfight:penalty_restore_counter, wom:cooldown, wom:parrying] for wom:perfect_bulwark
[08:37:38] [Server thread/INFO]: Data keys [wom:cycle, wom:charge] for wom:soul_protection
[08:37:38] [Server thread/INFO]: Data keys [wom:cycle, wom:charge] for wom:shulker_cloak
[08:37:38] [Server thread/INFO]: Data keys [epicfight:penalty, epicfight:penalty_restore_counter, wom:timer, wom:active] for wom:buster_parade
[08:37:38] [Server thread/INFO]: Data keys [wom:timer_refresh, wom:duree, wom:timer, wom:active] for wom:pain_anticipation
[08:37:38] [Server thread/INFO]: Data keys [wom:timer_refresh, wom:duree, wom:timer, wom:active] for wom:latent_retribution
[08:37:38] [Server thread/INFO]: Data keys [wom:rate, wom:power] for wom:critical_knowledge
[08:37:38] [Server thread/INFO]: Data keys [wom:recovery_rate, wom:cooldown, wom:max_shield] for wom:heart_shield
[08:37:38] [Server thread/INFO]: Data keys [wom:step, wom:melody_index, wom:saved_elapsed_time] for wom:dancing_blade
[08:37:38] [Server thread/INFO]: Data keys [wom:timer_refresh, wom:stage, wom:duree, wom:cycle, wom:timer, wom:active] for wom:meditation
[08:37:38] [Server thread/INFO]: Data keys [wom:cooldown] for wom:dopamine
[08:37:38] [Server thread/INFO]: Data keys [wom:last_active] for wom:manipulator
[08:37:38] [Server thread/INFO]: Data keys [wom:rate, wom:timer, wom:power, wom:stack] for wom:lethal_focus
[08:37:38] [Server thread/INFO]: Data keys [wom:timer_refresh, wom:wall_running, wom:timer, wom:angle, wom:wall_glide, wom:jump_key_up] for wom:spider_techniques
[08:37:38] [Server thread/INFO]: Data keys [wom:diving, wom:consumprion_value, wom:mermaid_movement, wom:cooldown, wom:water_dashing, wom:crawling, wom:jump_key_up] for wom:aqua_maneuvre
[08:37:38] [Server thread/INFO]: Data keys [wom:stage, wom:wall_running, wom:verso, wom:consumprion_value, wom:timer, wom:active, wom:buffing, wom:wall_glide] for wom:natural_sprinter
[08:37:38] [Server thread/INFO]: Data keys [wom:timer] for wom:lunatic_vivacity
[08:37:38] [Server thread/INFO]: Data keys [wom:consumprion_value, wom:registered_health, wom:timer] for wom:voodoo_magic
[08:37:38] [Server thread/INFO]: Data keys [wom:target_id, wom:target_distance] for wom:back_and_forth
[08:37:38] [Server thread/INFO]: Data keys [wom:combo, wom:cooldown] for wom:shooting_style
[08:37:38] [Server thread/INFO]: Data keys [wom:timer, wom:active] for wom:proximity_exploiter
[08:37:38] [Server thread/INFO]: Data keys [wom:timer, wom:stack] for wom:all_eyes_on_you
[08:37:38] [Server thread/INFO]: Data keys [wom:timer, wom:stack] for wom:all_eyes_on_me
[08:37:38] [Server thread/INFO]: Data keys [wom:timer, wom:cooldown] for wom:avatar_of_might
[08:37:38] [Server thread/INFO]: Data keys [wom:attacks, wom:active, wom:stack] for wom:agony_plunge
[08:37:38] [Server thread/INFO]: Data keys [wom:timer_refresh, wom:charging_time, wom:charging, wom:saved_charge, wom:charged_attack, wom:timer, wom:active, wom:movespeed, wom:charged] for wom:torment_passive
[08:37:38] [Server thread/INFO]: Data keys [wom:timer_refresh, wom:timer, wom:active] for wom:true_berserk
[08:37:38] [Server thread/INFO]: Data keys [wom:stack] for wom:herrscher_passive
[08:37:38] [Server thread/INFO]: Data keys [wom:timer_refresh, wom:buffed, wom:redemptioon, wom:verso, wom:strenght, wom:timer, wom:buffing, wom:expiation] for wom:plunder_perdition
[08:37:38] [Server thread/INFO]: Data keys [wom:sheath] for wom:satsujin_passive
[08:37:38] [Server thread/INFO]: Data keys [wom:damage, wom:active, wom:frequency, wom:timer_refresh, wom:attacks, wom:charge, wom:timedslash, wom:charging, wom:holding_stance, wom:saved_charge, wom:timer, wom:cooldown, wom:second_draw, wom:stack] for wom:sakura_state
[08:37:38] [Server thread/INFO]: Data keys [wom:nofalldamage, wom:shoot, wom:combo, wom:zoom, wom:using_item, wom:cooldown, wom:reload_cooldown] for wom:ender_blast
[08:37:38] [Server thread/INFO]: Data keys [wom:nofalldamage, wom:shoot, wom:combo, wom:zoom, wom:using_item, wom:cooldown, wom:side, wom:reload_cooldown] for wom:ender_fusion
[08:37:38] [Server thread/INFO]: Data keys [wom:gesetz_sprengkopf, wom:charging_time, wom:guard_point, wom:guard_point_result, wom:combo, wom:holding_stance, wom:cooldown, wom:parrying, wom:charged] for wom:regierung
[08:37:38] [Server thread/INFO]: Data keys [wom:timer_refresh, wom:crescent, wom:echo, wom:lunar_eclipse_stack, wom:timer] for wom:lunar_eclipse
[08:37:38] [Server thread/INFO]: Data keys [wom:verso, wom:idle] for wom:lunar_echo_passive
[08:37:38] [Server thread/INFO]: Data keys [wom:ascending, wom:serius_focus_cooldown, wom:darkness_target, wom:shoot, wom:blackhole_timer, wom:zoom_cooldown, wom:zoom, wom:darkness_target_hited, wom:darkness_portal_timer, wom:active, wom:shoot_cooldown, wom:darkness_portal_angle, wom:blackhole_vec, wom:timer_refresh, wom:serius_focus, wom:witherccatharsis, wom:darkness_target_reaped, wom:darkness_portal_vec, wom:timer, wom:witheraftereffect, wom:blackhole_active, wom:darkness_target_vec, wom:blackhole, wom:darkness_activate_portal] for wom:demonic_ascension
[08:37:38] [Server thread/INFO]: Data keys [wom:blink, wom:basic_attack, wom:idle, wom:particle, wom:lapse, wom:withercurse, wom:catharsis] for wom:demon_mark_passive
[08:37:38] [Server thread/INFO]: Data keys [wom:solar_obscuridad, wom:heat_level, wom:heating_speed, wom:solar_crematorio, wom:particle, wom:timer_refresh, wom:cycle, wom:solar_obscuridad_ta_timer, wom:charge, wom:charging, wom:timer, wom:timed_attack, wom:stored_heat_level, wom:solar_infernio] for wom:solar_arcano
[08:37:38] [Server thread/INFO]: Data keys [wom:solar_obscuridad, wom:heat_level, wom:heating_speed, wom:solar_crematorio, wom:particle, wom:timer_refresh, wom:cycle, wom:solar_obscuridad_ta_timer, wom:charge, wom:charging, wom:timer, wom:timed_attack, wom:stored_heat_level, wom:solar_infernio] for wom:solar_passive
[08:37:38] [Server thread/INFO]: Data keys [wom:serius_focus, wom:serius_focus_cooldown] for wom:rechargement
[08:37:38] [Server thread/INFO]: Data keys [wom:bullet_loaded, wom:bullet_overloaded, wom:shell_anim, wom:shell_number, wom:shell_delay, wom:bullet_loaded_old, wom:active, wom:super_reload] for wom:napoleon_passive
[08:37:38] [Server thread/INFO]: Data keys [efn:scythe_blood_power, efn:scythe_sheath] for efn:scythe_skill
[08:37:38] [Server thread/INFO]: Data keys [efn:thornwheel_loop_available, efn:thornwheel_loop, efn:press_innate] for efn:thornwheel
[08:37:38] [Server thread/INFO]: Data keys [efn:jump_key_pressed_last_tick, efn:murasama_forward_dodge, efn:jump_count] for efn:murasama_dodge
[08:37:38] [Server thread/INFO]: Data keys [efn:base_puncture_chance, efn:max_puncture_chance, efn:current_puncture_chance, efn:puncture_increment] for efn:parry_master
[08:37:38] [Server thread/INFO]: Data keys [efn:buff_end_tick, efn:buff_active, efn:defense_start_tick] for efn:precise_parry
[08:37:38] [Server thread/INFO]: Data keys [efn:cooldown, efn:cooldown_1, efn:cooldown_2] for efn:judgementcutend
[08:37:38] [Server thread/INFO]: Data keys [efn:cooldown, efn:cooldown_1, efn:cooldown_2] for efn:stomp
[08:37:38] [Server thread/INFO]: Data keys [efn:arts_key_pressed, efn:murasama_zandatsu_available, efn:murasama_zansetsu_sector, efn:murasama_last_triggered_sector, efn:murasama_zansetsu_end_time, efn:murasama_key_left_down, efn:murasama_input_mode_switch_pressed, efn:murasama_pair_flag, efn:murasama_zansetsu_input_mode, efn:murasama_zansetsu_timer, efn:murasama_zansetsu_attack_counter, efn:murasama_key_right_down, efn:murasama_zansetsu_start_time, efn:murasama_zandatsu_end_time, efn:murasama_zandatsu_start_time, efn:murasama_left_mouse_pressed, efn:arts_key, efn:murasama_zansetsu_active, efn:murasama_opposite_triggered, efn:murasama_zansetsu_slash_release] for efn:zansetsu
[08:37:38] [Server thread/INFO]: Data keys [efn:cooldown, efn:cooldown_1, efn:cooldown_2] for efn:execution
[08:37:38] [Server thread/INFO]: Data keys [epicfight:penalty, efn:efn_parry_motion_counter, efn:efn_last_successful_defense_tick, efn:efn_shake_detected, efn:efn_first_shake, efn:efn_last_guard_start_tick, efn:efn_last_parry_time, epicfight:penalty_restore_counter, efn:efn_last_active, efn:efn_shake_penalty_count, efn:efn_starting_parry, efn:efn_delay_protection_end] for efn:efn_parry
[08:37:38] [Server thread/INFO]: Data keys [epicfight:penalty, efn:efn_parry_motion_counter, efn:efn_last_successful_defense_tick, efn:efn_shake_detected, efn:efn_first_shake, efn:efn_last_guard_start_tick, efn:efn_last_parry_time, epicfight:penalty_restore_counter, efn:efn_last_active, efn:efn_shake_penalty_count, efn:efn_starting_parry, efn:efn_delay_protection_end] for efn:murasama_parry
[08:37:38] [Server thread/INFO]: Data keys [efn:arts_key_pressed, efn:cooldown, efn:arts_input_buffer, efn:cooldown_1, efn:sekiro_art_index, efn:cooldown_2, efn:arts_key] for efn:mortal_blade
[08:37:38] [Server thread/INFO]: Data keys [efn:key3_press_timer, efn:pressing_key3, invincible:cooldown, invincible:right, invincible:left, efn:guard_key, invincible:parry_timer, efn:is_pressing, efn:pressing_key1, efn:arts_key_pressed, efn:is_charging, efn:charge_ticks, efn:doppelganger_delay, efn:cooldown_2, efn:angel_key, efn:press_innate, efn:pressing_innate, efn:combo_counter, efn:sneak_key, efn:cooldown, invincible:down, efn:demon_key, efn:arts_key, efn:pressing_key2, efn:jump_key, efn:force_release, efn:press_summon_sword, efn:press_key2, invincible:dodge_success_timer, efn:have_doppelganger, efn:charge_stage, efn:key2_press_timer, efn:press_key4, efn:doppelganger_style, efn:energy_check, efn:press_doppelganger, efn:charge_power, efn:press_key3, efn:sprint_key, efn:up_key, efn:was_long_pressed, efn:charge_message, invincible:up, efn:cooldown_1, efn:full_charge_message, efn:key4_press_timer, efn:key1_press_timer, efn:press_key1, efn:pressing_key4, efn:doppelganger_tick, efn:down_key, efn:innate_press_timer] for efn:yamato
[08:37:38] [Server thread/INFO]: Data keys [efn:doppelganger_tick, efn:doppelganger_style, efn:have_doppelganger, efn:stun_cooldown, efn:doppelganger_delay, efn:parry_cooldown] for efn:yamato_passive
[08:37:38] [Server thread/INFO]: Data keys [efn:key3_press_timer, efn:damage_history, efn:pressing_key3, invincible:cooldown, invincible:right, invincible:left, efn:is_replay_damage, efn:guard_key, efn:replay_enhanced, invincible:parry_timer, efn:is_pressing, efn:pressing_key1, efn:arts_key_pressed, efn:is_charging, efn:charge_ticks, efn:cooldown_2, efn:angel_key, efn:press_innate, efn:pressing_innate, efn:combo_counter, efn:sneak_key, efn:cooldown, invincible:down, efn:demon_key, efn:arts_key, efn:pressing_key2, efn:jump_key, efn:force_release, efn:press_summon_sword, efn:press_key2, invincible:dodge_success_timer, efn:charge_stage, efn:key2_press_timer, efn:press_key4, efn:energy_check, efn:charge_power, efn:press_key3, efn:sprint_key, efn:up_key, efn:was_long_pressed, efn:charge_message, invincible:up, efn:cooldown_1, efn:full_charge_message, efn:key4_press_timer, efn:key1_press_timer, efn:press_key1, efn:pressing_key4, efn:down_key, efn:innate_press_timer] for efn:shortsword
[08:37:38] [Server thread/INFO]: Data keys [efn:key3_press_timer, efn:force_release, efn:press_summon_sword, efn:press_key2, invincible:dodge_success_timer, efn:charge_stage, efn:pressing_key3, efn:key2_press_timer, invincible:cooldown, invincible:right, invincible:left, efn:press_key4, efn:energy_check, efn:guard_key, invincible:parry_timer, efn:is_pressing, efn:pressing_key1, efn:charge_power, efn:arts_key_pressed, efn:press_key3, efn:sprint_key, efn:up_key, efn:was_long_pressed, efn:is_charging, efn:charge_message, invincible:up, efn:charge_ticks, efn:cooldown_1, efn:cooldown_2, efn:angel_key, efn:press_innate, efn:pressing_innate, efn:full_charge_message, efn:key4_press_timer, efn:key1_press_timer, efn:combo_counter, efn:press_key1, efn:pressing_key4, efn:down_key, efn:sneak_key, efn:cooldown, efn:innate_press_timer, invincible:down, efn:demon_key, efn:arts_key, efn:pressing_key2, efn:jump_key] for efn:ruinsgreatsword
[08:37:38] [Server thread/INFO]: Data keys [efn:key3_press_timer, efn:force_release, efn:press_summon_sword, efn:press_key2, invincible:dodge_success_timer, efn:charge_stage, efn:pressing_key3, efn:key2_press_timer, invincible:cooldown, invincible:right, invincible:left, efn:press_key4, efn:energy_check, efn:guard_key, invincible:parry_timer, efn:is_pressing, efn:pressing_key1, efn:charge_power, efn:arts_key_pressed, efn:press_key3, efn:sprint_key, efn:up_key, efn:was_long_pressed, efn:is_charging, efn:charge_message, invincible:up, efn:charge_ticks, efn:cooldown_1, efn:cooldown_2, efn:angel_key, efn:press_innate, efn:pressing_innate, efn:full_charge_message, efn:key4_press_timer, efn:key1_press_timer, efn:combo_counter, efn:press_key1, efn:pressing_key4, efn:down_key, efn:sneak_key, efn:cooldown, efn:innate_press_timer, invincible:down, efn:demon_key, efn:arts_key, efn:pressing_key2, efn:jump_key] for efn:pioneer
[08:37:38] [Server thread/INFO]: Data keys [efn:murasama_zandatsu_available, efn:key3_press_timer, efn:murasama_zansetsu_end_time, efn:pressing_key3, invincible:cooldown, invincible:right, invincible:left, efn:murasama_zansetsu_input_mode, efn:murasama_zansetsu_timer, efn:murasama_air_borne, efn:manual_unsheath, efn:guard_key, efn:murasama_zansetsu_start_time, efn:murasama_sheath, efn:murasama_zandatsu_start_time, invincible:parry_timer, efn:murasama_left_mouse_pressed, efn:is_pressing, efn:murasama_zansetsu_slash_release, efn:pressing_key1, efn:arts_key_pressed, efn:murasama_forward_dodge, efn:is_charging, efn:charge_ticks, efn:cooldown_2, efn:angel_key, efn:press_innate, efn:pressing_innate, efn:combo_counter, efn:sneak_key, efn:cooldown, invincible:down, efn:murasama_zandatsu_end_time, efn:murasama_zansetsu_active, efn:demon_key, efn:arts_key, efn:pressing_key2, efn:jump_key, efn:murasama_zansetsu_sector, efn:force_release, efn:murasama_last_triggered_sector, efn:sprint_sheath_timer, efn:press_summon_sword, efn:press_key2, invincible:dodge_success_timer, efn:murasama_input_mode_switch_pressed, efn:charge_stage, efn:key2_press_timer, efn:press_key4, efn:energy_check, efn:murasama_sheath_timer, efn:charge_power, efn:press_key3, efn:sprint_key, efn:up_key, efn:was_long_pressed, efn:charge_message, invincible:up, efn:murasama_key_left_down, efn:cooldown_1, efn:murasama_pair_flag, efn:full_charge_message, efn:key4_press_timer, efn:key1_press_timer, efn:press_key1, efn:pressing_key4, efn:murasama_zansetsu_attack_counter, efn:down_key, efn:innate_press_timer, efn:murasama_key_right_down, efn:murasama_opposite_triggered] for efn:murasama
[08:37:38] [Server thread/INFO]: Data keys [efn:murasama_zandatsu_available, efn:murasama_zansetsu_sector, efn:jump_count, efn:murasama_last_triggered_sector, efn:murasama_zansetsu_end_time, efn:sprint_sheath_timer, efn:murasama_input_mode_switch_pressed, efn:murasama_zansetsu_input_mode, efn:forward_backward_end_tick, efn:murasama_zansetsu_timer, efn:is_double_tap_sprint, efn:double_tap_timer, efn:manual_unsheath, efn:murasama_zansetsu_start_time, efn:up_key_pressed_last_tick, efn:murasama_sheath, efn:murasama_sheath_timer, efn:murasama_zandatsu_start_time, efn:murasama_left_mouse_pressed, efn:murasama_zansetsu_slash_release, efn:murasama_forward_dodge, efn:forward_backward_window_active, efn:murasama_key_left_down, efn:forward_backward_timer, efn:murasama_pair_flag, efn:jump_key_pressed_last_tick, efn:murasama_zansetsu_attack_counter, efn:forward_backward_success, efn:forward_pressed_last_tick, efn:was_double_tap_sprint, efn:murasama_key_right_down, efn:forward_backward_remaining_ticks, efn:murasama_zandatsu_end_time, efn:backward_pressed_last_tick, efn:murasama_zansetsu_active, efn:murasama_opposite_triggered] for efn:murasama_passive
[08:37:38] [Server thread/INFO]: Data keys [efn:key3_press_timer, efn:force_release, efn:press_summon_sword, efn:press_key2, invincible:dodge_success_timer, efn:charge_stage, efn:pressing_key3, efn:key2_press_timer, invincible:cooldown, invincible:right, invincible:left, efn:press_key4, efn:energy_check, efn:guard_key, invincible:parry_timer, efn:is_pressing, efn:pressing_key1, efn:charge_power, efn:arts_key_pressed, efn:press_key3, efn:sprint_key, efn:up_key, efn:was_long_pressed, efn:is_charging, efn:charge_message, invincible:up, efn:charge_ticks, efn:cooldown_1, efn:cooldown_2, efn:angel_key, efn:press_innate, efn:pressing_innate, efn:full_charge_message, efn:key4_press_timer, efn:key1_press_timer, efn:combo_counter, efn:press_key1, efn:pressing_key4, efn:down_key, efn:sneak_key, efn:cooldown, efn:innate_press_timer, invincible:down, efn:demon_key, efn:arts_key, efn:pressing_key2, efn:jump_key] for efn:meenlance
[08:37:38] [Server thread/INFO]: Data keys [efn:key3_press_timer, efn:force_release, efn:press_summon_sword, efn:press_key2, invincible:dodge_success_timer, efn:charge_stage, efn:pressing_key3, efn:key2_press_timer, invincible:cooldown, invincible:right, invincible:left, efn:press_key4, efn:energy_check, efn:guard_key, invincible:parry_timer, efn:is_pressing, efn:pressing_key1, efn:charge_power, efn:arts_key_pressed, efn:press_key3, efn:sprint_key, efn:up_key, efn:was_long_pressed, efn:is_charging, efn:charge_message, invincible:up, efn:charge_ticks, efn:cooldown_1, efn:cooldown_2, efn:angel_key, efn:press_innate, efn:pressing_innate, efn:full_charge_message, efn:key4_press_timer, efn:key1_press_timer, efn:combo_counter, efn:press_key1, efn:pressing_key4, efn:down_key, efn:sneak_key, efn:cooldown, efn:innate_press_timer, invincible:down, efn:demon_key, efn:arts_key, efn:pressing_key2, efn:jump_key] for efn:kusabimaru
[08:37:38] [Server thread/INFO]: Data keys [efn:murasama_zandatsu_available, efn:key3_press_timer, efn:murasama_zansetsu_end_time, efn:pressing_key3, invincible:cooldown, invincible:right, invincible:left, efn:murasama_zansetsu_input_mode, efn:murasama_zansetsu_timer, efn:murasama_air_borne, efn:manual_unsheath, efn:guard_key, efn:murasama_zansetsu_start_time, efn:murasama_sheath, efn:murasama_zandatsu_start_time, invincible:parry_timer, efn:murasama_left_mouse_pressed, efn:is_pressing, efn:murasama_zansetsu_slash_release, efn:pressing_key1, efn:arts_key_pressed, efn:murasama_forward_dodge, efn:is_charging, efn:charge_ticks, efn:cooldown_2, efn:angel_key, efn:press_innate, efn:pressing_innate, efn:combo_counter, efn:sneak_key, efn:cooldown, invincible:down, efn:murasama_zandatsu_end_time, efn:murasama_zansetsu_active, efn:demon_key, efn:arts_key, efn:pressing_key2, efn:jump_key, efn:murasama_zansetsu_sector, efn:force_release, efn:murasama_last_triggered_sector, efn:sprint_sheath_timer, efn:press_summon_sword, efn:press_key2, invincible:dodge_success_timer, efn:murasama_input_mode_switch_pressed, efn:charge_stage, efn:key2_press_timer, efn:press_key4, efn:energy_check, efn:murasama_sheath_timer, efn:charge_power, efn:press_key3, efn:sprint_key, efn:up_key, efn:was_long_pressed, efn:charge_message, invincible:up, efn:murasama_key_left_down, efn:cooldown_1, efn:murasama_pair_flag, efn:full_charge_message, efn:key4_press_timer, efn:key1_press_timer, efn:press_key1, efn:pressing_key4, efn:murasama_zansetsu_attack_counter, efn:down_key, efn:innate_press_timer, efn:murasama_key_right_down, efn:murasama_opposite_triggered] for efn:hf_blade
[08:37:38] [Server thread/INFO]: Data keys [efn:murasama_zandatsu_available, efn:murasama_zansetsu_sector, efn:jump_count, efn:murasama_last_triggered_sector, efn:murasama_zansetsu_end_time, efn:sprint_sheath_timer, efn:murasama_input_mode_switch_pressed, efn:murasama_zansetsu_input_mode, efn:forward_backward_end_tick, efn:murasama_zansetsu_timer, efn:is_double_tap_sprint, efn:double_tap_timer, efn:manual_unsheath, efn:murasama_zansetsu_start_time, efn:up_key_pressed_last_tick, efn:murasama_sheath, efn:murasama_sheath_timer, efn:murasama_zandatsu_start_time, efn:murasama_left_mouse_pressed, efn:murasama_zansetsu_slash_release, efn:murasama_forward_dodge, efn:forward_backward_window_active, efn:murasama_key_left_down, efn:forward_backward_timer, efn:murasama_pair_flag, efn:jump_key_pressed_last_tick, efn:murasama_zansetsu_attack_counter, efn:forward_backward_success, efn:forward_pressed_last_tick, efn:was_double_tap_sprint, efn:murasama_key_right_down, efn:forward_backward_remaining_ticks, efn:murasama_zandatsu_end_time, efn:backward_pressed_last_tick, efn:murasama_zansetsu_active, efn:murasama_opposite_triggered] for efn:hf_blade_passive
[08:37:38] [Server thread/INFO]: Data keys [efn:key3_press_timer, efn:force_release, efn:press_summon_sword, efn:press_key2, invincible:dodge_success_timer, efn:charge_stage, efn:pressing_key3, efn:key2_press_timer, invincible:cooldown, invincible:right, invincible:left, efn:press_key4, efn:energy_check, efn:guard_key, invincible:parry_timer, efn:is_pressing, efn:pressing_key1, efn:charge_power, efn:arts_key_pressed, efn:press_key3, efn:sprint_key, efn:up_key, efn:was_long_pressed, efn:is_charging, efn:charge_message, invincible:up, efn:charge_ticks, efn:cooldown_1, efn:cooldown_2, efn:angel_key, efn:press_innate, efn:pressing_innate, efn:full_charge_message, efn:key4_press_timer, efn:key1_press_timer, efn:combo_counter, efn:press_key1, efn:pressing_key4, efn:down_key, efn:sneak_key, efn:cooldown, efn:innate_press_timer, invincible:down, efn:demon_key, efn:arts_key, efn:pressing_key2, efn:jump_key] for efn:exsiliumgladius
[08:37:38] [Server thread/INFO]: Data keys [invincible:up, invincible:dodge_success_timer, invincible:down, invincible:cooldown, invincible:right, invincible:left, invincible:parry_timer] for efn:examplecombo
[08:37:38] [Server thread/INFO]: Data keys [efn:key3_press_timer, efn:force_release, efn:press_summon_sword, efn:press_key2, invincible:dodge_success_timer, efn:charge_stage, efn:pressing_key3, efn:key2_press_timer, invincible:cooldown, invincible:right, invincible:left, efn:press_key4, efn:energy_check, efn:guard_key, invincible:parry_timer, efn:is_pressing, efn:pressing_key1, efn:charge_power, efn:arts_key_pressed, efn:press_key3, efn:sprint_key, efn:up_key, efn:was_long_pressed, efn:is_charging, efn:charge_message, invincible:up, efn:charge_ticks, efn:cooldown_1, efn:cooldown_2, efn:angel_key, efn:press_innate, efn:pressing_innate, efn:full_charge_message, efn:key4_press_timer, efn:key1_press_timer, efn:combo_counter, efn:press_key1, efn:pressing_key4, efn:down_key, efn:sneak_key, efn:cooldown, efn:innate_press_timer, invincible:down, efn:demon_key, efn:arts_key, efn:pressing_key2, efn:jump_key] for efn:crescentmoon
[08:37:38] [Server thread/INFO]: Data keys [efn:key3_press_timer, efn:force_release, efn:press_summon_sword, efn:press_key2, invincible:dodge_success_timer, efn:charge_stage, efn:pressing_key3, efn:key2_press_timer, invincible:cooldown, invincible:right, invincible:left, efn:press_key4, efn:energy_check, efn:guard_key, invincible:parry_timer, efn:is_pressing, efn:pressing_key1, efn:charge_power, efn:arts_key_pressed, efn:press_key3, efn:sprint_key, efn:up_key, efn:was_long_pressed, efn:is_charging, efn:charge_message, invincible:up, efn:charge_ticks, efn:cooldown_1, efn:cooldown_2, efn:angel_key, efn:press_innate, efn:pressing_innate, efn:full_charge_message, efn:key4_press_timer, efn:key1_press_timer, efn:combo_counter, efn:press_key1, efn:pressing_key4, efn:down_key, efn:sneak_key, efn:cooldown, efn:innate_press_timer, invincible:down, efn:demon_key, efn:arts_key, efn:pressing_key2, efn:jump_key] for efn:broadblade
[08:37:38] [Server thread/INFO]: Data keys [efn:key3_press_timer, efn:force_release, efn:press_summon_sword, efn:press_key2, invincible:dodge_success_timer, efn:charge_stage, efn:pressing_key3, efn:key2_press_timer, invincible:cooldown, invincible:right, invincible:left, efn:press_key4, efn:energy_check, efn:guard_key, invincible:parry_timer, efn:is_pressing, efn:pressing_key1, efn:charge_power, efn:arts_key_pressed, efn:press_key3, efn:sprint_key, efn:up_key, efn:was_long_pressed, efn:is_charging, efn:charge_message, invincible:up, efn:charge_ticks, efn:cooldown_1, efn:cooldown_2, efn:angel_key, efn:press_innate, efn:pressing_innate, efn:full_charge_message, efn:key4_press_timer, efn:key1_press_timer, efn:combo_counter, efn:press_key1, efn:pressing_key4, efn:down_key, efn:sneak_key, efn:cooldown, efn:innate_press_timer, invincible:down, efn:demon_key, efn:arts_key, efn:pressing_key2, efn:jump_key] for efn:bloodlust
[08:37:38] [Server thread/INFO]: Data keys [efn:key3_press_timer, efn:force_release, efn:press_summon_sword, efn:press_key2, invincible:dodge_success_timer, efn:charge_stage, efn:pressing_key3, efn:key2_press_timer, invincible:cooldown, invincible:right, invincible:left, efn:press_key4, efn:energy_check, efn:guard_key, invincible:parry_timer, efn:is_pressing, efn:pressing_key1, efn:charge_power, efn:arts_key_pressed, efn:press_key3, efn:sprint_key, efn:up_key, efn:was_long_pressed, efn:is_charging, efn:charge_message, invincible:up, efn:charge_ticks, efn:cooldown_1, efn:cooldown_2, efn:angel_key, efn:press_innate, efn:pressing_innate, efn:full_charge_message, efn:key4_press_timer, efn:key1_press_timer, efn:combo_counter, efn:press_key1, efn:pressing_key4, efn:down_key, efn:sneak_key, efn:cooldown, efn:innate_press_timer, invincible:down, efn:demon_key, efn:arts_key, efn:pressing_key2, efn:jump_key] for efn:beastclaw
[08:37:38] [Server thread/INFO]: Data keys [efn:key3_press_timer, efn:force_release, efn:press_summon_sword, efn:press_key2, invincible:dodge_success_timer, efn:charge_stage, efn:pressing_key3, efn:key2_press_timer, invincible:cooldown, invincible:right, invincible:left, efn:press_key4, efn:energy_check, efn:guard_key, invincible:parry_timer, efn:is_pressing, efn:pressing_key1, efn:charge_power, efn:arts_key_pressed, efn:press_key3, efn:sprint_key, efn:up_key, efn:was_long_pressed, efn:is_charging, efn:charge_message, invincible:up, efn:charge_ticks, efn:cooldown_1, efn:cooldown_2, efn:angel_key, efn:press_innate, efn:pressing_innate, efn:full_charge_message, efn:key4_press_timer, efn:key1_press_timer, efn:combo_counter, efn:press_key1, efn:pressing_key4, efn:down_key, efn:sneak_key, efn:cooldown, efn:innate_press_timer, invincible:down, efn:demon_key, efn:arts_key, efn:pressing_key2, efn:jump_key] for efn:aetherialdusk
[08:37:38] [Server thread/INFO]: Data keys [epicfightx:dodge_attacking] for epicfightx:roll
[08:37:38] [Server thread/INFO]: Data keys [epicfightx:dodge_attacking] for epicfightx:step
[08:37:38] [Server thread/INFO]: Data keys [epicfightx:dodge_start_time, epicfightx:counter_available, epicfightx:is_special_animation] for epicfightx:combat_mastery_i
[08:37:38] [Server thread/INFO]: Data keys [epicfightx:dodge_start_time, epicfightx:sprint_available, epicfightx:sprint_active] for epicfightx:combat_mastery_ii
[08:37:38] [Server thread/INFO]: Data keys [epicfightx:cooldown] for epicfightx:pickaxe_skill
[08:37:38] [Server thread/INFO]: Data keys [epicfightx:great_tachi_marked_entities] for epicfightx:otachi_skill
[08:37:38] [Server thread/INFO]: Data keys [epicfightx:sheath_form, epicfightx:attack_count_snapshot, epicfightx:attack_count] for epicfightx:katana_skill
[08:37:38] [Server thread/INFO]: Data keys [epicfightx:sheath_killed, epicfightx:sheath] for epicfightx:battojutsu_passive
[08:37:38] [Server thread/INFO]: Data keys [epicfightx:sheath] for epicfightx:battojutsu
[08:37:38] [Render thread/INFO]: TitleScreen opened, checking for warning...
[08:37:38] [Render thread/INFO]: Mod 'aaa_particles' installed: false
[08:37:38] [Render thread/INFO]: Warning check - Enabled: true, Already shown: true
[08:37:38] [Render thread/INFO]: Mod 'aaa_particles' installed: false
[08:37:38] [Render thread/INFO]: Should show warning: false (Target mod installed: false)
